date,commodity,weeks,coverage_level,coverage_price,F,producer_prem,cme_put,gap,gap_pct,source
2026-06-22,feeder,13,0.75,304.3,366.5,0.159,0.1511,-0.0079,-0.003,backfill_yahoo
2026-06-22,feeder,13,0.8,324.58,366.5,0.331,0.8058,0.4748,0.146,backfill_yahoo
2026-06-22,feeder,13,0.85,344.87,366.5,0.845,3.2428,2.3978,0.695,backfill_yahoo
2026-06-22,feeder,13,0.9,355.01,366.5,1.333,5.8277,4.4947,1.266,backfill_yahoo
2026-06-22,feeder,13,0.95,375.3,366.5,3.651,15.4053,11.7543,3.132,backfill_yahoo
2026-06-22,feeder,13,1.0,397.61,366.5,9.993,32.4578,22.4648,5.65,backfill_yahoo
2026-06-22,feeder,17,0.75,302.16,364.23,0.317,0.3644,0.0474,0.016,backfill_yahoo
2026-06-22,feeder,17,0.8,322.3,364.23,0.72,1.3957,0.6757,0.21,backfill_yahoo
2026-06-22,feeder,17,0.85,342.45,364.23,1.641,4.3676,2.7266,0.796,backfill_yahoo
2026-06-22,feeder,17,0.9,352.52,364.23,2.501,7.1388,4.6378,1.316,backfill_yahoo
2026-06-22,feeder,17,0.95,372.66,364.23,5.707,16.5668,10.8598,2.914,backfill_yahoo
2026-06-22,feeder,17,1.0,394.82,364.23,12.896,32.7943,19.8983,5.04,backfill_yahoo
2026-06-22,feeder,21,0.75,299.44,361.63,0.525,0.6446,0.1196,0.04,backfill_yahoo
2026-06-22,feeder,21,0.8,319.41,361.63,1.127,2.0023,0.8753,0.274,backfill_yahoo
2026-06-22,feeder,21,0.85,339.37,361.63,2.39,5.3243,2.9343,0.865,backfill_yahoo
2026-06-22,feeder,21,0.9,349.35,361.63,3.53,8.1746,4.6446,1.33,backfill_yahoo
2026-06-22,feeder,21,0.95,369.31,361.63,7.166,17.3452,10.1792,2.756,backfill_yahoo
2026-06-22,feeder,21,1.0,391.27,361.63,14.606,32.8076,18.2016,4.652,backfill_yahoo
2026-06-22,feeder,26,0.75,295.77,358.18,0.843,1.0585,0.2155,0.073,backfill_yahoo
2026-06-22,feeder,26,0.8,315.49,358.18,1.697,2.7533,1.0563,0.335,backfill_yahoo
2026-06-22,feeder,26,0.85,335.21,358.18,3.39,6.3705,2.9805,0.889,backfill_yahoo
2026-06-22,feeder,26,0.9,345.07,358.18,4.676,9.2577,4.5817,1.328,backfill_yahoo
2026-06-22,feeder,26,0.95,364.78,358.18,9.076,18.0816,9.0056,2.469,backfill_yahoo
2026-06-22,feeder,26,1.0,386.47,358.18,17.167,32.7155,15.5485,4.023,backfill_yahoo
2026-06-22,feeder,30,0.75,294.36,355.54,1.13,1.5217,0.3917,0.133,backfill_yahoo
2026-06-22,feeder,30,0.8,313.98,355.54,2.141,3.5616,1.4206,0.452,backfill_yahoo
2026-06-22,feeder,30,0.85,333.61,355.54,4.018,7.5601,3.5421,1.062,backfill_yahoo
2026-06-22,feeder,30,0.9,343.42,355.54,5.384,10.5993,5.2153,1.519,backfill_yahoo
2026-06-22,feeder,30,0.95,363.04,355.54,9.896,19.6005,9.7045,2.673,backfill_yahoo
2026-06-22,feeder,30,1.0,384.63,355.54,17.841,34.0669,16.2259,4.219,backfill_yahoo
2026-06-22,feeder,34,0.75,292.5,353.81,1.313,1.9455,0.6325,0.216,backfill_yahoo
2026-06-22,feeder,34,0.8,312.0,353.81,2.448,4.2043,1.7563,0.563,backfill_yahoo
2026-06-22,feeder,34,0.85,331.5,353.81,4.61,8.3618,3.7518,1.132,backfill_yahoo
2026-06-22,feeder,34,0.9,341.25,353.81,6.147,11.4169,5.2699,1.544,backfill_yahoo
2026-06-22,feeder,34,0.95,360.75,353.81,10.938,20.2426,9.3046,2.579,backfill_yahoo
2026-06-22,feeder,34,1.0,382.2,353.81,19.455,34.2873,14.8323,3.881,backfill_yahoo
2026-06-22,feeder,39,0.75,291.01,351.78,1.639,2.5677,0.9287,0.319,backfill_yahoo
2026-06-22,feeder,39,0.8,310.41,351.78,2.912,5.1233,2.2113,0.712,backfill_yahoo
2026-06-22,feeder,39,0.85,329.81,351.78,5.218,9.5365,4.3185,1.309,backfill_yahoo
2026-06-22,feeder,39,0.9,339.51,351.78,6.798,12.6638,5.8658,1.728,backfill_yahoo
2026-06-22,feeder,39,0.95,358.91,351.78,11.583,21.4791,9.8961,2.757,backfill_yahoo
2026-06-22,feeder,39,1.0,380.25,351.78,19.828,35.24,15.412,4.053,backfill_yahoo
2026-06-22,feeder,43,0.75,289.86,350.49,2.168,3.0679,0.8999,0.31,backfill_yahoo
2026-06-22,feeder,43,0.8,309.19,350.49,3.664,5.8164,2.1524,0.696,backfill_yahoo
2026-06-22,feeder,43,0.85,328.51,350.49,6.223,10.3719,4.1489,1.263,backfill_yahoo
2026-06-22,feeder,43,0.9,338.17,350.49,8.156,13.5256,5.3696,1.588,backfill_yahoo
2026-06-22,feeder,43,0.95,357.5,350.49,13.376,22.2757,8.8997,2.489,backfill_yahoo
2026-06-22,feeder,43,1.0,378.75,350.49,21.924,35.7904,13.8664,3.661,backfill_yahoo
2026-06-22,feeder,47,0.75,288.3,348.77,2.653,3.5695,0.9165,0.318,backfill_yahoo
2026-06-22,feeder,47,0.8,307.52,348.77,4.479,6.4794,2.0004,0.651,backfill_yahoo
2026-06-22,feeder,47,0.85,326.74,348.77,7.277,11.1426,3.8656,1.183,backfill_yahoo
2026-06-22,feeder,47,0.9,336.35,348.77,9.21,14.3079,5.0979,1.516,backfill_yahoo
2026-06-22,feeder,47,0.95,355.57,348.77,14.324,22.9598,8.6358,2.429,backfill_yahoo
2026-06-22,feeder,47,1.0,376.72,348.77,22.659,36.2331,13.5741,3.603,backfill_yahoo
2026-06-22,feeder,52,0.75,287.91,348.59,3.394,4.219,0.825,0.287,backfill_yahoo
2026-06-22,feeder,52,0.8,307.11,348.59,5.477,7.318,1.841,0.599,backfill_yahoo
2026-06-22,feeder,52,0.85,326.3,348.59,8.522,12.1063,3.5843,1.098,backfill_yahoo
2026-06-22,feeder,52,0.9,335.9,348.59,10.628,15.2906,4.6626,1.388,backfill_yahoo
2026-06-22,feeder,52,0.95,355.09,348.59,16.171,23.8524,7.6814,2.163,backfill_yahoo
2026-06-22,feeder,52,1.0,376.21,348.59,24.784,36.8952,12.1112,3.219,backfill_yahoo
2026-06-23,feeder,13,0.75,302.76,369.91,0.17,0.103,-0.067,-0.022,backfill_yahoo
2026-06-23,feeder,13,0.8,322.94,369.91,0.352,0.5692,0.2172,0.067,backfill_yahoo
2026-06-23,feeder,13,0.85,343.13,369.91,0.823,2.4014,1.5784,0.46,backfill_yahoo
2026-06-23,feeder,13,0.9,353.22,369.91,1.295,4.4348,3.1398,0.889,backfill_yahoo
2026-06-23,feeder,13,0.95,373.4,369.91,3.514,12.3285,8.8145,2.361,backfill_yahoo
2026-06-23,feeder,13,1.0,395.61,369.91,9.785,27.9352,18.1502,4.588,backfill_yahoo
2026-06-23,feeder,17,0.75,300.92,367.03,0.344,0.2843,-0.0597,-0.02,backfill_yahoo
2026-06-23,feeder,17,0.8,320.99,367.03,0.747,1.111,0.364,0.113,backfill_yahoo
2026-06-23,feeder,17,0.85,341.05,367.03,1.652,3.567,1.915,0.562,backfill_yahoo
2026-06-23,feeder,17,0.9,351.08,367.03,2.433,5.9207,3.4877,0.993,backfill_yahoo
2026-06-23,feeder,17,0.95,371.14,367.03,5.629,14.1142,8.4852,2.286,backfill_yahoo
2026-06-23,feeder,17,1.0,393.21,367.03,12.854,29.2614,16.4074,4.173,backfill_yahoo
2026-06-23,feeder,21,0.75,298.44,364.14,0.537,0.5385,0.0015,0.0,backfill_yahoo
2026-06-23,feeder,21,0.8,318.34,364.14,1.113,1.6921,0.5791,0.182,backfill_yahoo
2026-06-23,feeder,21,0.85,338.24,364.14,2.374,4.5757,2.2017,0.651,backfill_yahoo
2026-06-23,feeder,21,0.9,348.19,364.14,3.396,7.0952,3.6992,1.062,backfill_yahoo
2026-06-23,feeder,21,0.95,368.08,364.14,6.973,15.2828,8.3098,2.258,backfill_yahoo
2026-06-23,feeder,21,1.0,389.97,364.14,14.238,29.883,15.645,4.012,backfill_yahoo
2026-06-23,feeder,26,0.75,294.85,360.53,0.839,0.92,0.081,0.027,backfill_yahoo
2026-06-23,feeder,26,0.8,314.51,360.53,1.667,2.4112,0.7442,0.237,backfill_yahoo
2026-06-23,feeder,26,0.85,334.17,360.53,3.307,5.6392,2.3322,0.698,backfill_yahoo
2026-06-23,feeder,26,0.9,344.0,360.53,4.682,8.2486,3.5666,1.037,backfill_yahoo
2026-06-23,feeder,26,0.95,363.65,360.53,8.919,16.2379,7.3189,2.013,backfill_yahoo
2026-06-23,feeder,26,1.0,385.28,360.53,16.991,30.1397,13.1487,3.413,backfill_yahoo
2026-06-23,feeder,30,0.75,293.56,357.78,1.122,1.356,0.234,0.08,backfill_yahoo
2026-06-23,feeder,30,0.8,313.13,357.78,2.099,3.1917,1.0927,0.349,backfill_yahoo
2026-06-23,feeder,30,0.85,332.7,357.78,3.916,6.8272,2.9112,0.875,backfill_yahoo
2026-06-23,feeder,30,0.9,342.48,357.78,5.382,9.6175,4.2355,1.237,backfill_yahoo
2026-06-23,feeder,30,0.95,362.05,357.78,9.712,17.877,8.165,2.255,backfill_yahoo
2026-06-23,feeder,30,1.0,383.58,357.78,17.631,31.7081,14.0771,3.67,backfill_yahoo
2026-06-23,feeder,34,0.75,291.78,355.89,1.289,1.7679,0.4789,0.164,backfill_yahoo
2026-06-23,feeder,34,0.8,311.23,355.89,2.481,3.8349,1.3539,0.435,backfill_yahoo
2026-06-23,feeder,34,0.85,330.68,355.89,4.579,7.6712,3.0922,0.935,backfill_yahoo
2026-06-23,feeder,34,0.9,340.41,355.89,6.142,10.5133,4.3713,1.284,backfill_yahoo
2026-06-23,feeder,34,0.95,359.86,355.89,10.998,18.6854,7.6874,2.136,backfill_yahoo
2026-06-23,feeder,34,1.0,381.26,355.89,19.4,32.1809,12.7809,3.352,backfill_yahoo
2026-06-23,feeder,39,0.75,290.47,353.62,1.605,2.3895,0.7845,0.27,backfill_yahoo
2026-06-23,feeder,39,0.8,309.83,353.62,2.939,4.7787,1.8397,0.594,backfill_yahoo
2026-06-23,feeder,39,0.85,329.19,353.62,5.169,8.9283,3.7593,1.142,backfill_yahoo
2026-06-23,feeder,39,0.9,338.88,353.62,6.773,11.8877,5.1147,1.509,backfill_yahoo
2026-06-23,feeder,39,0.95,358.24,353.62,11.618,20.1743,8.5563,2.388,backfill_yahoo
2026-06-23,feeder,39,1.0,379.54,353.62,19.726,33.5038,13.7778,3.63,backfill_yahoo
2026-06-23,feeder,43,0.75,289.44,352.04,2.047,2.9052,0.8582,0.296,backfill_yahoo
2026-06-23,feeder,43,0.8,308.74,352.04,3.552,5.5165,1.9645,0.636,backfill_yahoo
2026-06-23,feeder,43,0.85,328.03,352.04,6.072,9.8621,3.7901,1.155,backfill_yahoo
2026-06-23,feeder,43,0.9,337.68,352.04,7.918,12.8837,4.9657,1.471,backfill_yahoo
2026-06-23,feeder,43,0.95,356.98,352.04,13.096,21.213,8.117,2.274,backfill_yahoo
2026-06-23,feeder,43,1.0,378.2,352.04,21.769,34.3925,12.6235,3.338,backfill_yahoo
2026-06-23,feeder,47,0.75,287.91,350.57,2.651,3.3758,0.7248,0.252,backfill_yahoo
2026-06-23,feeder,47,0.8,307.1,350.57,4.454,6.1355,1.6815,0.548,backfill_yahoo
2026-06-23,feeder,47,0.85,326.29,350.57,7.247,10.5751,3.3281,1.02,backfill_yahoo
2026-06-23,feeder,47,0.9,335.89,350.57,9.187,13.6013,4.4143,1.314,backfill_yahoo
2026-06-23,feeder,47,0.95,355.09,350.57,14.237,21.8064,7.5694,2.132,backfill_yahoo
2026-06-23,feeder,47,1.0,376.2,350.57,22.68,34.7206,12.0406,3.201,backfill_yahoo
2026-06-23,feeder,52,0.75,287.56,350.28,3.393,4.0247,0.6317,0.22,backfill_yahoo
2026-06-23,feeder,52,0.8,306.73,350.28,5.485,6.9862,1.5012,0.489,backfill_yahoo
2026-06-23,feeder,52,0.85,325.9,350.28,8.504,11.5784,3.0744,0.943,backfill_yahoo
2026-06-23,feeder,52,0.9,335.48,350.28,10.593,14.6378,4.0448,1.206,backfill_yahoo
2026-06-23,feeder,52,0.95,354.66,350.28,16.061,22.8028,6.7418,1.901,backfill_yahoo
2026-06-23,feeder,52,1.0,375.74,350.28,24.904,35.5293,10.6253,2.828,backfill_yahoo
2026-06-24,feeder,13,0.75,305.77,370.57,0.153,0.1289,-0.0241,-0.008,backfill_yahoo
2026-06-24,feeder,13,0.8,326.15,370.57,0.325,0.6987,0.3737,0.115,backfill_yahoo
2026-06-24,feeder,13,0.85,346.54,370.57,0.773,2.8712,2.0982,0.605,backfill_yahoo
2026-06-24,feeder,13,0.9,356.73,370.57,1.225,5.2222,3.9972,1.121,backfill_yahoo
2026-06-24,feeder,13,0.95,377.11,370.57,3.377,14.1184,10.7414,2.848,backfill_yahoo
2026-06-24,feeder,13,1.0,399.54,370.57,9.632,30.6839,21.0519,5.269,backfill_yahoo
2026-06-24,feeder,17,0.75,303.36,367.73,0.355,0.3259,-0.0291,-0.01,backfill_yahoo
2026-06-24,feeder,17,0.8,323.58,367.73,0.648,1.2598,0.6118,0.189,backfill_yahoo
2026-06-24,feeder,17,0.85,343.81,367.73,1.513,3.9926,2.4796,0.721,backfill_yahoo
2026-06-24,feeder,17,0.9,353.92,367.73,2.39,6.5742,4.1842,1.182,backfill_yahoo
2026-06-24,feeder,17,0.95,374.14,367.73,5.586,15.4605,9.8745,2.639,backfill_yahoo
2026-06-24,feeder,17,1.0,396.39,367.73,12.566,31.2771,18.7111,4.72,backfill_yahoo
2026-06-24,feeder,21,0.75,300.59,364.83,0.536,0.594,0.058,0.019,backfill_yahoo
2026-06-24,feeder,21,0.8,320.63,364.83,1.059,1.8552,0.7962,0.248,backfill_yahoo
2026-06-24,feeder,21,0.85,340.67,364.83,2.247,4.9743,2.7273,0.801,backfill_yahoo
2026-06-24,feeder,21,0.9,350.69,364.83,3.233,7.6746,4.4416,1.267,backfill_yahoo
2026-06-24,feeder,21,0.95,370.73,364.83,6.811,16.413,9.602,2.59,backfill_yahoo
2026-06-24,feeder,21,1.0,392.78,364.83,14.074,31.547,17.473,4.449,backfill_yahoo
2026-06-24,feeder,26,0.75,296.76,361.15,0.857,0.9906,0.1336,0.045,backfill_yahoo
2026-06-24,feeder,26,0.8,316.55,361.15,1.644,2.5873,0.9433,0.298,backfill_yahoo
2026-06-24,feeder,26,0.85,336.33,361.15,3.246,6.0181,2.7721,0.824,backfill_yahoo
2026-06-24,feeder,26,0.9,346.22,361.15,4.603,8.7739,4.1709,1.205,backfill_yahoo
2026-06-24,feeder,26,0.95,366.01,361.15,8.914,17.2183,8.3043,2.269,backfill_yahoo
2026-06-24,feeder,26,1.0,387.77,361.15,16.997,31.5502,14.5532,3.753,backfill_yahoo
2026-06-24,feeder,30,0.75,295.46,358.39,1.143,1.4485,0.3055,0.103,backfill_yahoo
2026-06-24,feeder,30,0.8,315.16,358.39,2.069,3.4001,1.3311,0.422,backfill_yahoo
2026-06-24,feeder,30,0.85,334.85,358.39,3.842,7.241,3.399,1.015,backfill_yahoo
2026-06-24,feeder,30,0.9,344.7,358.39,5.288,10.1769,4.8889,1.418,backfill_yahoo
2026-06-24,feeder,30,0.95,364.4,358.39,9.694,18.8725,9.1785,2.519,backfill_yahoo
2026-06-24,feeder,30,1.0,386.07,358.39,17.613,33.1133,15.5003,4.015,backfill_yahoo
2026-06-24,feeder,34,0.75,293.47,356.5,1.328,1.8609,0.5329,0.182,backfill_yahoo
2026-06-24,feeder,34,0.8,313.03,356.5,2.475,4.029,1.554,0.496,backfill_yahoo
2026-06-24,feeder,34,0.85,332.6,356.5,4.57,8.0389,3.4689,1.043,backfill_yahoo
2026-06-24,feeder,34,0.9,342.38,356.5,6.231,10.9958,4.7648,1.392,backfill_yahoo
2026-06-24,feeder,34,0.95,361.94,356.5,11.057,19.5217,8.4647,2.339,backfill_yahoo
2026-06-24,feeder,34,1.0,383.46,356.5,19.468,33.3469,13.8789,3.619,backfill_yahoo
2026-06-24,feeder,39,0.75,292.11,354.29,1.645,2.4934,0.8484,0.29,backfill_yahoo
2026-06-24,feeder,39,0.8,311.59,354.29,2.924,4.982,2.058,0.66,backfill_yahoo
2026-06-24,feeder,39,0.85,331.06,354.29,5.144,9.2895,4.1455,1.252,backfill_yahoo
2026-06-24,feeder,39,0.9,340.8,354.29,6.851,12.3512,5.5002,1.614,backfill_yahoo
2026-06-24,feeder,39,0.95,360.27,354.29,11.653,20.956,9.303,2.582,backfill_yahoo
2026-06-24,feeder,39,1.0,381.69,354.29,19.751,34.5775,14.8265,3.884,backfill_yahoo
2026-06-24,feeder,43,0.75,290.74,352.78,2.033,2.9816,0.9486,0.326,backfill_yahoo
2026-06-24,feeder,43,0.8,310.13,352.78,3.596,5.6586,2.0626,0.665,backfill_yahoo
2026-06-24,feeder,43,0.85,329.51,352.78,6.146,10.1065,3.9605,1.202,backfill_yahoo
2026-06-24,feeder,43,0.9,339.2,352.78,7.923,13.1928,5.2698,1.554,backfill_yahoo
2026-06-24,feeder,43,0.95,358.58,352.78,13.258,21.7217,8.4637,2.36,backfill_yahoo
2026-06-24,feeder,43,1.0,379.9,352.78,21.791,35.0923,13.3013,3.501,backfill_yahoo
2026-06-24,feeder,47,0.75,289.36,351.17,2.583,3.4886,0.9056,0.313,backfill_yahoo
2026-06-24,feeder,47,0.8,308.65,351.17,4.363,6.3368,1.9738,0.639,backfill_yahoo
2026-06-24,feeder,47,0.85,327.94,351.17,7.102,10.9099,3.8079,1.161,backfill_yahoo
2026-06-24,feeder,47,0.9,337.59,351.17,9.03,14.0214,4.9914,1.479,backfill_yahoo
2026-06-24,feeder,47,0.95,356.88,351.17,14.121,22.4901,8.3691,2.345,backfill_yahoo
2026-06-24,feeder,47,1.0,378.1,351.17,22.586,35.6441,13.0581,3.454,backfill_yahoo
2026-06-24,feeder,52,0.75,288.92,350.87,3.344,4.138,0.794,0.275,backfill_yahoo
2026-06-24,feeder,52,0.8,308.18,350.87,5.513,7.1795,1.6665,0.541,backfill_yahoo
2026-06-24,feeder,52,0.85,327.45,350.87,8.533,11.8914,3.3584,1.026,backfill_yahoo
2026-06-24,feeder,52,0.9,337.08,350.87,10.483,15.0265,4.5435,1.348,backfill_yahoo
2026-06-24,feeder,52,0.95,356.34,350.87,16.123,23.4239,7.3009,2.049,backfill_yahoo
2026-06-24,feeder,52,1.0,377.53,350.87,24.872,36.365,11.493,3.044,backfill_yahoo
2026-06-25,feeder,13,0.75,306.38,366.75,0.165,0.1784,0.0134,0.004,backfill_yahoo
2026-06-25,feeder,13,0.8,326.81,366.75,0.318,0.9372,0.6192,0.189,backfill_yahoo
2026-06-25,feeder,13,0.85,347.24,366.75,0.76,3.6929,2.9329,0.845,backfill_yahoo
2026-06-25,feeder,13,0.9,357.45,366.75,1.21,6.5567,5.3467,1.496,backfill_yahoo
2026-06-25,feeder,13,0.95,377.87,366.75,3.39,16.9195,13.5295,3.58,backfill_yahoo
2026-06-25,feeder,13,1.0,400.34,366.75,9.567,34.6326,25.0656,6.261,backfill_yahoo
2026-06-25,feeder,17,0.75,303.99,363.87,0.299,0.4234,0.1244,0.041,backfill_yahoo
2026-06-25,feeder,17,0.8,324.25,363.87,0.659,1.6019,0.9429,0.291,backfill_yahoo
2026-06-25,feeder,17,0.85,344.52,363.87,1.51,4.9311,3.4211,0.993,backfill_yahoo
2026-06-25,feeder,17,0.9,354.65,363.87,2.305,7.9834,5.6784,1.601,backfill_yahoo
2026-06-25,feeder,17,0.95,374.92,363.87,5.451,18.2053,12.7543,3.402,backfill_yahoo
2026-06-25,feeder,17,1.0,397.21,363.87,12.649,35.098,22.449,5.652,backfill_yahoo
2026-06-25,feeder,21,0.75,301.25,360.95,0.495,0.7421,0.2471,0.082,backfill_yahoo
2026-06-25,feeder,21,0.8,321.33,360.95,0.998,2.2815,1.2835,0.399,backfill_yahoo
2026-06-25,feeder,21,0.85,341.42,360.95,2.192,5.99,3.798,1.112,backfill_yahoo
2026-06-25,feeder,21,0.9,351.46,360.95,3.256,9.125,5.869,1.67,backfill_yahoo
2026-06-25,feeder,21,0.95,371.54,360.95,6.768,19.1004,12.3324,3.319,backfill_yahoo
2026-06-25,feeder,21,1.0,393.63,360.95,13.979,35.2516,21.2726,5.404,backfill_yahoo
2026-06-25,feeder,26,0.75,297.27,357.2,0.823,1.1879,0.3649,0.123,backfill_yahoo
2026-06-25,feeder,26,0.8,317.09,357.2,1.633,3.0701,1.4371,0.453,backfill_yahoo
2026-06-25,feeder,26,0.85,336.91,357.2,3.279,7.0389,3.7599,1.116,backfill_yahoo
2026-06-25,feeder,26,0.9,346.82,357.2,4.696,10.1732,5.4772,1.579,backfill_yahoo
2026-06-25,feeder,26,0.95,366.64,357.2,8.985,19.7174,10.7324,2.927,backfill_yahoo
2026-06-25,feeder,26,1.0,388.44,357.2,17.084,34.97,17.886,4.605,backfill_yahoo
2026-06-25,feeder,30,0.75,296.0,354.44,1.098,1.7038,0.6058,0.205,backfill_yahoo
2026-06-25,feeder,30,0.8,315.73,354.44,2.052,3.9656,1.9136,0.606,backfill_yahoo
2026-06-25,feeder,30,0.85,335.47,354.44,3.873,8.3502,4.4772,1.335,backfill_yahoo
2026-06-25,feeder,30,0.9,345.33,354.44,5.382,11.6483,6.2663,1.815,backfill_yahoo
2026-06-25,feeder,30,0.95,365.07,354.44,9.758,21.4073,11.6493,3.191,backfill_yahoo
2026-06-25,feeder,30,1.0,386.77,354.44,17.684,36.5013,18.8173,4.865,backfill_yahoo
2026-06-25,feeder,34,0.75,293.95,352.54,1.31,2.1497,0.8397,0.286,backfill_yahoo
2026-06-25,feeder,34,0.8,313.55,352.54,2.526,4.6264,2.1004,0.67,backfill_yahoo
2026-06-25,feeder,34,0.85,333.14,352.54,4.618,9.1416,4.5236,1.358,backfill_yahoo
2026-06-25,feeder,34,0.9,342.94,352.54,6.162,12.4342,6.2722,1.829,backfill_yahoo
2026-06-25,feeder,34,0.95,362.54,352.54,10.944,21.9608,11.0168,3.039,backfill_yahoo
2026-06-25,feeder,34,1.0,384.1,352.54,19.53,36.5926,17.0626,4.442,backfill_yahoo
2026-06-25,feeder,39,0.75,292.67,350.34,1.617,2.8431,1.2261,0.419,backfill_yahoo
2026-06-25,feeder,39,0.8,312.18,350.34,2.973,5.652,2.679,0.858,backfill_yahoo
2026-06-25,feeder,39,0.85,331.69,350.34,5.182,10.4619,5.2799,1.592,backfill_yahoo
2026-06-25,feeder,39,0.9,341.45,350.34,6.758,13.846,7.088,2.076,backfill_yahoo
2026-06-25,feeder,39,0.95,360.96,350.34,11.504,23.4258,11.9218,3.303,backfill_yahoo
2026-06-25,feeder,39,1.0,382.42,350.34,19.771,37.8104,18.0394,4.717,backfill_yahoo
2026-06-25,feeder,43,0.75,291.42,348.81,2.127,3.3801,1.2531,0.43,backfill_yahoo
2026-06-25,feeder,43,0.8,310.85,348.81,3.58,6.3882,2.8082,0.903,backfill_yahoo
2026-06-25,feeder,43,0.85,330.28,348.81,6.092,11.3397,5.2477,1.589,backfill_yahoo
2026-06-25,feeder,43,0.9,339.99,348.81,8.014,14.7422,6.7282,1.979,backfill_yahoo
2026-06-25,feeder,43,0.95,359.42,348.81,13.241,24.2511,11.0101,3.063,backfill_yahoo
2026-06-25,feeder,43,1.0,380.79,348.81,21.731,38.3791,16.6481,4.372,backfill_yahoo
2026-06-25,feeder,47,0.75,289.84,347.26,2.574,3.889,1.315,0.454,backfill_yahoo
2026-06-25,feeder,47,0.8,309.16,347.26,4.355,7.0429,2.6879,0.869,backfill_yahoo
2026-06-25,feeder,47,0.85,328.49,347.26,7.107,12.0691,4.9621,1.511,backfill_yahoo
2026-06-25,feeder,47,0.9,338.15,347.26,9.029,15.4598,6.4308,1.902,backfill_yahoo
2026-06-25,feeder,47,0.95,357.47,347.26,14.092,24.8129,10.7209,2.999,backfill_yahoo
2026-06-25,feeder,47,1.0,378.73,347.26,22.434,38.6408,16.2068,4.279,backfill_yahoo
2026-06-25,feeder,52,0.75,289.41,346.96,3.339,4.5716,1.2326,0.426,backfill_yahoo
2026-06-25,feeder,52,0.8,308.7,346.96,5.403,7.9139,2.5109,0.813,backfill_yahoo
2026-06-25,feeder,52,0.85,327.99,346.96,8.547,13.0532,4.5062,1.374,backfill_yahoo
2026-06-25,feeder,52,0.9,337.64,346.96,10.499,16.4541,5.9551,1.764,backfill_yahoo
2026-06-25,feeder,52,0.95,356.94,346.96,15.998,25.713,9.715,2.722,backfill_yahoo
2026-06-25,feeder,52,1.0,378.16,346.96,24.898,39.2867,14.3887,3.805,backfill_yahoo
2026-06-26,feeder,13,0.75,303.19,366.65,0.161,0.1353,-0.0257,-0.008,backfill_yahoo
2026-06-26,feeder,13,0.8,323.4,366.65,0.386,0.7294,0.3434,0.106,backfill_yahoo
2026-06-26,feeder,13,0.85,343.62,366.65,1.04,2.9765,1.9365,0.564,backfill_yahoo
2026-06-26,feeder,13,0.9,353.72,366.65,1.676,5.39,3.714,1.05,backfill_yahoo
2026-06-26,feeder,13,0.95,373.93,366.65,4.475,14.4602,9.9852,2.67,backfill_yahoo
2026-06-26,feeder,13,1.0,396.17,366.65,11.624,31.0888,19.4648,4.913,backfill_yahoo
2026-06-26,feeder,17,0.75,300.87,363.77,0.361,0.341,-0.02,-0.007,backfill_yahoo
2026-06-26,feeder,17,0.8,320.93,363.77,0.745,1.3132,0.5682,0.177,backfill_yahoo
2026-06-26,feeder,17,0.85,340.98,363.77,1.695,4.1343,2.4393,0.715,backfill_yahoo
2026-06-26,feeder,17,0.9,351.01,363.77,2.511,6.7857,4.2747,1.218,backfill_yahoo
2026-06-26,feeder,17,0.95,371.07,363.77,5.708,15.8663,10.1583,2.738,backfill_yahoo
2026-06-26,feeder,17,1.0,393.13,363.77,12.902,31.7686,18.8666,4.799,backfill_yahoo
2026-06-26,feeder,21,0.75,297.98,360.84,0.459,0.6124,0.1534,0.051,backfill_yahoo
2026-06-26,feeder,21,0.8,317.85,360.84,1.081,1.908,0.827,0.26,backfill_yahoo
2026-06-26,feeder,21,0.85,337.71,360.84,2.399,5.0955,2.6965,0.798,backfill_yahoo
2026-06-26,feeder,21,0.9,347.65,360.84,3.484,7.8469,4.3629,1.255,backfill_yahoo
2026-06-26,feeder,21,0.95,367.51,360.84,7.381,16.7194,9.3384,2.541,backfill_yahoo
2026-06-26,feeder,21,1.0,389.36,360.84,15.469,31.8945,16.4255,4.219,backfill_yahoo
2026-06-26,feeder,26,0.75,294.02,357.1,0.831,1.0099,0.1789,0.061,backfill_yahoo
2026-06-26,feeder,26,0.8,313.62,357.1,1.729,2.6326,0.9036,0.288,backfill_yahoo
2026-06-26,feeder,26,0.85,333.22,357.1,3.413,6.1104,2.6974,0.81,backfill_yahoo
2026-06-26,feeder,26,0.9,343.03,357.1,4.697,8.9003,4.2033,1.225,backfill_yahoo
2026-06-26,feeder,26,0.95,362.63,357.1,9.003,17.4325,8.4295,2.325,backfill_yahoo
2026-06-26,feeder,26,1.0,384.19,357.1,17.295,31.7758,14.4808,3.769,backfill_yahoo
2026-06-26,feeder,30,0.75,292.79,354.38,1.106,1.475,0.369,0.126,backfill_yahoo
2026-06-26,feeder,30,0.8,312.31,354.38,2.161,3.4575,1.2965,0.415,backfill_yahoo
2026-06-26,feeder,30,0.85,331.83,354.38,4.018,7.3512,3.3332,1.004,backfill_yahoo
2026-06-26,feeder,30,0.9,341.59,354.38,5.374,10.319,4.945,1.448,backfill_yahoo
2026-06-26,feeder,30,0.95,361.11,354.38,9.763,19.1099,9.3469,2.588,backfill_yahoo
2026-06-26,feeder,30,1.0,382.58,354.38,17.894,33.3623,15.4683,4.043,backfill_yahoo
2026-06-26,feeder,34,0.75,290.67,352.48,1.37,1.8799,0.5099,0.175,backfill_yahoo
2026-06-26,feeder,34,0.8,310.05,352.48,2.515,4.0677,1.5527,0.501,backfill_yahoo
2026-06-26,feeder,34,0.85,329.43,352.48,4.629,8.1051,3.4761,1.055,backfill_yahoo
2026-06-26,feeder,34,0.9,339.11,352.48,6.301,11.0754,4.7744,1.408,backfill_yahoo
2026-06-26,feeder,34,0.95,358.49,352.48,11.115,19.6562,8.5412,2.383,backfill_yahoo
2026-06-26,feeder,34,1.0,379.81,352.48,19.67,33.4624,13.7924,3.631,backfill_yahoo
2026-06-26,feeder,39,0.75,289.38,350.29,1.897,2.5186,0.6216,0.215,backfill_yahoo
2026-06-26,feeder,39,0.8,308.67,350.29,3.276,5.0276,1.7516,0.567,backfill_yahoo
2026-06-26,feeder,39,0.85,327.96,350.29,5.708,9.3652,3.6572,1.115,backfill_yahoo
2026-06-26,feeder,39,0.9,337.61,350.29,7.564,12.4438,4.8798,1.445,backfill_yahoo
2026-06-26,feeder,39,0.95,356.9,350.29,12.802,21.1096,8.3076,2.328,backfill_yahoo
2026-06-26,feeder,39,1.0,378.12,350.29,21.42,34.715,13.295,3.516,backfill_yahoo
2026-06-26,feeder,43,0.75,288.19,348.75,2.207,3.0281,0.8211,0.285,backfill_yahoo
2026-06-26,feeder,43,0.8,307.4,348.75,3.688,5.7407,2.0527,0.668,backfill_yahoo
2026-06-26,feeder,43,0.85,326.62,348.75,6.221,10.2442,4.0232,1.232,backfill_yahoo
2026-06-26,feeder,43,0.9,336.22,348.75,8.118,13.3605,5.2425,1.559,backfill_yahoo
2026-06-26,feeder,43,0.95,355.43,348.75,13.356,21.9991,8.6431,2.432,backfill_yahoo
2026-06-26,feeder,43,1.0,376.57,348.75,21.794,35.4003,13.6063,3.613,backfill_yahoo
2026-06-26,feeder,47,0.75,286.6,347.25,2.589,3.5027,0.9137,0.319,backfill_yahoo
2026-06-26,feeder,47,0.8,305.7,347.25,4.475,6.359,1.884,0.616,backfill_yahoo
2026-06-26,feeder,47,0.85,324.81,347.25,7.244,10.943,3.699,1.139,backfill_yahoo
2026-06-26,feeder,47,0.9,334.36,347.25,9.165,14.0556,4.8906,1.463,backfill_yahoo
2026-06-26,feeder,47,0.95,353.47,347.25,14.2,22.5529,8.3529,2.363,backfill_yahoo
2026-06-26,feeder,47,1.0,374.49,347.25,22.36,35.6651,13.3051,3.553,backfill_yahoo
2026-06-26,feeder,52,0.75,286.18,346.95,3.441,4.152,0.711,0.248,backfill_yahoo
2026-06-26,feeder,52,0.8,305.26,346.95,5.562,7.2024,1.6404,0.537,backfill_yahoo
2026-06-26,feeder,52,0.85,324.34,346.95,8.608,11.9213,3.3133,1.022,backfill_yahoo
2026-06-26,feeder,52,0.9,333.88,346.95,10.679,15.0599,4.3809,1.312,backfill_yahoo
2026-06-26,feeder,52,0.95,352.96,346.95,16.127,23.488,7.361,2.086,backfill_yahoo
2026-06-26,feeder,52,1.0,373.94,346.95,24.92,36.3814,11.4614,3.065,backfill_yahoo
2026-06-29,feeder,13,0.85,351.45,361.28,1.827,6.2324,4.4054,1.253,backfill_yahoo
2026-06-29,feeder,13,0.9,351.45,361.28,1.827,6.2324,4.4054,1.253,backfill_yahoo
2026-06-29,feeder,13,0.95,371.53,361.28,4.712,16.2037,11.4917,3.093,backfill_yahoo
2026-06-29,feeder,13,1.0,397.64,361.28,13.851,37.0437,23.1927,5.833,backfill_yahoo
2026-06-29,feeder,17,0.85,349.34,358.55,2.639,7.8226,5.1836,1.484,backfill_yahoo
2026-06-29,feeder,17,0.9,349.34,358.55,2.639,7.8226,5.1836,1.484,backfill_yahoo
2026-06-29,feeder,17,0.95,369.3,358.55,5.851,17.8509,11.9999,3.249,backfill_yahoo
2026-06-29,feeder,17,1.0,395.25,358.55,14.788,37.9051,23.1171,5.849,backfill_yahoo
2026-06-29,feeder,21,0.75,296.2,355.69,0.518,0.7026,0.1846,0.062,backfill_yahoo
2026-06-29,feeder,21,0.85,335.7,355.69,2.481,5.709,3.228,0.962,backfill_yahoo
2026-06-29,feeder,21,0.9,355.44,355.69,5.4,12.7709,7.3709,2.074,backfill_yahoo
2026-06-29,feeder,21,0.95,365.32,355.69,7.642,18.32,10.678,2.923,backfill_yahoo
2026-06-29,feeder,21,1.0,387.04,355.69,15.517,34.0398,18.5228,4.786,backfill_yahoo
2026-06-29,feeder,26,0.75,292.39,351.92,0.918,1.1417,0.2237,0.077,backfill_yahoo
2026-06-29,feeder,26,0.85,331.37,351.92,3.494,6.7854,3.2914,0.993,backfill_yahoo
2026-06-29,feeder,26,0.9,350.86,351.92,6.84,13.767,6.927,1.974,backfill_yahoo
2026-06-29,feeder,26,0.95,360.61,351.92,9.249,19.0638,9.8148,2.722,backfill_yahoo
2026-06-29,feeder,26,1.0,382.05,351.92,17.26,33.9521,16.6921,4.369,backfill_yahoo
2026-06-29,feeder,30,0.75,291.32,349.27,1.205,1.6513,0.4463,0.153,backfill_yahoo
2026-06-29,feeder,30,0.85,330.16,349.27,4.086,8.1074,4.0214,1.218,backfill_yahoo
2026-06-29,feeder,30,0.9,349.58,349.27,7.57,15.4084,7.8384,2.242,backfill_yahoo
2026-06-29,feeder,30,0.95,359.29,349.27,9.986,20.8207,10.8347,3.016,backfill_yahoo
2026-06-29,feeder,30,1.0,380.66,349.27,17.796,35.608,17.812,4.679,backfill_yahoo
2026-06-29,feeder,34,0.75,288.9,347.3,1.466,2.0584,0.5924,0.205,backfill_yahoo
2026-06-29,feeder,34,0.8,308.16,347.3,2.639,4.4347,1.7957,0.583,backfill_yahoo
2026-06-29,feeder,34,0.85,327.42,347.3,4.756,8.7802,4.0242,1.229,backfill_yahoo
2026-06-29,feeder,34,0.9,337.05,347.3,6.443,11.9548,5.5118,1.635,backfill_yahoo
2026-06-29,feeder,34,0.95,365.94,347.3,14.766,27.1859,12.4199,3.394,backfill_yahoo
2026-06-29,feeder,34,1.0,385.2,347.3,23.747,41.3248,17.5778,4.563,backfill_yahoo
2026-06-29,feeder,39,0.75,287.56,345.17,1.918,2.7192,0.8012,0.279,backfill_yahoo
2026-06-29,feeder,39,0.8,306.73,345.17,3.402,5.4115,2.0095,0.655,backfill_yahoo
2026-06-29,feeder,39,0.85,335.48,345.17,7.744,13.2879,5.5439,1.653,backfill_yahoo
2026-06-29,feeder,39,0.9,335.48,345.17,7.744,13.2879,5.5439,1.653,backfill_yahoo
2026-06-29,feeder,39,0.95,364.24,345.17,16.528,28.4689,11.9409,3.278,backfill_yahoo
2026-06-29,feeder,39,1.0,383.41,345.17,25.654,42.2931,16.6391,4.34,backfill_yahoo
2026-06-29,feeder,43,0.75,286.53,343.54,2.182,3.2732,1.0912,0.381,backfill_yahoo
2026-06-29,feeder,43,0.8,305.63,343.54,3.757,6.1887,2.4317,0.796,backfill_yahoo
2026-06-29,feeder,43,0.85,334.29,343.54,8.182,14.3044,6.1224,1.831,backfill_yahoo
2026-06-29,feeder,43,0.9,334.29,343.54,8.182,14.3044,6.1224,1.831,backfill_yahoo
2026-06-29,feeder,43,0.95,362.94,343.54,16.816,29.4389,12.6229,3.478,backfill_yahoo
2026-06-29,feeder,43,1.0,382.04,343.54,25.606,43.0386,17.4326,4.563,backfill_yahoo
2026-06-29,feeder,47,0.75,284.91,342.0,2.584,3.763,1.179,0.414,backfill_yahoo
2026-06-29,feeder,47,0.85,322.9,342.0,7.205,11.6915,4.4865,1.389,backfill_yahoo
2026-06-29,feeder,47,0.9,332.4,342.0,8.99,14.9849,5.9949,1.804,backfill_yahoo
2026-06-29,feeder,47,0.95,360.89,342.0,17.281,29.8353,12.5543,3.479,backfill_yahoo
2026-06-29,feeder,47,1.0,376.08,342.0,24.063,40.2878,16.2248,4.314,backfill_yahoo
2026-06-29,feeder,52,0.75,284.52,341.61,3.415,4.4438,1.0288,0.362,backfill_yahoo
2026-06-29,feeder,52,0.8,303.49,341.61,5.614,7.696,2.082,0.686,backfill_yahoo
2026-06-29,feeder,52,0.85,322.46,341.61,8.674,12.7014,4.0274,1.249,backfill_yahoo
2026-06-29,feeder,52,0.9,331.94,341.61,10.775,16.0127,5.2377,1.578,backfill_yahoo
2026-06-29,feeder,52,0.95,350.91,341.61,16.184,25.0174,8.8334,2.517,backfill_yahoo
2026-06-29,feeder,52,1.0,371.78,341.61,24.903,38.299,13.396,3.603,backfill_yahoo
2026-06-30,feeder,13,0.75,298.45,360.83,0.188,0.134,-0.054,-0.018,backfill_yahoo
2026-06-30,feeder,13,0.8,318.35,360.83,0.468,0.7224,0.2544,0.08,backfill_yahoo
2026-06-30,feeder,13,0.85,338.25,360.83,1.199,2.9444,1.7454,0.516,backfill_yahoo
2026-06-30,feeder,13,0.9,348.2,360.83,1.89,5.3318,3.4418,0.988,backfill_yahoo
2026-06-30,feeder,13,0.95,368.09,360.83,4.733,14.2874,9.5544,2.596,backfill_yahoo
2026-06-30,feeder,13,1.0,389.98,360.83,11.914,30.677,18.763,4.811,backfill_yahoo
2026-06-30,feeder,17,0.75,296.72,358.13,0.388,0.3485,-0.0395,-0.013,backfill_yahoo
2026-06-30,feeder,17,0.8,316.5,358.13,0.842,1.3381,0.4961,0.157,backfill_yahoo
2026-06-30,feeder,17,0.85,336.28,358.13,1.846,4.1977,2.3517,0.699,backfill_yahoo
2026-06-30,feeder,17,0.9,346.17,358.13,2.694,6.8734,4.1794,1.207,backfill_yahoo
2026-06-30,feeder,17,0.95,365.95,358.13,5.824,16.0026,10.1786,2.781,backfill_yahoo
2026-06-30,feeder,17,1.0,387.71,358.13,12.879,31.8322,18.9532,4.889,backfill_yahoo
2026-06-30,feeder,21,0.75,293.41,355.34,0.545,0.602,0.057,0.019,backfill_yahoo
2026-06-30,feeder,21,0.8,312.97,355.34,1.237,1.8752,0.6382,0.204,backfill_yahoo
2026-06-30,feeder,21,0.85,332.53,355.34,2.667,5.01,2.343,0.705,backfill_yahoo
2026-06-30,feeder,21,0.9,342.31,355.34,3.838,7.7135,3.8755,1.132,backfill_yahoo
2026-06-30,feeder,21,0.95,361.87,355.34,7.904,16.4413,8.5373,2.359,backfill_yahoo
2026-06-30,feeder,21,1.0,383.38,355.34,15.808,31.3713,15.5633,4.06,backfill_yahoo
2026-06-30,feeder,26,0.75,289.73,351.71,0.954,1.0021,0.0481,0.017,backfill_yahoo
2026-06-30,feeder,26,0.8,309.04,351.71,1.927,2.6109,0.6839,0.221,backfill_yahoo
2026-06-30,feeder,26,0.85,328.36,351.71,3.718,6.0583,2.3403,0.713,backfill_yahoo
2026-06-30,feeder,26,0.9,338.02,351.71,5.084,8.8191,3.7351,1.105,backfill_yahoo
2026-06-30,feeder,26,0.95,357.33,351.71,9.526,17.2641,7.7381,2.166,backfill_yahoo
2026-06-30,feeder,26,1.0,378.58,351.71,17.554,31.4344,13.8804,3.666,backfill_yahoo
2026-06-30,feeder,30,0.75,288.74,349.24,1.247,1.4667,0.2197,0.076,backfill_yahoo
2026-06-30,feeder,30,0.8,307.98,349.24,2.377,3.4352,1.0582,0.344,backfill_yahoo
2026-06-30,feeder,30,0.85,327.23,349.24,4.332,7.2998,2.9678,0.907,backfill_yahoo
2026-06-30,feeder,30,0.9,336.86,349.24,5.765,10.2452,4.4802,1.33,backfill_yahoo
2026-06-30,feeder,30,0.95,356.11,349.24,10.269,18.9656,8.6966,2.442,backfill_yahoo
2026-06-30,feeder,30,1.0,377.28,349.24,18.091,33.0604,14.9694,3.968,backfill_yahoo
2026-06-30,feeder,34,0.75,286.29,347.44,1.559,1.8355,0.2765,0.097,backfill_yahoo
2026-06-30,feeder,34,0.8,305.37,347.44,2.785,3.9717,1.1867,0.389,backfill_yahoo
2026-06-30,feeder,34,0.85,324.46,347.44,5.06,7.919,2.859,0.881,backfill_yahoo
2026-06-30,feeder,34,0.9,334.0,347.44,6.659,10.827,4.168,1.248,backfill_yahoo
2026-06-30,feeder,34,0.95,353.09,347.44,11.643,19.2212,7.5782,2.146,backfill_yahoo
2026-06-30,feeder,34,1.0,374.08,347.44,20.068,32.7661,12.6981,3.394,backfill_yahoo
2026-06-30,feeder,39,0.75,284.99,345.59,1.994,2.4371,0.4431,0.155,backfill_yahoo
2026-06-30,feeder,39,0.8,303.99,345.59,3.573,4.8683,1.2953,0.426,backfill_yahoo
2026-06-30,feeder,39,0.85,322.99,345.59,6.075,9.0779,3.0029,0.93,backfill_yahoo
2026-06-30,feeder,39,0.9,332.49,345.59,7.974,12.0682,4.0942,1.231,backfill_yahoo
2026-06-30,feeder,39,0.95,351.49,345.59,13.226,20.4782,7.2522,2.063,backfill_yahoo
2026-06-30,feeder,39,1.0,372.39,345.59,22.007,33.7796,11.7726,3.161,backfill_yahoo
2026-06-30,feeder,43,0.75,284.11,344.12,2.252,2.9611,0.7091,0.25,backfill_yahoo
2026-06-30,feeder,43,0.8,303.05,344.12,3.919,5.6154,1.6964,0.56,backfill_yahoo
2026-06-30,feeder,43,0.85,321.99,344.12,6.475,10.0223,3.5473,1.102,backfill_yahoo
2026-06-30,feeder,43,0.9,331.46,344.12,8.381,13.0767,4.6957,1.417,backfill_yahoo
2026-06-30,feeder,43,0.95,350.41,344.12,13.552,21.5384,7.9864,2.279,backfill_yahoo
2026-06-30,feeder,43,1.0,371.24,344.12,22.048,34.6968,12.6488,3.407,backfill_yahoo
2026-06-30,feeder,47,0.75,282.24,342.73,2.592,3.3859,0.7939,0.281,backfill_yahoo
2026-06-30,feeder,47,0.8,301.06,342.73,4.49,6.1519,1.6619,0.552,backfill_yahoo
2026-06-30,feeder,47,0.85,319.87,342.73,7.245,10.5921,3.3471,1.046,backfill_yahoo
2026-06-30,feeder,47,0.9,329.28,342.73,9.12,13.614,4.494,1.365,backfill_yahoo
2026-06-30,feeder,47,0.95,348.1,342.73,14.066,21.8373,7.7713,2.232,backfill_yahoo
2026-06-30,feeder,47,1.0,368.8,342.73,22.12,34.6395,12.5195,3.395,backfill_yahoo
2026-06-30,feeder,52,0.75,281.73,342.48,3.539,4.0045,0.4655,0.165,backfill_yahoo
2026-06-30,feeder,52,0.8,300.51,342.48,5.673,6.9488,1.2758,0.425,backfill_yahoo
2026-06-30,feeder,52,0.85,319.29,342.48,8.87,11.5094,2.6394,0.827,backfill_yahoo
2026-06-30,feeder,52,0.9,328.69,342.48,10.807,14.5502,3.7432,1.139,backfill_yahoo
2026-06-30,feeder,52,0.95,347.47,342.48,16.31,22.6744,6.3644,1.832,backfill_yahoo
2026-06-30,feeder,52,1.0,368.13,342.48,24.805,35.2441,10.4391,2.836,backfill_yahoo
2026-07-01,feeder,13,0.75,298.05,357.03,0.189,0.1705,-0.0185,-0.006,backfill_yahoo
2026-07-01,feeder,13,0.8,317.92,357.03,0.451,0.897,0.446,0.14,backfill_yahoo
2026-07-01,feeder,13,0.85,337.79,357.03,1.175,3.5422,2.3672,0.701,backfill_yahoo
2026-07-01,feeder,13,0.9,347.73,357.03,1.837,6.3007,4.4637,1.284,backfill_yahoo
2026-07-01,feeder,13,0.95,367.6,357.03,4.596,16.3063,11.7103,3.186,backfill_yahoo
2026-07-01,feeder,13,1.0,389.45,357.03,11.698,33.474,21.776,5.591,backfill_yahoo
2026-07-01,feeder,17,0.75,296.42,354.28,0.386,0.4258,0.0398,0.013,backfill_yahoo
2026-07-01,feeder,17,0.8,316.19,354.28,0.804,1.6081,0.8041,0.254,backfill_yahoo
2026-07-01,feeder,17,0.85,335.95,354.28,1.794,4.9302,3.1362,0.934,backfill_yahoo
2026-07-01,feeder,17,0.9,345.83,354.28,2.599,7.9659,5.3669,1.552,backfill_yahoo
2026-07-01,feeder,17,0.95,365.59,354.28,5.615,18.0875,12.4725,3.412,backfill_yahoo
2026-07-01,feeder,17,1.0,387.33,354.28,12.548,34.6804,22.1324,5.714,backfill_yahoo
2026-07-01,feeder,21,0.75,293.07,351.47,0.537,0.7109,0.1739,0.059,backfill_yahoo
2026-07-01,feeder,21,0.8,312.61,351.47,1.213,2.1885,0.9755,0.312,backfill_yahoo
2026-07-01,feeder,21,0.85,332.15,351.47,2.558,5.7534,3.1954,0.962,backfill_yahoo
2026-07-01,feeder,21,0.9,341.92,351.47,3.662,8.7735,5.1115,1.495,backfill_yahoo
2026-07-01,feeder,21,0.95,361.45,351.47,7.633,18.3914,10.7584,2.976,backfill_yahoo
2026-07-01,feeder,21,1.0,382.95,351.47,15.528,34.0462,18.5182,4.836,backfill_yahoo
2026-07-01,feeder,26,0.75,289.61,347.94,0.939,1.1602,0.2212,0.076,backfill_yahoo
2026-07-01,feeder,26,0.8,308.91,347.94,1.887,2.9966,1.1096,0.359,backfill_yahoo
2026-07-01,feeder,26,0.85,328.22,347.94,3.572,6.8696,3.2976,1.005,backfill_yahoo
2026-07-01,feeder,26,0.9,337.87,347.94,4.86,9.9259,5.0659,1.499,backfill_yahoo
2026-07-01,feeder,26,0.95,357.18,347.94,9.199,19.2361,10.0371,2.81,backfill_yahoo
2026-07-01,feeder,26,1.0,378.42,347.94,17.216,34.1064,16.8904,4.463,backfill_yahoo
2026-07-01,feeder,30,0.75,288.71,345.57,1.225,1.6706,0.4456,0.154,backfill_yahoo
2026-07-01,feeder,30,0.8,307.96,345.57,2.327,3.8882,1.5612,0.507,backfill_yahoo
2026-07-01,feeder,30,0.85,327.2,345.57,4.16,8.1794,4.0194,1.228,backfill_yahoo
2026-07-01,feeder,30,0.9,336.83,345.57,5.508,11.4125,5.9045,1.753,backfill_yahoo
2026-07-01,feeder,30,0.95,356.07,345.57,9.904,20.9575,11.0535,3.104,backfill_yahoo
2026-07-01,feeder,30,1.0,377.25,345.57,17.71,35.7154,18.0054,4.773,backfill_yahoo
2026-07-01,feeder,34,0.75,286.41,343.8,1.535,2.0745,0.5395,0.188,backfill_yahoo
2026-07-01,feeder,34,0.8,305.51,343.8,2.752,4.467,1.715,0.561,backfill_yahoo
2026-07-01,feeder,34,0.85,324.6,343.8,4.865,8.833,3.968,1.222,backfill_yahoo
2026-07-01,feeder,34,0.9,334.15,343.8,6.498,12.0196,5.5216,1.652,backfill_yahoo
2026-07-01,feeder,34,0.95,353.24,343.8,11.276,21.234,9.958,2.819,backfill_yahoo
2026-07-01,feeder,34,1.0,374.25,343.8,19.733,35.4424,15.7094,4.198,backfill_yahoo
2026-07-01,feeder,39,0.75,285.28,342.03,1.972,2.7289,0.7569,0.265,backfill_yahoo
2026-07-01,feeder,39,0.8,304.3,342.03,3.497,5.4287,1.9317,0.635,backfill_yahoo
2026-07-01,feeder,39,0.85,323.31,342.03,5.936,10.0556,4.1196,1.274,backfill_yahoo
2026-07-01,feeder,39,0.9,332.82,342.03,7.775,13.3146,5.5396,1.664,backfill_yahoo
2026-07-01,feeder,39,0.95,351.84,342.03,12.905,22.5403,9.6353,2.739,backfill_yahoo
2026-07-01,feeder,39,1.0,372.76,342.03,21.508,36.478,14.97,4.016,backfill_yahoo
2026-07-01,feeder,43,0.75,284.63,340.88,2.212,3.2843,1.0723,0.377,backfill_yahoo
2026-07-01,feeder,43,0.8,303.6,340.88,3.814,6.2069,2.3929,0.788,backfill_yahoo
2026-07-01,feeder,43,0.85,322.58,340.88,6.293,11.0219,4.7289,1.466,backfill_yahoo
2026-07-01,feeder,43,0.9,332.06,340.88,8.13,14.3303,6.2003,1.867,backfill_yahoo
2026-07-01,feeder,43,0.95,351.04,340.88,13.157,23.5781,10.4211,2.969,backfill_yahoo
2026-07-01,feeder,43,1.0,371.91,340.88,21.436,37.3454,15.9094,4.278,backfill_yahoo
2026-07-01,feeder,47,0.75,282.81,340.0,2.588,3.6882,1.1002,0.389,backfill_yahoo
2026-07-01,feeder,47,0.8,301.67,340.0,4.381,6.6865,2.3055,0.764,backfill_yahoo
2026-07-01,feeder,47,0.85,320.52,340.0,7.2,11.4699,4.2699,1.332,backfill_yahoo
2026-07-01,feeder,47,0.9,329.95,340.0,9.102,14.7067,5.6047,1.699,backfill_yahoo
2026-07-01,feeder,47,0.95,348.8,340.0,13.996,23.6053,9.6093,2.755,backfill_yahoo
2026-07-01,feeder,47,1.0,369.54,340.0,22.043,36.9284,14.8854,4.028,backfill_yahoo
2026-07-01,feeder,52,0.75,282.48,339.75,3.469,4.3542,0.8852,0.313,backfill_yahoo
2026-07-01,feeder,52,0.8,301.32,339.75,5.695,7.5443,1.8493,0.614,backfill_yahoo
2026-07-01,feeder,52,0.85,320.15,339.75,8.763,12.4564,3.6934,1.154,backfill_yahoo
2026-07-01,feeder,52,0.9,329.57,339.75,10.847,15.7124,4.8654,1.476,backfill_yahoo
2026-07-01,feeder,52,0.95,348.4,339.75,16.195,24.5407,8.3457,2.395,backfill_yahoo
2026-07-01,feeder,52,1.0,369.11,339.75,24.865,37.6406,12.7756,3.461,backfill_yahoo
2026-07-02,feeder,13,0.75,294.88,356.93,0.199,0.1284,-0.0706,-0.024,backfill_yahoo
2026-07-02,feeder,13,0.8,314.54,356.93,0.464,0.6943,0.2303,0.073,backfill_yahoo
2026-07-02,feeder,13,0.85,334.2,356.93,1.187,2.8406,1.6536,0.495,backfill_yahoo
2026-07-02,feeder,13,0.9,344.03,356.93,1.935,5.1551,3.2201,0.936,backfill_yahoo
2026-07-02,feeder,13,0.95,363.69,356.93,4.76,13.8779,9.1179,2.507,backfill_yahoo
2026-07-02,feeder,13,1.0,385.31,356.93,11.73,29.9604,18.2304,4.731,backfill_yahoo
2026-07-02,feeder,17,0.75,293.35,354.18,0.397,0.3423,-0.0547,-0.019,backfill_yahoo
2026-07-02,feeder,17,0.8,312.91,354.18,0.814,1.3153,0.5013,0.16,backfill_yahoo
2026-07-02,feeder,17,0.85,332.46,354.18,1.791,4.1278,2.3368,0.703,backfill_yahoo
2026-07-02,feeder,17,0.9,342.24,354.18,2.701,6.7625,4.0615,1.187,backfill_yahoo
2026-07-02,feeder,17,0.95,361.8,354.18,5.759,15.7592,10.0002,2.764,backfill_yahoo
2026-07-02,feeder,17,1.0,383.31,354.18,12.503,31.382,18.879,4.925,backfill_yahoo
2026-07-02,feeder,21,0.75,289.83,351.37,0.578,0.5842,0.0062,0.002,backfill_yahoo
2026-07-02,feeder,21,0.8,309.15,351.37,1.221,1.8221,0.6011,0.194,backfill_yahoo
2026-07-02,feeder,21,0.85,328.47,351.37,2.585,4.8759,2.2909,0.697,backfill_yahoo
2026-07-02,feeder,21,0.9,338.13,351.37,3.777,7.5143,3.7373,1.105,backfill_yahoo
2026-07-02,feeder,21,0.95,357.46,351.37,7.657,16.0472,8.3902,2.347,backfill_yahoo
2026-07-02,feeder,21,1.0,378.71,351.37,15.575,30.7201,15.1451,3.999,backfill_yahoo
2026-07-02,feeder,26,0.75,286.53,347.84,0.997,0.9907,-0.0063,-0.002,backfill_yahoo
2026-07-02,feeder,26,0.8,305.63,347.84,1.891,2.5815,0.6905,0.226,backfill_yahoo
2026-07-02,feeder,26,0.85,324.73,347.84,3.596,5.9887,2.3927,0.737,backfill_yahoo
2026-07-02,feeder,26,0.9,334.29,347.84,4.985,8.7202,3.7352,1.117,backfill_yahoo
2026-07-02,feeder,26,0.95,353.39,347.84,9.206,17.0724,7.8664,2.226,backfill_yahoo
2026-07-02,feeder,26,1.0,374.4,347.84,17.239,31.0815,13.8425,3.697,backfill_yahoo
2026-07-02,feeder,30,0.75,285.72,345.5,1.294,1.4558,0.1618,0.057,backfill_yahoo
2026-07-02,feeder,30,0.8,304.77,345.5,2.324,3.4108,1.0868,0.357,backfill_yahoo
2026-07-02,feeder,30,0.85,323.81,345.5,4.179,7.2435,3.0645,0.946,backfill_yahoo
2026-07-02,feeder,30,0.9,333.34,345.5,5.635,10.165,4.53,1.359,backfill_yahoo
2026-07-02,feeder,30,0.95,352.39,345.5,9.897,18.8148,8.9178,2.531,backfill_yahoo
2026-07-02,feeder,30,1.0,373.34,345.5,17.72,32.7795,15.0595,4.034,backfill_yahoo
2026-07-02,feeder,34,0.75,283.41,343.74,1.573,1.8292,0.2562,0.09,backfill_yahoo
2026-07-02,feeder,34,0.8,302.31,343.74,2.765,3.959,1.194,0.395,backfill_yahoo
2026-07-02,feeder,34,0.85,321.2,343.74,5.004,7.8876,2.8836,0.898,backfill_yahoo
2026-07-02,feeder,34,0.9,330.65,343.74,6.663,10.7832,4.1202,1.246,backfill_yahoo
2026-07-02,feeder,34,0.95,349.54,343.74,11.457,19.135,7.678,2.197,backfill_yahoo
2026-07-02,feeder,34,1.0,370.33,343.74,19.793,32.5879,12.7949,3.455,backfill_yahoo
2026-07-02,feeder,39,0.75,282.32,342.0,2.035,2.4394,0.4044,0.143,backfill_yahoo
2026-07-02,feeder,39,0.8,301.14,342.0,3.569,4.8708,1.3018,0.432,backfill_yahoo
2026-07-02,feeder,39,0.85,319.96,342.0,6.026,9.0769,3.0509,0.954,backfill_yahoo
2026-07-02,feeder,39,0.9,329.37,342.0,7.859,12.0622,4.2032,1.276,backfill_yahoo
2026-07-02,feeder,39,0.95,348.19,342.0,13.067,20.4647,7.3977,2.125,backfill_yahoo
2026-07-02,feeder,39,1.0,368.9,342.0,21.53,33.7026,12.1726,3.3,backfill_yahoo
2026-07-02,feeder,43,0.75,281.74,340.84,2.265,2.9688,0.7038,0.25,backfill_yahoo
2026-07-02,feeder,43,0.8,300.52,340.84,3.868,5.6278,1.7598,0.586,backfill_yahoo
2026-07-02,feeder,43,0.85,319.3,340.84,6.353,10.0384,3.6854,1.154,backfill_yahoo
2026-07-02,feeder,43,0.9,328.69,340.84,8.177,13.0929,4.9159,1.496,backfill_yahoo
2026-07-02,feeder,43,0.95,347.48,340.84,13.265,21.5642,8.2992,2.388,backfill_yahoo
2026-07-02,feeder,43,1.0,368.14,340.84,21.378,34.6778,13.2998,3.613,backfill_yahoo
2026-07-02,feeder,47,0.75,280.56,339.99,2.608,3.4239,0.8159,0.291,backfill_yahoo
2026-07-02,feeder,47,0.8,299.27,339.99,4.399,6.2186,1.8196,0.608,backfill_yahoo
2026-07-02,feeder,47,0.85,317.97,339.99,7.224,10.6995,3.4755,1.093,backfill_yahoo
2026-07-02,feeder,47,0.9,327.32,339.99,9.115,13.7438,4.6288,1.414,backfill_yahoo
2026-07-02,feeder,47,0.95,346.03,339.99,13.977,22.0534,8.0764,2.334,backfill_yahoo
2026-07-02,feeder,47,1.0,366.6,339.99,21.92,34.8771,12.9571,3.534,backfill_yahoo
2026-07-02,feeder,52,0.75,280.23,339.74,3.503,4.0655,0.5625,0.201,backfill_yahoo
2026-07-02,feeder,52,0.8,298.91,339.74,5.733,7.0517,1.3187,0.441,backfill_yahoo
2026-07-02,feeder,52,0.85,317.59,339.74,8.837,11.671,2.834,0.892,backfill_yahoo
2026-07-02,feeder,52,0.9,326.93,339.74,10.918,14.7433,3.8253,1.17,backfill_yahoo
2026-07-02,feeder,52,0.95,345.62,339.74,16.384,22.9979,6.6139,1.914,backfill_yahoo
2026-07-02,feeder,52,1.0,366.17,339.74,24.8,35.627,10.827,2.957,backfill_yahoo
2026-07-06,feeder,13,0.75,293.9,354.98,0.213,0.1354,-0.0776,-0.026,backfill_yahoo
2026-07-06,feeder,13,0.8,313.5,354.98,0.524,0.7283,0.2043,0.065,backfill_yahoo
2026-07-06,feeder,13,0.85,333.09,354.98,1.277,2.9576,1.6806,0.505,backfill_yahoo
2026-07-06,feeder,13,0.9,342.89,354.98,1.94,5.3462,3.4062,0.993,backfill_yahoo
2026-07-06,feeder,13,0.95,362.48,354.98,4.747,14.2767,9.5297,2.629,backfill_yahoo
2026-07-06,feeder,13,1.0,384.03,354.98,11.908,30.4996,18.5916,4.841,backfill_yahoo
2026-07-06,feeder,17,0.75,291.83,351.74,0.444,0.3527,-0.0913,-0.031,backfill_yahoo
2026-07-06,feeder,17,0.8,311.29,351.74,0.983,1.3513,0.3683,0.118,backfill_yahoo
2026-07-06,feeder,17,0.85,330.75,351.74,2.114,4.2268,2.1128,0.639,backfill_yahoo
2026-07-06,feeder,17,0.9,340.47,351.74,3.092,6.9055,3.8135,1.12,backfill_yahoo
2026-07-06,feeder,17,0.95,359.93,351.74,6.501,16.0267,9.5257,2.647,backfill_yahoo
2026-07-06,feeder,17,1.0,381.33,351.74,13.915,31.7075,17.7925,4.666,backfill_yahoo
2026-07-06,feeder,21,0.75,288.73,348.76,0.61,0.6196,0.0096,0.003,backfill_yahoo
2026-07-06,feeder,21,0.8,307.98,348.76,1.297,1.9244,0.6274,0.204,backfill_yahoo
2026-07-06,feeder,21,0.85,327.23,348.76,2.728,5.12,2.392,0.731,backfill_yahoo
2026-07-06,feeder,21,0.9,336.85,348.76,3.832,7.8614,4.0294,1.196,backfill_yahoo
2026-07-06,feeder,21,0.95,356.1,348.76,7.824,16.6884,8.8644,2.489,backfill_yahoo
2026-07-06,feeder,21,1.0,377.28,348.76,15.639,31.5882,15.9492,4.227,backfill_yahoo
2026-07-06,feeder,26,0.75,285.79,345.21,1.034,1.0605,0.0265,0.009,backfill_yahoo
2026-07-06,feeder,26,0.8,304.84,345.21,1.977,2.7523,0.7753,0.254,backfill_yahoo
2026-07-06,feeder,26,0.85,323.89,345.21,3.743,6.3484,2.6054,0.804,backfill_yahoo
2026-07-06,feeder,26,0.9,333.42,345.21,5.011,9.2104,4.1994,1.259,backfill_yahoo
2026-07-06,feeder,26,0.95,352.47,345.21,9.329,17.9484,8.6194,2.445,backfill_yahoo
2026-07-06,feeder,26,1.0,373.43,345.21,17.2,32.2631,15.0631,4.034,backfill_yahoo
2026-07-06,feeder,30,0.75,284.8,343.03,1.233,1.5244,0.2914,0.102,backfill_yahoo
2026-07-06,feeder,30,0.8,303.79,343.03,2.368,3.5626,1.1946,0.393,backfill_yahoo
2026-07-06,feeder,30,0.85,322.78,343.03,4.323,7.5418,3.2188,0.997,backfill_yahoo
2026-07-06,feeder,30,0.9,332.27,343.03,5.865,10.5567,4.6917,1.412,backfill_yahoo
2026-07-06,feeder,30,0.95,351.26,343.03,10.448,19.4881,9.0401,2.574,backfill_yahoo
2026-07-06,feeder,30,1.0,372.14,343.03,18.73,33.6541,14.9241,4.01,backfill_yahoo
2026-07-06,feeder,34,0.75,282.85,341.28,1.617,1.9347,0.3177,0.112,backfill_yahoo
2026-07-06,feeder,34,0.8,301.7,341.28,2.937,4.1747,1.2377,0.41,backfill_yahoo
2026-07-06,feeder,34,0.85,320.56,341.28,5.093,8.289,3.196,0.997,backfill_yahoo
2026-07-06,feeder,34,0.9,329.99,341.28,6.742,11.3055,4.5635,1.383,backfill_yahoo
2026-07-06,feeder,34,0.95,348.84,341.28,11.487,20.0211,8.5341,2.446,backfill_yahoo
2026-07-06,feeder,34,1.0,369.59,341.28,19.789,33.7541,13.9651,3.779,backfill_yahoo
2026-07-06,feeder,39,0.75,281.88,339.49,2.152,2.5792,0.4272,0.152,backfill_yahoo
2026-07-06,feeder,39,0.8,300.67,339.49,3.664,5.1391,1.4751,0.491,backfill_yahoo
2026-07-06,feeder,39,0.85,319.46,339.49,6.148,9.5458,3.3978,1.064,backfill_yahoo
2026-07-06,feeder,39,0.9,328.86,339.49,7.979,12.6614,4.6824,1.424,backfill_yahoo
2026-07-06,feeder,39,0.95,347.65,339.49,13.227,21.4585,8.2315,2.368,backfill_yahoo
2026-07-06,feeder,39,1.0,368.32,339.49,21.724,34.988,13.264,3.601,backfill_yahoo
2026-07-06,feeder,43,0.75,281.21,337.85,2.377,3.154,0.777,0.276,backfill_yahoo
2026-07-06,feeder,43,0.8,299.95,337.85,4.199,5.9659,1.7669,0.589,backfill_yahoo
2026-07-06,feeder,43,0.85,318.7,337.85,6.939,10.6095,3.6705,1.152,backfill_yahoo
2026-07-06,feeder,43,0.9,328.07,337.85,8.825,13.8088,4.9838,1.519,backfill_yahoo
2026-07-06,feeder,43,0.95,346.82,337.85,13.857,22.7299,8.8729,2.558,backfill_yahoo
2026-07-06,feeder,43,1.0,367.44,337.85,22.133,36.1726,14.0396,3.821,backfill_yahoo
2026-07-06,feeder,47,0.75,280.32,336.81,2.976,3.6736,0.6976,0.249,backfill_yahoo
2026-07-06,feeder,47,0.8,299.01,336.81,4.948,6.6582,1.7102,0.572,backfill_yahoo
2026-07-06,feeder,47,0.85,317.69,336.81,7.939,11.4178,3.4788,1.095,backfill_yahoo
2026-07-06,feeder,47,0.9,327.04,336.81,9.805,14.639,4.834,1.478,backfill_yahoo
2026-07-06,feeder,47,0.95,345.73,336.81,15.252,23.5001,8.2481,2.386,backfill_yahoo
2026-07-06,feeder,47,1.0,366.28,336.81,23.731,36.7292,12.9982,3.549,backfill_yahoo
2026-07-06,feeder,52,0.75,279.64,336.27,3.576,4.3163,0.7403,0.265,backfill_yahoo
2026-07-06,feeder,52,0.8,298.28,336.27,5.737,7.4762,1.7392,0.583,backfill_yahoo
2026-07-06,feeder,52,0.85,316.93,336.27,8.916,12.3465,3.4305,1.082,backfill_yahoo
2026-07-06,feeder,52,0.9,326.25,336.27,10.856,15.5712,4.7152,1.445,backfill_yahoo
2026-07-06,feeder,52,0.95,344.89,336.27,16.43,24.3205,7.8905,2.288,backfill_yahoo
2026-07-06,feeder,52,1.0,365.4,336.27,24.933,37.3017,12.3687,3.385,backfill_yahoo
2026-07-07,feeder,13,0.75,293.16,355.83,0.205,0.1187,-0.0863,-0.029,backfill_yahoo
2026-07-07,feeder,13,0.8,312.7,355.83,0.483,0.6457,0.1627,0.052,backfill_yahoo
2026-07-07,feeder,13,0.85,332.24,355.83,1.178,2.6654,1.4874,0.448,backfill_yahoo
2026-07-07,feeder,13,0.9,342.02,355.83,1.888,4.8652,2.9772,0.87,backfill_yahoo
2026-07-07,feeder,13,0.95,361.56,355.83,4.585,13.2254,8.6404,2.39,backfill_yahoo
2026-07-07,feeder,13,1.0,383.06,355.83,11.516,28.9618,17.4458,4.554,backfill_yahoo
2026-07-07,feeder,17,0.75,290.65,352.34,0.42,0.3119,-0.1081,-0.037,backfill_yahoo
2026-07-07,feeder,17,0.8,310.03,352.34,0.902,1.2064,0.3044,0.098,backfill_yahoo
2026-07-07,feeder,17,0.85,329.41,352.34,2.015,3.8229,1.8079,0.549,backfill_yahoo
2026-07-07,feeder,17,0.9,339.09,352.34,2.913,6.2932,3.3802,0.997,backfill_yahoo
2026-07-07,feeder,17,0.95,358.47,352.34,6.219,14.8058,8.5868,2.395,backfill_yahoo
2026-07-07,feeder,17,1.0,379.79,352.34,13.712,29.9585,16.2465,4.278,backfill_yahoo
2026-07-07,feeder,21,0.75,287.38,349.2,0.587,0.5569,-0.0301,-0.01,backfill_yahoo
2026-07-07,feeder,21,0.8,306.54,349.2,1.251,1.7418,0.4908,0.16,backfill_yahoo
2026-07-07,feeder,21,0.85,325.7,349.2,2.541,4.679,2.138,0.656,backfill_yahoo
2026-07-07,feeder,21,0.9,335.28,349.2,3.764,7.2268,3.4628,1.033,backfill_yahoo
2026-07-07,feeder,21,0.95,354.44,349.2,7.729,15.4813,7.7523,2.187,backfill_yahoo
2026-07-07,feeder,21,1.0,375.51,349.2,15.545,29.8558,14.3108,3.811,backfill_yahoo
2026-07-07,feeder,26,0.75,284.43,345.47,0.998,0.9763,-0.0217,-0.008,backfill_yahoo
2026-07-07,feeder,26,0.8,303.4,345.47,1.907,2.5462,0.6392,0.211,backfill_yahoo
2026-07-07,feeder,26,0.85,322.36,345.47,3.499,5.9097,2.4107,0.748,backfill_yahoo
2026-07-07,feeder,26,0.9,331.84,345.47,4.917,8.6047,3.6877,1.111,backfill_yahoo
2026-07-07,feeder,26,0.95,350.8,345.47,9.2,16.8539,7.6539,2.182,backfill_yahoo
2026-07-07,feeder,26,1.0,371.66,345.47,17.07,30.7281,13.6581,3.675,backfill_yahoo
2026-07-07,feeder,30,0.75,283.36,343.13,1.201,1.4186,0.2176,0.077,backfill_yahoo
2026-07-07,feeder,30,0.8,302.25,343.13,2.247,3.3261,1.0791,0.357,backfill_yahoo
2026-07-07,feeder,30,0.85,321.14,343.13,4.234,7.0747,2.8407,0.885,backfill_yahoo
2026-07-07,feeder,30,0.9,330.59,343.13,5.758,9.9352,4.1772,1.264,backfill_yahoo
2026-07-07,feeder,30,0.95,349.48,343.13,10.307,18.4039,8.0969,2.317,backfill_yahoo
2026-07-07,feeder,30,1.0,370.26,343.13,18.557,32.1668,13.6098,3.676,backfill_yahoo
2026-07-07,feeder,34,0.75,281.35,341.16,1.572,1.8203,0.2483,0.088,backfill_yahoo
2026-07-07,feeder,34,0.8,300.1,341.16,2.786,3.9374,1.1514,0.384,backfill_yahoo
2026-07-07,feeder,34,0.85,318.86,341.16,4.98,7.8458,2.8658,0.899,backfill_yahoo
2026-07-07,feeder,34,0.9,328.24,341.16,6.606,10.7247,4.1187,1.255,backfill_yahoo
2026-07-07,feeder,34,0.95,346.99,341.16,11.311,19.0285,7.7175,2.224,backfill_yahoo
2026-07-07,feeder,34,1.0,367.63,341.16,19.571,32.3957,12.8247,3.488,backfill_yahoo
2026-07-07,feeder,39,0.75,280.2,339.22,2.061,2.4357,0.3747,0.134,backfill_yahoo
2026-07-07,feeder,39,0.8,298.88,339.22,3.579,4.8627,1.2837,0.429,backfill_yahoo
2026-07-07,feeder,39,0.85,317.56,339.22,6.064,9.0591,2.9951,0.943,backfill_yahoo
2026-07-07,feeder,39,0.9,326.9,339.22,7.888,12.0362,4.1482,1.269,backfill_yahoo
2026-07-07,feeder,39,0.95,345.58,339.22,13.075,20.4195,7.3445,2.125,backfill_yahoo
2026-07-07,feeder,39,1.0,366.12,339.22,21.498,33.5819,12.0839,3.301,backfill_yahoo
2026-07-07,feeder,43,0.75,279.18,337.34,2.434,2.973,0.539,0.193,backfill_yahoo
2026-07-07,feeder,43,0.8,297.79,337.34,4.263,5.6341,1.3711,0.46,backfill_yahoo
2026-07-07,feeder,43,0.85,316.4,337.34,6.978,10.0446,3.0666,0.969,backfill_yahoo
2026-07-07,feeder,43,0.9,325.71,337.34,8.887,13.0984,4.2114,1.293,backfill_yahoo
2026-07-07,feeder,43,0.95,344.32,337.34,14.039,21.5674,7.5284,2.186,backfill_yahoo
2026-07-07,feeder,43,1.0,364.8,337.34,22.134,34.6272,12.4932,3.425,backfill_yahoo
2026-07-07,feeder,47,0.75,277.94,336.42,3.024,3.4256,0.4016,0.144,backfill_yahoo
2026-07-07,feeder,47,0.8,296.47,336.42,4.993,6.219,1.226,0.414,backfill_yahoo
2026-07-07,feeder,47,0.85,315.0,336.42,8.017,10.6971,2.6801,0.851,backfill_yahoo
2026-07-07,feeder,47,0.9,324.27,336.42,10.026,13.7395,3.7135,1.145,backfill_yahoo
2026-07-07,feeder,47,0.95,342.8,336.42,15.272,22.0466,6.7746,1.976,backfill_yahoo
2026-07-07,feeder,47,1.0,363.18,336.42,23.728,34.8102,11.0822,3.051,backfill_yahoo
2026-07-07,feeder,52,0.75,277.27,336.25,3.626,4.0143,0.3883,0.14,backfill_yahoo
2026-07-07,feeder,52,0.8,295.76,336.25,5.781,6.9646,1.1836,0.4,backfill_yahoo
2026-07-07,feeder,52,0.85,314.24,336.25,8.99,11.5267,2.5367,0.807,backfill_yahoo
2026-07-07,feeder,52,0.9,323.49,336.25,11.081,14.5648,3.4838,1.077,backfill_yahoo
2026-07-07,feeder,52,0.95,341.97,336.25,16.436,22.7108,6.2748,1.835,backfill_yahoo
2026-07-07,feeder,52,1.0,362.31,336.25,24.913,35.1987,10.2857,2.839,backfill_yahoo
2026-07-08,feeder,13,0.75,293.88,350.31,0.222,0.1909,-0.0311,-0.011,backfill_yahoo
2026-07-08,feeder,13,0.8,313.47,350.31,0.499,0.9911,0.4921,0.157,backfill_yahoo
2026-07-08,feeder,13,0.85,333.06,350.31,1.189,3.8461,2.6571,0.798,backfill_yahoo
2026-07-08,feeder,13,0.9,342.86,350.31,1.855,6.7742,4.9192,1.435,backfill_yahoo
2026-07-08,feeder,13,0.95,362.45,350.31,4.602,17.1928,12.5908,3.474,backfill_yahoo
2026-07-08,feeder,13,1.0,384.0,350.31,11.663,34.5148,22.8518,5.951,backfill_yahoo
2026-07-08,feeder,17,0.75,291.06,347.1,0.444,0.4375,-0.0065,-0.002,backfill_yahoo
2026-07-08,feeder,17,0.8,310.46,347.1,0.923,1.6441,0.7211,0.232,backfill_yahoo
2026-07-08,feeder,17,0.85,329.87,347.1,1.973,5.0163,3.0433,0.923,backfill_yahoo
2026-07-08,feeder,17,0.9,339.57,347.1,2.953,8.08,5.127,1.51,backfill_yahoo
2026-07-08,feeder,17,0.95,358.97,347.1,6.269,18.237,11.968,3.334,backfill_yahoo
2026-07-08,feeder,17,1.0,380.32,347.1,13.784,34.694,20.91,5.498,backfill_yahoo
2026-07-08,feeder,21,0.75,287.69,344.02,0.572,0.7328,0.1608,0.056,backfill_yahoo
2026-07-08,feeder,21,0.8,306.86,344.02,1.244,2.2465,1.0025,0.327,backfill_yahoo
2026-07-08,feeder,21,0.85,326.04,344.02,2.599,5.8769,3.2779,1.005,backfill_yahoo
2026-07-08,feeder,21,0.9,335.63,344.02,3.793,8.9362,5.1432,1.532,backfill_yahoo
2026-07-08,feeder,21,0.95,354.81,344.02,7.702,18.6415,10.9395,3.083,backfill_yahoo
2026-07-08,feeder,21,1.0,375.91,344.02,15.575,34.2056,18.6306,4.956,backfill_yahoo
2026-07-08,feeder,26,0.75,284.66,340.21,0.971,1.2275,0.2565,0.09,backfill_yahoo
2026-07-08,feeder,26,0.8,303.64,340.21,1.893,3.1576,1.2646,0.416,backfill_yahoo
2026-07-08,feeder,26,0.85,322.62,340.21,3.564,7.1923,3.6283,1.125,backfill_yahoo
2026-07-08,feeder,26,0.9,332.1,340.21,4.942,10.3506,5.4086,1.629,backfill_yahoo
2026-07-08,feeder,26,0.95,351.08,340.21,9.153,19.9356,10.7826,3.071,backfill_yahoo
2026-07-08,feeder,26,1.0,371.96,340.21,17.072,34.8914,17.8194,4.791,backfill_yahoo
2026-07-08,feeder,30,0.75,283.44,337.89,1.207,1.7244,0.5174,0.183,backfill_yahoo
2026-07-08,feeder,30,0.8,302.33,337.89,2.205,4.0009,1.7959,0.594,backfill_yahoo
2026-07-08,feeder,30,0.85,321.23,337.89,4.211,8.3874,4.1764,1.3,backfill_yahoo
2026-07-08,feeder,30,0.9,330.67,337.89,5.757,11.6694,5.9124,1.788,backfill_yahoo
2026-07-08,feeder,30,0.95,349.57,337.89,10.296,21.3604,11.0644,3.165,backfill_yahoo
2026-07-08,feeder,30,1.0,370.36,337.89,18.527,36.0864,17.5594,4.741,backfill_yahoo
2026-07-08,feeder,34,0.75,281.23,335.92,1.573,2.1517,0.5787,0.206,backfill_yahoo
2026-07-08,feeder,34,0.8,299.98,335.92,2.729,4.6205,1.8915,0.631,backfill_yahoo
2026-07-08,feeder,34,0.85,318.73,335.92,4.942,9.104,4.162,1.306,backfill_yahoo
2026-07-08,feeder,34,0.9,328.11,335.92,6.592,12.3609,5.7689,1.758,backfill_yahoo
2026-07-08,feeder,34,0.95,346.85,335.92,11.276,21.7711,10.4951,3.026,backfill_yahoo
2026-07-08,feeder,34,1.0,367.48,335.92,19.501,36.0007,16.4997,4.49,backfill_yahoo
2026-07-08,feeder,39,0.75,279.98,333.89,2.055,2.8226,0.7676,0.274,backfill_yahoo
2026-07-08,feeder,39,0.8,298.65,333.89,3.595,5.6039,2.0089,0.673,backfill_yahoo
2026-07-08,feeder,39,0.85,317.31,333.89,6.12,10.3479,4.2279,1.332,backfill_yahoo
2026-07-08,feeder,39,0.9,326.65,333.89,7.849,13.6772,5.8282,1.784,backfill_yahoo
2026-07-08,feeder,39,0.95,345.31,333.89,13.034,23.1048,10.0708,2.916,backfill_yahoo
2026-07-08,feeder,39,1.0,365.84,333.89,21.467,37.0631,15.5961,4.263,backfill_yahoo
2026-07-08,feeder,43,0.75,278.78,332.21,2.376,3.365,0.989,0.355,backfill_yahoo
2026-07-08,feeder,43,0.8,297.37,332.21,4.031,6.3514,2.3204,0.78,backfill_yahoo
2026-07-08,feeder,43,0.85,315.95,332.21,6.623,11.2472,4.6242,1.464,backfill_yahoo
2026-07-08,feeder,43,0.9,325.25,332.21,8.563,14.6065,6.0435,1.858,backfill_yahoo
2026-07-08,feeder,43,0.95,343.83,332.21,13.921,23.9992,10.0782,2.931,backfill_yahoo
2026-07-08,feeder,43,1.0,364.28,332.21,22.58,37.7383,15.1583,4.161,backfill_yahoo
2026-07-08,feeder,47,0.75,277.56,331.49,2.948,3.8237,0.8757,0.316,backfill_yahoo
2026-07-08,feeder,47,0.8,296.07,331.49,4.996,6.921,1.925,0.65,backfill_yahoo
2026-07-08,feeder,47,0.85,314.57,331.49,8.024,11.841,3.817,1.213,backfill_yahoo
2026-07-08,feeder,47,0.9,323.83,331.49,9.898,15.1589,5.2609,1.625,backfill_yahoo
2026-07-08,feeder,47,0.95,342.33,331.49,15.29,24.323,9.033,2.639,backfill_yahoo
2026-07-08,feeder,47,1.0,362.68,331.49,23.749,37.7089,13.9599,3.849,backfill_yahoo
2026-07-08,feeder,52,0.75,277.35,331.33,3.536,4.5002,0.9642,0.348,backfill_yahoo
2026-07-08,feeder,52,0.8,295.84,331.33,5.779,7.786,2.007,0.678,backfill_yahoo
2026-07-08,feeder,52,0.85,314.33,331.33,8.991,12.8288,3.8378,1.221,backfill_yahoo
2026-07-08,feeder,52,0.9,323.58,331.33,10.935,16.16,5.225,1.615,backfill_yahoo
2026-07-08,feeder,52,0.95,342.07,331.33,16.445,25.2548,8.8098,2.575,backfill_yahoo
2026-07-08,feeder,52,1.0,362.41,331.33,24.92,38.4246,13.5046,3.726,backfill_yahoo
2026-07-09,feeder,13,0.75,289.28,348.21,0.27,0.1458,-0.1242,-0.043,backfill_yahoo
2026-07-09,feeder,13,0.8,308.57,348.21,0.567,0.7772,0.2102,0.068,backfill_yahoo
2026-07-09,feeder,13,0.85,327.86,348.21,1.285,3.1216,1.8366,0.56,backfill_yahoo
2026-07-09,feeder,13,0.9,337.5,348.21,2.033,5.6031,3.5701,1.058,backfill_yahoo
2026-07-09,feeder,13,0.95,356.78,348.21,4.851,14.7712,9.9202,2.78,backfill_yahoo
2026-07-09,feeder,13,1.0,378.0,348.21,11.835,31.0422,19.2072,5.081,backfill_yahoo
2026-07-09,feeder,17,0.75,286.61,345.1,0.512,0.3537,-0.1583,-0.055,backfill_yahoo
2026-07-09,feeder,17,0.8,305.72,345.1,1.041,1.3528,0.3118,0.102,backfill_yahoo
2026-07-09,feeder,17,0.85,324.83,345.1,2.213,4.2214,2.0084,0.618,backfill_yahoo
2026-07-09,feeder,17,0.9,334.38,345.1,3.137,6.8887,3.7517,1.122,backfill_yahoo
2026-07-09,feeder,17,0.95,353.49,345.1,6.666,15.9461,9.2801,2.625,backfill_yahoo
2026-07-09,feeder,17,1.0,374.51,345.1,14.006,31.4285,17.4225,4.652,backfill_yahoo
2026-07-09,feeder,21,0.75,283.37,342.09,0.636,0.6139,-0.0221,-0.008,backfill_yahoo
2026-07-09,feeder,21,0.8,302.26,342.09,1.368,1.9052,0.5372,0.178,backfill_yahoo
2026-07-09,feeder,21,0.85,321.15,342.09,2.809,5.0636,2.2546,0.702,backfill_yahoo
2026-07-09,feeder,21,0.9,330.6,342.09,4.033,7.7737,3.7407,1.131,backfill_yahoo
2026-07-09,feeder,21,0.95,349.49,342.09,8.08,16.4855,8.4055,2.405,backfill_yahoo
2026-07-09,feeder,21,1.0,370.27,342.09,15.801,31.1439,15.3429,4.144,backfill_yahoo
2026-07-09,feeder,26,0.75,280.35,338.33,1.061,1.0538,-0.0072,-0.003,backfill_yahoo
2026-07-09,feeder,26,0.8,299.04,338.33,2.056,2.7332,0.6772,0.226,backfill_yahoo
2026-07-09,feeder,26,0.85,317.74,338.33,3.815,6.3009,2.4859,0.782,backfill_yahoo
2026-07-09,feeder,26,0.9,327.08,338.33,5.213,9.1322,3.9192,1.198,backfill_yahoo
2026-07-09,feeder,26,0.95,345.77,338.33,9.559,17.7808,8.2218,2.378,backfill_yahoo
2026-07-09,feeder,26,1.0,366.33,338.33,17.296,31.884,14.588,3.982,backfill_yahoo
2026-07-09,feeder,30,0.75,279.06,336.13,1.318,1.4932,0.1752,0.063,backfill_yahoo
2026-07-09,feeder,30,0.8,297.66,336.13,2.396,3.4888,1.0928,0.367,backfill_yahoo
2026-07-09,feeder,30,0.85,316.27,336.13,4.474,7.3868,2.9128,0.921,backfill_yahoo
2026-07-09,feeder,30,0.9,325.57,336.13,6.04,10.3405,4.3005,1.321,backfill_yahoo
2026-07-09,feeder,30,0.95,344.17,336.13,10.753,19.0851,8.3321,2.421,backfill_yahoo
2026-07-09,feeder,30,1.0,364.64,336.13,18.839,32.9707,14.1317,3.876,backfill_yahoo
2026-07-09,feeder,34,0.75,276.92,334.24,1.703,1.8867,0.1837,0.066,backfill_yahoo
2026-07-09,feeder,34,0.8,295.38,334.24,2.943,4.0727,1.1297,0.382,backfill_yahoo
2026-07-09,feeder,34,0.85,313.84,334.24,5.221,8.087,2.866,0.913,backfill_yahoo
2026-07-09,feeder,34,0.9,323.07,334.24,6.884,11.0309,4.1469,1.284,backfill_yahoo
2026-07-09,feeder,34,0.95,341.53,334.24,11.739,19.5407,7.8017,2.284,backfill_yahoo
2026-07-09,feeder,34,1.0,361.84,334.24,19.799,32.9625,13.1635,3.638,backfill_yahoo
2026-07-09,feeder,39,0.75,275.59,332.34,2.175,2.4898,0.3148,0.114,backfill_yahoo
2026-07-09,feeder,39,0.8,293.96,332.34,3.741,4.9631,1.2221,0.416,backfill_yahoo
2026-07-09,feeder,39,0.85,312.34,332.34,6.375,9.2285,2.8535,0.914,backfill_yahoo
2026-07-09,feeder,39,0.9,321.52,332.34,8.255,12.2421,3.9871,1.24,backfill_yahoo
2026-07-09,feeder,39,0.95,339.9,332.34,13.389,20.7593,7.3703,2.168,backfill_yahoo
2026-07-09,feeder,39,1.0,360.11,332.34,21.767,33.9205,12.1535,3.375,backfill_yahoo
2026-07-09,feeder,43,0.75,274.43,330.76,2.537,2.9907,0.4537,0.165,backfill_yahoo
2026-07-09,feeder,43,0.8,292.73,330.76,4.237,5.6646,1.4276,0.488,backfill_yahoo
2026-07-09,feeder,43,0.85,311.02,330.76,7.041,10.0858,3.0448,0.979,backfill_yahoo
2026-07-09,feeder,43,0.9,320.17,330.76,8.906,13.1418,4.2358,1.323,backfill_yahoo
2026-07-09,feeder,43,0.95,338.47,330.76,14.254,21.6396,7.3856,2.182,backfill_yahoo
2026-07-09,feeder,43,1.0,358.59,330.76,22.729,34.5989,11.8699,3.31,backfill_yahoo
2026-07-09,feeder,47,0.75,273.5,330.18,3.028,3.4446,0.4166,0.152,backfill_yahoo
2026-07-09,feeder,47,0.8,291.73,330.18,5.111,6.2492,1.1382,0.39,backfill_yahoo
2026-07-09,feeder,47,0.85,309.96,330.18,8.173,10.7375,2.5645,0.827,backfill_yahoo
2026-07-09,feeder,47,0.9,319.08,330.18,10.19,13.7822,3.5922,1.126,backfill_yahoo
2026-07-09,feeder,47,0.95,337.31,330.18,15.352,22.1185,6.7665,2.006,backfill_yahoo
2026-07-09,feeder,47,1.0,357.37,330.18,23.736,34.8049,11.0689,3.097,backfill_yahoo
2026-07-09,feeder,52,0.75,273.3,330.11,3.621,4.079,0.458,0.168,backfill_yahoo
2026-07-09,feeder,52,0.8,291.52,330.11,5.897,7.0712,1.1742,0.403,backfill_yahoo
2026-07-09,feeder,52,0.85,309.74,330.11,9.14,11.6909,2.5509,0.824,backfill_yahoo
2026-07-09,feeder,52,0.9,318.85,330.11,11.233,14.7581,3.5251,1.106,backfill_yahoo
2026-07-09,feeder,52,0.95,337.07,330.11,16.495,23.0356,6.5406,1.94,backfill_yahoo
2026-07-09,feeder,52,1.0,357.11,330.11,24.887,35.5201,10.6331,2.978,backfill_yahoo
2026-07-10,feeder,13,0.75,287.56,348.09,0.265,0.1251,-0.1399,-0.049,backfill_yahoo
2026-07-10,feeder,13,0.8,306.73,348.09,0.644,0.6762,0.0322,0.01,backfill_yahoo
2026-07-10,feeder,13,0.85,325.9,348.09,1.457,2.7666,1.3096,0.402,backfill_yahoo
2026-07-10,feeder,13,0.9,335.48,348.09,2.254,5.0197,2.7657,0.824,backfill_yahoo
2026-07-10,feeder,13,0.95,354.65,348.09,5.213,13.5163,8.3033,2.341,backfill_yahoo
2026-07-10,feeder,13,1.0,375.74,348.09,12.299,29.198,16.899,4.498,backfill_yahoo
2026-07-10,feeder,17,0.75,284.87,344.99,0.547,0.3121,-0.2349,-0.082,backfill_yahoo
2026-07-10,feeder,17,0.8,303.86,344.99,1.174,1.2048,0.0308,0.01,backfill_yahoo
2026-07-10,feeder,17,0.85,322.85,344.99,2.367,3.8085,1.4415,0.446,backfill_yahoo
2026-07-10,feeder,17,0.9,332.35,344.99,3.406,6.2654,2.8594,0.86,backfill_yahoo
2026-07-10,feeder,17,0.95,351.34,344.99,6.922,14.7035,7.7815,2.215,backfill_yahoo
2026-07-10,feeder,17,1.0,372.23,344.99,14.581,29.6308,15.0498,4.043,backfill_yahoo
2026-07-10,feeder,21,0.75,281.75,341.98,0.708,0.5563,-0.1517,-0.054,backfill_yahoo
2026-07-10,feeder,21,0.8,300.53,341.98,1.516,1.7371,0.2211,0.074,backfill_yahoo
2026-07-10,feeder,21,0.85,319.32,341.98,3.0,4.6595,1.6595,0.52,backfill_yahoo
2026-07-10,feeder,21,0.9,328.71,341.98,4.274,7.1886,2.9146,0.887,backfill_yahoo
2026-07-10,feeder,21,0.95,347.49,341.98,8.314,15.3727,7.0587,2.031,backfill_yahoo
2026-07-10,feeder,21,1.0,368.15,341.98,16.249,29.5473,13.2983,3.612,backfill_yahoo
2026-07-10,feeder,26,0.75,278.86,338.23,1.167,0.9764,-0.1906,-0.068,backfill_yahoo
2026-07-10,feeder,26,0.8,297.45,338.23,2.25,2.5426,0.2926,0.098,backfill_yahoo
2026-07-10,feeder,26,0.85,316.04,338.23,4.042,5.8927,1.8507,0.586,backfill_yahoo
2026-07-10,feeder,26,0.9,325.34,338.23,5.49,8.5738,3.0838,0.948,backfill_yahoo
2026-07-10,feeder,26,0.95,343.93,338.23,9.805,16.7734,6.9684,2.026,backfill_yahoo
2026-07-10,feeder,26,1.0,364.38,338.23,17.768,30.4688,12.7008,3.486,backfill_yahoo
2026-07-10,feeder,30,0.75,277.55,336.06,1.379,1.3915,0.0125,0.005,backfill_yahoo
2026-07-10,feeder,30,0.8,296.05,336.06,2.577,3.2619,0.6849,0.231,backfill_yahoo
2026-07-10,feeder,30,0.85,314.55,336.06,4.736,6.9369,2.2009,0.7,backfill_yahoo
2026-07-10,feeder,30,0.9,323.81,336.06,6.335,9.7425,3.4075,1.052,backfill_yahoo
2026-07-10,feeder,30,0.95,342.31,336.06,11.002,18.0442,7.0422,2.057,backfill_yahoo
2026-07-10,feeder,30,1.0,362.66,336.06,19.206,31.5283,12.3223,3.398,backfill_yahoo
2026-07-10,feeder,34,0.75,275.56,334.17,1.772,1.781,0.009,0.003,backfill_yahoo
2026-07-10,feeder,34,0.8,293.93,334.17,3.145,3.8535,0.7085,0.241,backfill_yahoo
2026-07-10,feeder,34,0.85,312.3,334.17,5.501,7.6779,2.1769,0.697,backfill_yahoo
2026-07-10,feeder,34,0.9,321.48,334.17,7.191,10.4931,3.3021,1.027,backfill_yahoo
2026-07-10,feeder,34,0.95,339.85,334.17,11.982,18.6218,6.6398,1.954,backfill_yahoo
2026-07-10,feeder,34,1.0,360.06,334.17,20.155,31.705,11.55,3.208,backfill_yahoo
2026-07-10,feeder,39,0.75,274.31,332.29,2.336,2.3704,0.0344,0.013,backfill_yahoo
2026-07-10,feeder,39,0.8,292.59,332.29,3.977,4.732,0.755,0.258,backfill_yahoo
2026-07-10,feeder,39,0.85,310.88,332.29,6.558,8.8196,2.2616,0.727,backfill_yahoo
2026-07-10,feeder,39,0.9,320.02,332.29,8.432,11.7192,3.2872,1.027,backfill_yahoo
2026-07-10,feeder,39,0.95,338.31,332.29,13.735,19.8851,6.1501,1.818,backfill_yahoo
2026-07-10,feeder,39,1.0,358.43,332.29,22.216,32.746,10.53,2.938,backfill_yahoo
2026-07-10,feeder,43,0.75,273.18,330.7,2.664,2.8614,0.1974,0.072,backfill_yahoo
2026-07-10,feeder,43,0.8,291.39,330.7,4.329,5.4253,1.0963,0.376,backfill_yahoo
2026-07-10,feeder,43,0.85,309.61,330.7,7.159,9.6833,2.5243,0.815,backfill_yahoo
2026-07-10,feeder,43,0.9,318.71,330.7,9.152,12.6302,3.4782,1.091,backfill_yahoo
2026-07-10,feeder,43,0.95,336.92,330.7,14.631,20.7968,6.1658,1.83,backfill_yahoo
2026-07-10,feeder,43,1.0,356.96,330.7,23.2,33.4836,10.2836,2.881,backfill_yahoo
2026-07-10,feeder,47,0.75,272.41,330.18,3.093,3.3188,0.2258,0.083,backfill_yahoo
2026-07-10,feeder,47,0.8,290.57,330.18,5.088,6.0267,0.9387,0.323,backfill_yahoo
2026-07-10,feeder,47,0.85,308.73,330.18,8.157,10.3712,2.2142,0.717,backfill_yahoo
2026-07-10,feeder,47,0.9,317.81,330.18,10.155,13.3234,3.1684,0.997,backfill_yahoo
2026-07-10,feeder,47,0.95,335.97,330.18,15.447,21.3747,5.9277,1.764,backfill_yahoo
2026-07-10,feeder,47,1.0,355.95,330.18,23.797,33.8201,10.0231,2.816,backfill_yahoo
2026-07-10,feeder,52,0.75,272.32,330.11,3.69,3.9551,0.2651,0.097,backfill_yahoo
2026-07-10,feeder,52,0.8,290.47,330.11,5.866,6.8595,0.9935,0.342,backfill_yahoo
2026-07-10,feeder,52,0.85,308.63,330.11,9.115,11.3546,2.2396,0.726,backfill_yahoo
2026-07-10,feeder,52,0.9,317.7,330.11,11.188,14.3409,3.1529,0.992,backfill_yahoo
2026-07-10,feeder,52,0.95,335.86,330.11,16.581,22.3697,5.7887,1.724,backfill_yahoo
2026-07-10,feeder,52,1.0,355.83,330.11,24.936,34.6483,9.7123,2.729,backfill_yahoo
2026-07-13,feeder,13,0.75,286.93,340.96,0.277,0.2019,-0.0751,-0.026,backfill_yahoo
2026-07-13,feeder,13,0.8,306.05,340.96,0.641,1.0389,0.3979,0.13,backfill_yahoo
2026-07-13,feeder,13,0.85,325.18,340.96,1.483,3.9881,2.5051,0.77,backfill_yahoo
2026-07-13,feeder,13,0.9,334.75,340.96,2.277,6.9812,4.7042,1.405,backfill_yahoo
2026-07-13,feeder,13,0.95,353.87,340.96,5.229,17.4914,12.2624,3.465,backfill_yahoo
2026-07-13,feeder,13,1.0,374.92,340.96,12.317,34.6414,22.3244,5.954,backfill_yahoo
2026-07-13,feeder,17,0.75,283.78,337.5,0.572,0.4507,-0.1213,-0.043,backfill_yahoo
2026-07-13,feeder,17,0.8,302.69,337.5,1.138,1.6849,0.5469,0.181,backfill_yahoo
2026-07-13,feeder,17,0.85,321.61,337.5,2.432,5.1063,2.6743,0.832,backfill_yahoo
2026-07-13,feeder,17,0.9,331.07,337.5,3.421,8.1953,4.7743,1.442,backfill_yahoo
2026-07-13,feeder,17,0.95,349.99,337.5,7.033,18.3648,11.3318,3.238,backfill_yahoo
2026-07-13,feeder,17,1.0,370.8,337.5,14.389,34.5952,20.2062,5.449,backfill_yahoo
2026-07-13,feeder,21,0.75,280.7,334.48,0.71,0.7589,0.0489,0.017,backfill_yahoo
2026-07-13,feeder,21,0.8,299.42,334.48,1.491,2.3179,0.8269,0.276,backfill_yahoo
2026-07-13,feeder,21,0.85,318.13,334.48,3.039,6.0245,2.9855,0.938,backfill_yahoo
2026-07-13,feeder,21,0.9,327.49,334.48,4.345,9.1286,4.7836,1.461,backfill_yahoo
2026-07-13,feeder,21,0.95,346.2,334.48,8.491,18.9115,10.4205,3.01,backfill_yahoo
2026-07-13,feeder,21,1.0,366.79,334.48,16.32,34.3366,18.0166,4.912,backfill_yahoo
2026-07-13,feeder,26,0.75,278.09,330.84,1.162,1.2784,0.1164,0.042,backfill_yahoo
2026-07-13,feeder,26,0.8,296.63,330.84,2.199,3.2747,1.0757,0.363,backfill_yahoo
2026-07-13,feeder,26,0.85,315.17,330.84,4.066,7.4162,3.3502,1.063,backfill_yahoo
2026-07-13,feeder,26,0.9,324.44,330.84,5.543,10.6407,5.0977,1.571,backfill_yahoo
2026-07-13,feeder,26,0.95,342.98,330.84,9.954,20.3732,10.4192,3.038,backfill_yahoo
2026-07-13,feeder,26,1.0,363.37,330.84,17.766,35.2561,17.4901,4.813,backfill_yahoo
2026-07-13,feeder,30,0.75,276.65,328.93,1.439,1.7386,0.2996,0.108,backfill_yahoo
2026-07-13,feeder,30,0.8,295.09,328.93,2.592,4.0267,1.4347,0.486,backfill_yahoo
2026-07-13,feeder,30,0.85,313.53,328.93,4.754,8.4173,3.6633,1.168,backfill_yahoo
2026-07-13,feeder,30,0.9,322.75,328.93,6.36,11.6955,5.3355,1.653,backfill_yahoo
2026-07-13,feeder,30,0.95,341.2,328.93,11.159,21.3562,10.1972,2.989,backfill_yahoo
2026-07-13,feeder,30,1.0,361.48,328.93,19.228,35.87,16.642,4.604,backfill_yahoo
2026-07-13,feeder,34,0.75,274.88,327.19,1.828,2.1863,0.3583,0.13,backfill_yahoo
2026-07-13,feeder,34,0.8,293.2,327.19,3.137,4.6847,1.5477,0.528,backfill_yahoo
2026-07-13,feeder,34,0.85,311.53,327.19,5.484,9.2065,3.7225,1.195,backfill_yahoo
2026-07-13,feeder,34,0.9,320.69,327.19,7.173,12.4761,5.3031,1.654,backfill_yahoo
2026-07-13,feeder,34,0.95,339.01,327.19,12.081,21.9263,9.8453,2.904,backfill_yahoo
2026-07-13,feeder,34,1.0,359.17,327.19,20.077,36.0194,15.9424,4.439,backfill_yahoo
2026-07-13,feeder,39,0.75,273.92,325.89,2.352,2.826,0.474,0.173,backfill_yahoo
2026-07-13,feeder,39,0.8,292.18,325.89,3.962,5.6042,1.6422,0.562,backfill_yahoo
2026-07-13,feeder,39,0.85,310.44,325.89,6.561,10.3351,3.7741,1.216,backfill_yahoo
2026-07-13,feeder,39,0.9,319.57,325.89,8.426,13.6451,5.2191,1.633,backfill_yahoo
2026-07-13,feeder,39,0.95,337.83,325.89,13.666,23.0305,9.3645,2.772,backfill_yahoo
2026-07-13,feeder,39,1.0,357.92,325.89,22.055,36.8078,14.7528,4.122,backfill_yahoo
2026-07-13,feeder,43,0.75,272.79,324.38,2.652,3.3559,0.7039,0.258,backfill_yahoo
2026-07-13,feeder,43,0.8,290.98,324.38,4.433,6.3297,1.8967,0.652,backfill_yahoo
2026-07-13,feeder,43,0.85,309.16,324.38,7.168,11.1966,4.0286,1.303,backfill_yahoo
2026-07-13,feeder,43,0.9,318.26,324.38,9.154,14.531,5.377,1.689,backfill_yahoo
2026-07-13,feeder,43,0.95,336.44,324.38,14.607,23.8607,9.2537,2.75,backfill_yahoo
2026-07-13,feeder,43,1.0,356.45,324.38,23.187,37.4048,14.2178,3.989,backfill_yahoo
2026-07-13,feeder,47,0.75,272.15,324.04,3.084,3.845,0.761,0.28,backfill_yahoo
2026-07-13,feeder,47,0.8,290.29,324.04,5.184,6.9521,1.7681,0.609,backfill_yahoo
2026-07-13,feeder,47,0.85,308.43,324.04,8.154,11.8799,3.7259,1.208,backfill_yahoo
2026-07-13,feeder,47,0.9,317.51,324.04,10.136,15.1968,5.0608,1.594,backfill_yahoo
2026-07-13,feeder,47,0.95,335.65,324.04,15.433,24.3755,8.9425,2.664,backfill_yahoo
2026-07-13,feeder,47,1.0,355.61,324.04,23.765,37.6436,13.8786,3.903,backfill_yahoo
2026-07-13,feeder,52,0.75,271.91,323.96,3.669,4.5028,0.8338,0.307,backfill_yahoo
2026-07-13,feeder,52,0.8,290.04,323.96,5.957,7.7871,1.8301,0.631,backfill_yahoo
2026-07-13,feeder,52,0.85,308.16,323.96,9.09,12.8167,3.7267,1.209,backfill_yahoo
2026-07-13,feeder,52,0.9,317.23,323.96,11.14,16.1361,4.9961,1.575,backfill_yahoo
2026-07-13,feeder,52,0.95,335.35,323.96,16.53,25.2141,8.6841,2.59,backfill_yahoo
2026-07-13,feeder,52,1.0,355.29,323.96,24.85,38.2403,13.3903,3.769,backfill_yahoo
2026-07-14,feeder,13,0.75,281.68,339.22,0.337,0.1402,-0.1968,-0.07,backfill_yahoo
2026-07-14,feeder,13,0.8,300.46,339.22,0.694,0.7483,0.0543,0.018,backfill_yahoo
2026-07-14,feeder,13,0.85,319.24,339.22,1.57,3.0097,1.4397,0.451,backfill_yahoo
2026-07-14,feeder,13,0.9,328.63,339.22,2.429,5.4085,2.9795,0.907,backfill_yahoo
2026-07-14,feeder,13,0.95,347.4,339.22,5.504,14.2819,8.7779,2.527,backfill_yahoo
2026-07-14,feeder,13,1.0,368.06,339.22,12.705,30.0829,17.3779,4.721,backfill_yahoo
2026-07-14,feeder,17,0.75,278.41,335.2,0.63,0.3441,-0.2859,-0.103,backfill_yahoo
2026-07-14,feeder,17,0.8,296.97,335.2,1.276,1.3155,0.0395,0.013,backfill_yahoo
2026-07-14,feeder,17,0.85,315.53,335.2,2.511,4.1037,1.5927,0.505,backfill_yahoo
2026-07-14,feeder,17,0.9,324.81,335.2,3.61,6.6974,3.0874,0.951,backfill_yahoo
2026-07-14,feeder,17,0.95,343.37,335.2,7.335,15.4991,8.1641,2.378,backfill_yahoo
2026-07-14,feeder,17,1.0,363.79,335.2,14.762,30.5435,15.7815,4.338,backfill_yahoo
2026-07-14,feeder,21,0.75,275.38,332.12,0.802,0.6069,-0.1951,-0.071,backfill_yahoo
2026-07-14,feeder,21,0.8,293.74,332.12,1.605,1.8813,0.2763,0.094,backfill_yahoo
2026-07-14,feeder,21,0.85,312.1,332.12,3.22,4.9925,1.7725,0.568,backfill_yahoo
2026-07-14,feeder,21,0.9,321.28,332.12,4.509,7.6557,3.1467,0.979,backfill_yahoo
2026-07-14,feeder,21,0.95,339.64,332.12,8.706,16.21,7.504,2.209,backfill_yahoo
2026-07-14,feeder,21,1.0,359.83,332.12,16.603,30.523,13.92,3.868,backfill_yahoo
2026-07-14,feeder,26,0.75,272.87,328.49,1.289,1.0626,-0.2264,-0.083,backfill_yahoo
2026-07-14,feeder,26,0.8,291.06,328.49,2.342,2.7499,0.4079,0.14,backfill_yahoo
2026-07-14,feeder,26,0.85,309.26,328.49,4.272,6.3206,2.0486,0.662,backfill_yahoo
2026-07-14,feeder,26,0.9,318.35,328.49,5.721,9.1444,3.4234,1.075,backfill_yahoo
2026-07-14,feeder,26,0.95,336.54,328.49,10.173,17.7576,7.5846,2.254,backfill_yahoo
2026-07-14,feeder,26,1.0,356.55,328.49,18.056,31.6413,13.5853,3.81,backfill_yahoo
2026-07-14,feeder,30,0.75,271.44,326.61,1.505,1.4715,-0.0335,-0.012,backfill_yahoo
2026-07-14,feeder,30,0.8,289.54,326.61,2.759,3.4369,0.6779,0.234,backfill_yahoo
2026-07-14,feeder,30,0.85,307.63,326.61,4.983,7.2662,2.2832,0.742,backfill_yahoo
2026-07-14,feeder,30,0.9,316.68,326.61,6.625,10.1672,3.5422,1.119,backfill_yahoo
2026-07-14,feeder,30,0.95,334.78,326.61,11.337,18.7557,7.4187,2.216,backfill_yahoo
2026-07-14,feeder,30,1.0,354.68,326.61,19.505,32.3168,12.8118,3.612,backfill_yahoo
2026-07-14,feeder,34,0.75,269.82,324.85,1.9,1.8907,-0.0093,-0.003,backfill_yahoo
2026-07-14,feeder,34,0.8,287.8,324.85,3.319,4.0751,0.7561,0.263,backfill_yahoo
2026-07-14,feeder,34,0.85,305.79,324.85,5.722,8.0781,2.3561,0.77,backfill_yahoo
2026-07-14,feeder,34,0.9,314.79,324.85,7.443,11.0087,3.5657,1.133,backfill_yahoo
2026-07-14,feeder,34,0.95,332.77,324.85,12.246,19.4752,7.2292,2.172,backfill_yahoo
2026-07-14,feeder,34,1.0,352.56,324.85,20.341,32.6931,12.3521,3.504,backfill_yahoo
2026-07-14,feeder,39,0.75,268.95,323.77,2.421,2.4714,0.0504,0.019,backfill_yahoo
2026-07-14,feeder,39,0.8,286.88,323.77,4.048,4.9238,0.8758,0.305,backfill_yahoo
2026-07-14,feeder,39,0.85,304.81,323.77,6.776,9.1442,2.3682,0.777,backfill_yahoo
2026-07-14,feeder,39,0.9,313.77,323.77,8.701,12.1234,3.4224,1.091,backfill_yahoo
2026-07-14,feeder,39,0.95,331.7,323.77,13.996,20.546,6.55,1.975,backfill_yahoo
2026-07-14,feeder,39,1.0,351.43,323.77,22.34,33.4826,11.1426,3.171,backfill_yahoo
2026-07-14,feeder,43,0.75,267.84,322.34,2.759,2.958,0.199,0.074,backfill_yahoo
2026-07-14,feeder,43,0.8,285.7,322.34,4.529,5.6002,1.0712,0.375,backfill_yahoo
2026-07-14,feeder,43,0.85,303.55,322.34,7.411,9.9642,2.5532,0.841,backfill_yahoo
2026-07-14,feeder,43,0.9,312.48,322.34,9.4,12.9775,3.5775,1.145,backfill_yahoo
2026-07-14,feeder,43,0.95,330.34,322.34,14.881,21.3661,6.4851,1.963,backfill_yahoo
2026-07-14,feeder,43,1.0,349.98,322.34,23.364,34.0882,10.7242,3.064,backfill_yahoo
2026-07-14,feeder,47,0.75,267.34,321.85,3.152,3.4459,0.2939,0.11,backfill_yahoo
2026-07-14,feeder,47,0.8,285.16,321.85,5.251,6.2476,0.9966,0.349,backfill_yahoo
2026-07-14,feeder,47,0.85,302.98,321.85,8.392,10.7236,2.3316,0.77,backfill_yahoo
2026-07-14,feeder,47,0.9,311.89,321.85,10.412,13.7532,3.3412,1.071,backfill_yahoo
2026-07-14,feeder,47,0.95,329.72,321.85,15.622,22.081,6.459,1.959,backfill_yahoo
2026-07-14,feeder,47,1.0,349.32,321.85,23.622,34.6064,10.9844,3.145,backfill_yahoo
2026-07-14,feeder,52,0.75,267.24,321.45,3.739,4.1162,0.3772,0.141,backfill_yahoo
2026-07-14,feeder,52,0.8,285.06,321.45,6.02,7.1314,1.1114,0.39,backfill_yahoo
2026-07-14,feeder,52,0.85,302.87,321.45,9.332,11.7738,2.4418,0.806,backfill_yahoo
2026-07-14,feeder,52,0.9,311.78,321.45,11.421,14.8511,3.4301,1.1,backfill_yahoo
2026-07-14,feeder,52,0.95,329.6,321.45,16.713,23.1988,6.4858,1.968,backfill_yahoo
2026-07-14,feeder,52,1.0,349.19,321.45,24.684,35.5853,10.9013,3.122,backfill_yahoo
2026-07-15,feeder,13,0.75,280.39,334.65,0.292,0.1763,-0.1157,-0.041,backfill_yahoo
2026-07-15,feeder,13,0.8,299.08,334.65,0.648,0.9184,0.2704,0.09,backfill_yahoo
2026-07-15,feeder,13,0.85,317.78,334.65,1.47,3.5821,2.1121,0.665,backfill_yahoo
2026-07-15,feeder,13,0.9,327.12,334.65,2.319,6.3212,4.0022,1.223,backfill_yahoo
2026-07-15,feeder,13,0.95,345.81,334.65,5.475,16.1244,10.6494,3.08,backfill_yahoo
2026-07-15,feeder,13,1.0,366.38,334.65,12.49,32.5652,20.0752,5.479,backfill_yahoo
2026-07-15,feeder,17,0.75,276.48,330.62,0.595,0.3929,-0.2021,-0.073,backfill_yahoo
2026-07-15,feeder,17,0.8,294.92,330.62,1.215,1.4852,0.2702,0.092,backfill_yahoo
2026-07-15,feeder,17,0.85,313.35,330.62,2.423,4.5591,2.1361,0.682,backfill_yahoo
2026-07-15,feeder,17,0.9,322.56,330.62,3.542,7.3696,3.8276,1.187,backfill_yahoo
2026-07-15,feeder,17,0.95,341.0,330.62,7.284,16.7643,9.4803,2.78,backfill_yahoo
2026-07-15,feeder,17,1.0,361.27,330.62,14.73,32.1978,17.4678,4.835,backfill_yahoo
2026-07-15,feeder,21,0.75,273.41,327.65,0.766,0.6715,-0.0945,-0.035,backfill_yahoo
2026-07-15,feeder,21,0.8,291.63,327.65,1.598,2.0642,0.4662,0.16,backfill_yahoo
2026-07-15,feeder,21,0.85,309.86,327.65,3.236,5.4205,2.1845,0.705,backfill_yahoo
2026-07-15,feeder,21,0.9,318.97,327.65,4.571,8.2585,3.6875,1.156,backfill_yahoo
2026-07-15,feeder,21,0.95,337.2,327.65,8.796,17.2972,8.5012,2.521,backfill_yahoo
2026-07-15,feeder,21,1.0,357.25,327.65,16.672,31.944,15.272,4.275,backfill_yahoo
2026-07-15,feeder,26,0.75,270.98,324.15,1.233,1.1538,-0.0792,-0.029,backfill_yahoo
2026-07-15,feeder,26,0.8,289.05,324.15,2.328,2.9705,0.6425,0.222,backfill_yahoo
2026-07-15,feeder,26,0.85,307.12,324.15,4.282,6.7743,2.4923,0.812,backfill_yahoo
2026-07-15,feeder,26,0.9,316.15,324.15,5.781,9.7575,3.9765,1.258,backfill_yahoo
2026-07-15,feeder,26,0.95,334.21,324.15,10.256,18.808,8.552,2.559,backfill_yahoo
2026-07-15,feeder,26,1.0,354.09,324.15,18.109,32.9935,14.8845,4.204,backfill_yahoo
2026-07-15,feeder,30,0.75,269.49,322.5,1.614,1.5634,-0.0506,-0.019,backfill_yahoo
2026-07-15,feeder,30,0.8,287.46,322.5,2.904,3.6383,0.7343,0.255,backfill_yahoo
2026-07-15,feeder,30,0.85,305.43,322.5,5.187,7.6555,2.4685,0.808,backfill_yahoo
2026-07-15,feeder,30,0.9,314.41,322.5,6.881,10.6764,3.7954,1.207,backfill_yahoo
2026-07-15,feeder,30,0.95,332.37,322.5,11.693,19.6026,7.9096,2.38,backfill_yahoo
2026-07-15,feeder,30,1.0,352.14,322.5,20.008,33.3905,13.3825,3.8,backfill_yahoo
2026-07-15,feeder,34,0.75,267.91,320.93,2.024,1.9855,-0.0385,-0.014,backfill_yahoo
2026-07-15,feeder,34,0.8,285.77,320.93,3.477,4.2697,0.7927,0.277,backfill_yahoo
2026-07-15,feeder,34,0.85,303.63,320.93,5.934,8.4309,2.4969,0.822,backfill_yahoo
2026-07-15,feeder,34,0.9,312.56,320.93,7.705,11.4604,3.7554,1.201,backfill_yahoo
2026-07-15,feeder,34,0.95,330.42,320.93,12.604,20.2251,7.6211,2.306,backfill_yahoo
2026-07-15,feeder,34,1.0,350.07,320.93,20.844,33.6246,12.7806,3.651,backfill_yahoo
2026-07-15,feeder,39,0.75,267.19,319.85,2.509,2.5948,0.0858,0.032,backfill_yahoo
2026-07-15,feeder,39,0.8,285.0,319.85,4.148,5.158,1.01,0.354,backfill_yahoo
2026-07-15,feeder,39,0.85,302.81,319.85,6.88,9.5474,2.6674,0.881,backfill_yahoo
2026-07-15,feeder,39,0.9,311.72,319.85,8.801,12.6358,3.8348,1.23,backfill_yahoo
2026-07-15,feeder,39,0.95,329.53,319.85,14.069,21.3778,7.3088,2.218,backfill_yahoo
2026-07-15,feeder,39,1.0,349.12,319.85,22.407,34.5065,12.0995,3.466,backfill_yahoo
2026-07-15,feeder,43,0.75,266.13,318.39,2.652,3.1006,0.4486,0.169,backfill_yahoo
2026-07-15,feeder,43,0.8,283.87,318.39,4.313,5.8584,1.5454,0.544,backfill_yahoo
2026-07-15,feeder,43,0.85,301.62,318.39,7.08,10.3987,3.3187,1.1,backfill_yahoo
2026-07-15,feeder,43,0.9,310.49,318.39,9.068,13.5178,4.4498,1.433,backfill_yahoo
2026-07-15,feeder,43,0.95,328.23,318.39,14.503,22.2323,7.7293,2.355,backfill_yahoo
2026-07-15,feeder,43,1.0,347.75,318.39,22.97,35.1612,12.1912,3.506,backfill_yahoo
2026-07-15,feeder,47,0.75,265.52,318.09,2.961,3.5656,0.6046,0.228,backfill_yahoo
2026-07-15,feeder,47,0.8,283.23,318.09,4.842,6.4593,1.6173,0.571,backfill_yahoo
2026-07-15,feeder,47,0.85,300.93,318.09,7.753,11.0656,3.3126,1.101,backfill_yahoo
2026-07-15,feeder,47,0.9,309.78,318.09,9.725,14.1741,4.4491,1.436,backfill_yahoo
2026-07-15,feeder,47,0.95,327.48,318.09,14.927,22.7499,7.8229,2.389,backfill_yahoo
2026-07-15,feeder,47,1.0,346.95,318.09,23.042,35.4182,12.3762,3.567,backfill_yahoo
2026-07-15,feeder,52,0.75,265.08,317.9,3.518,4.1769,0.6589,0.249,backfill_yahoo
2026-07-15,feeder,52,0.8,282.75,317.9,5.564,7.2314,1.6674,0.59,backfill_yahoo
2026-07-15,feeder,52,0.85,300.42,317.9,8.634,11.9291,3.2951,1.097,backfill_yahoo
2026-07-15,feeder,52,0.9,309.26,317.9,10.676,15.0386,4.3626,1.411,backfill_yahoo
2026-07-15,feeder,52,0.95,326.93,317.9,15.967,23.496,7.529,2.303,backfill_yahoo
2026-07-15,feeder,52,1.0,346.37,317.9,24.062,35.9169,11.8549,3.423,backfill_yahoo
2026-07-16,feeder,13,0.75,276.7,332.83,0.316,0.1421,-0.1739,-0.063,backfill_yahoo
2026-07-16,feeder,13,0.8,295.15,332.83,0.66,0.7561,0.0961,0.033,backfill_yahoo
2026-07-16,feeder,13,0.85,313.59,332.83,1.517,3.027,1.51,0.482,backfill_yahoo
2026-07-16,feeder,13,0.9,322.82,332.83,2.341,5.4291,3.0881,0.957,backfill_yahoo
2026-07-16,feeder,13,0.95,341.26,332.83,5.519,14.2729,8.7539,2.565,backfill_yahoo
2026-07-16,feeder,13,1.0,361.55,332.83,12.694,29.8874,17.1934,4.755,backfill_yahoo
2026-07-16,feeder,17,0.75,272.69,328.4,0.602,0.3352,-0.2668,-0.098,backfill_yahoo
2026-07-16,feeder,17,0.8,290.87,328.4,1.189,1.2824,0.0934,0.032,backfill_yahoo
2026-07-16,feeder,17,0.85,309.05,328.4,2.467,4.0029,1.5359,0.497,backfill_yahoo
2026-07-16,feeder,17,0.9,318.14,328.4,3.549,6.5353,2.9863,0.939,backfill_yahoo
2026-07-16,feeder,17,0.95,336.32,328.4,7.225,15.1339,7.9089,2.352,backfill_yahoo
2026-07-16,feeder,17,1.0,356.32,328.4,14.726,29.8507,15.1247,4.245,backfill_yahoo
2026-07-16,feeder,21,0.75,269.72,325.39,0.744,0.5911,-0.1529,-0.057,backfill_yahoo
2026-07-16,feeder,21,0.8,287.71,325.39,1.567,1.834,0.267,0.093,backfill_yahoo
2026-07-16,feeder,21,0.85,305.69,325.39,3.093,4.8686,1.7756,0.581,backfill_yahoo
2026-07-16,feeder,21,0.9,314.68,325.39,4.395,7.4674,3.0724,0.976,backfill_yahoo
2026-07-16,feeder,21,0.95,332.66,325.39,8.734,15.8179,7.0839,2.129,backfill_yahoo
2026-07-16,feeder,21,1.0,352.44,325.39,16.522,29.8185,13.2965,3.773,backfill_yahoo
2026-07-16,feeder,26,0.75,267.46,321.85,1.196,1.0471,-0.1489,-0.056,backfill_yahoo
2026-07-16,feeder,26,0.8,285.29,321.85,2.28,2.7091,0.4291,0.15,backfill_yahoo
2026-07-16,feeder,26,0.85,303.12,321.85,4.096,6.2215,2.1255,0.701,backfill_yahoo
2026-07-16,feeder,26,0.9,312.04,321.85,5.558,9.0026,3.4446,1.104,backfill_yahoo
2026-07-16,feeder,26,0.95,329.87,321.85,10.167,17.4751,7.3081,2.215,backfill_yahoo
2026-07-16,feeder,26,1.0,349.48,321.85,17.924,31.1049,13.1809,3.772,backfill_yahoo
2026-07-16,feeder,30,0.75,266.07,320.31,1.531,1.4333,-0.0977,-0.037,backfill_yahoo
2026-07-16,feeder,30,0.8,283.81,320.31,2.756,3.3485,0.5925,0.209,backfill_yahoo
2026-07-16,feeder,30,0.85,301.55,320.31,4.946,7.0849,2.1389,0.709,backfill_yahoo
2026-07-16,feeder,30,0.9,310.41,320.31,6.608,9.9123,3.3043,1.064,backfill_yahoo
2026-07-16,feeder,30,0.95,328.15,320.31,11.456,18.2915,6.8355,2.083,backfill_yahoo
2026-07-16,feeder,30,1.0,347.66,320.31,19.656,31.5566,11.9006,3.423,backfill_yahoo
2026-07-16,feeder,34,0.75,264.71,318.81,1.919,1.8475,-0.0715,-0.027,backfill_yahoo
2026-07-16,feeder,34,0.8,282.36,318.81,3.298,3.9844,0.6864,0.243,backfill_yahoo
2026-07-16,feeder,34,0.85,300.0,318.81,5.654,7.8973,2.2433,0.748,backfill_yahoo
2026-07-16,feeder,34,0.9,308.83,318.81,7.392,10.7643,3.3723,1.092,backfill_yahoo
2026-07-16,feeder,34,0.95,326.47,318.81,12.329,19.0461,6.7171,2.058,backfill_yahoo
2026-07-16,feeder,34,1.0,345.89,318.81,20.445,31.9981,11.5531,3.34,backfill_yahoo
2026-07-16,feeder,39,0.75,263.96,318.12,2.344,2.3987,0.0547,0.021,backfill_yahoo
2026-07-16,feeder,39,0.8,281.56,318.12,3.889,4.7815,0.8925,0.317,backfill_yahoo
2026-07-16,feeder,39,0.85,299.16,318.12,6.488,8.8863,2.3983,0.802,backfill_yahoo
2026-07-16,feeder,39,0.9,307.96,318.12,8.351,11.7883,3.4373,1.116,backfill_yahoo
2026-07-16,feeder,39,0.95,325.56,318.12,13.568,19.9843,6.4163,1.971,backfill_yahoo
2026-07-16,feeder,39,1.0,344.91,318.12,21.887,32.6157,10.7287,3.111,backfill_yahoo
2026-07-16,feeder,43,0.75,262.87,316.96,2.58,2.8538,0.2738,0.104,backfill_yahoo
2026-07-16,feeder,43,0.8,280.39,316.96,4.213,5.4043,1.1913,0.425,backfill_yahoo
2026-07-16,feeder,43,0.85,297.91,316.96,6.957,9.6248,2.6678,0.895,backfill_yahoo
2026-07-16,feeder,43,0.9,306.68,316.96,8.877,12.5447,3.6677,1.196,backfill_yahoo
2026-07-16,feeder,43,0.95,324.2,316.96,14.202,20.6521,6.4501,1.99,backfill_yahoo
2026-07-16,feeder,43,1.0,343.48,316.96,22.692,33.0487,10.3567,3.015,backfill_yahoo
2026-07-16,feeder,47,0.75,262.42,316.72,3.006,3.3127,0.3067,0.117,backfill_yahoo
2026-07-16,feeder,47,0.8,279.91,316.72,4.886,6.0092,1.1232,0.401,backfill_yahoo
2026-07-16,feeder,47,0.85,297.41,316.72,7.789,10.3267,2.5377,0.853,backfill_yahoo
2026-07-16,feeder,47,0.9,306.15,316.72,9.756,13.25,3.494,1.141,backfill_yahoo
2026-07-16,feeder,47,0.95,323.65,316.72,15.073,21.2697,6.1967,1.915,backfill_yahoo
2026-07-16,feeder,47,1.0,342.89,316.72,23.079,33.4505,10.3715,3.025,backfill_yahoo
2026-07-16,feeder,52,0.75,262.21,316.51,3.564,3.9325,0.3685,0.141,backfill_yahoo
2026-07-16,feeder,52,0.8,279.69,316.51,5.606,6.8163,1.2103,0.433,backfill_yahoo
2026-07-16,feeder,52,0.85,297.17,316.51,8.665,11.2673,2.6023,0.876,backfill_yahoo
2026-07-16,feeder,52,0.9,305.91,316.51,10.7,14.2214,3.5214,1.151,backfill_yahoo
2026-07-16,feeder,52,0.95,323.39,316.51,16.109,22.2003,6.0913,1.884,backfill_yahoo
2026-07-16,feeder,52,1.0,342.62,316.51,24.087,34.2077,10.1207,2.954,backfill_yahoo
2026-07-17,feeder,13,0.75,275.32,332.67,0.273,0.1256,-0.1474,-0.054,backfill_yahoo
2026-07-17,feeder,13,0.8,293.68,332.67,0.585,0.6762,0.0912,0.031,backfill_yahoo
2026-07-17,feeder,13,0.85,312.03,332.67,1.449,2.749,1.3,0.417,backfill_yahoo
2026-07-17,feeder,13,0.9,321.21,332.67,2.266,4.9727,2.7067,0.843,backfill_yahoo
2026-07-17,feeder,13,0.95,339.57,332.67,5.381,13.3034,7.9224,2.333,backfill_yahoo
2026-07-17,feeder,13,1.0,359.76,332.67,12.352,28.4725,16.1205,4.481,backfill_yahoo
2026-07-17,feeder,17,0.75,270.87,328.24,0.537,0.2929,-0.2441,-0.09,backfill_yahoo
2026-07-17,feeder,17,0.8,288.93,328.24,1.083,1.1322,0.0492,0.017,backfill_yahoo
2026-07-17,feeder,17,0.85,306.99,328.24,2.334,3.5847,1.2507,0.407,backfill_yahoo
2026-07-17,feeder,17,0.9,316.02,328.24,3.411,5.901,2.49,0.788,backfill_yahoo
2026-07-17,feeder,17,0.95,334.07,328.24,7.03,13.8638,6.8338,2.046,backfill_yahoo
2026-07-17,feeder,17,1.0,353.94,328.24,14.415,28.0139,13.5989,3.842,backfill_yahoo
2026-07-17,feeder,21,0.75,267.84,325.29,0.752,0.5235,-0.2285,-0.085,backfill_yahoo
2026-07-17,feeder,21,0.8,285.69,325.29,1.542,1.6355,0.0935,0.033,backfill_yahoo
2026-07-17,feeder,21,0.85,303.55,325.29,3.164,4.3907,1.2267,0.404,backfill_yahoo
2026-07-17,feeder,21,0.9,312.48,325.29,4.442,6.779,2.337,0.748,backfill_yahoo
2026-07-17,feeder,21,0.95,330.33,325.29,8.627,14.508,5.881,1.78,backfill_yahoo
2026-07-17,feeder,21,1.0,349.97,325.29,16.451,27.9398,11.4888,3.283,backfill_yahoo
2026-07-17,feeder,26,0.75,265.62,321.75,1.204,0.9473,-0.2567,-0.097,backfill_yahoo
2026-07-17,feeder,26,0.8,283.32,321.75,2.24,2.4634,0.2234,0.079,backfill_yahoo
2026-07-17,feeder,26,0.85,301.03,321.75,4.172,5.7017,1.5297,0.508,backfill_yahoo
2026-07-17,feeder,26,0.9,309.89,321.75,5.601,8.2891,2.6881,0.867,backfill_yahoo
2026-07-17,feeder,26,0.95,327.59,321.75,10.029,16.1934,6.1644,1.882,backfill_yahoo
2026-07-17,feeder,26,1.0,347.07,321.75,17.823,29.3199,11.4969,3.313,backfill_yahoo
2026-07-17,feeder,30,0.75,264.24,320.26,1.559,1.3088,-0.2502,-0.095,backfill_yahoo
2026-07-17,feeder,30,0.8,281.85,320.26,2.824,3.0695,0.2455,0.087,backfill_yahoo
2026-07-17,feeder,30,0.85,299.47,320.26,5.054,6.5353,1.4813,0.495,backfill_yahoo
2026-07-17,feeder,30,0.9,308.28,320.26,6.72,9.1812,2.4612,0.798,backfill_yahoo
2026-07-17,feeder,30,0.95,325.89,320.26,11.504,17.0131,5.5091,1.69,backfill_yahoo
2026-07-17,feeder,30,1.0,345.27,320.26,19.625,29.7968,10.1718,2.946,backfill_yahoo
2026-07-17,feeder,34,0.75,262.99,318.76,1.947,1.7099,-0.2371,-0.09,backfill_yahoo
2026-07-17,feeder,34,0.8,280.52,318.76,3.367,3.6984,0.3314,0.118,backfill_yahoo
2026-07-17,feeder,34,0.85,298.05,318.76,5.761,7.3656,1.6046,0.538,backfill_yahoo
2026-07-17,feeder,34,0.9,306.82,318.76,7.498,10.0672,2.5692,0.837,backfill_yahoo
2026-07-17,feeder,34,0.95,324.35,318.76,12.356,17.8613,5.5053,1.697,backfill_yahoo
2026-07-17,feeder,34,1.0,343.63,318.76,20.381,30.3718,9.9908,2.907,backfill_yahoo
2026-07-17,feeder,39,0.75,262.51,318.08,2.416,2.2623,-0.1537,-0.059,backfill_yahoo
2026-07-17,feeder,39,0.8,280.01,318.08,4.055,4.5177,0.4627,0.165,backfill_yahoo
2026-07-17,feeder,39,0.85,297.51,318.08,6.764,8.4203,1.6563,0.557,backfill_yahoo
2026-07-17,feeder,39,0.9,306.26,318.08,8.632,11.1908,2.5588,0.835,backfill_yahoo
2026-07-17,feeder,39,0.95,323.76,318.08,13.872,18.9871,5.1151,1.58,backfill_yahoo
2026-07-17,feeder,39,1.0,343.01,318.08,22.287,31.278,8.991,2.621,backfill_yahoo
2026-07-17,feeder,43,0.75,261.65,316.92,2.797,2.7269,-0.0701,-0.027,backfill_yahoo
2026-07-17,feeder,43,0.8,279.09,316.92,4.601,5.1709,0.5699,0.204,backfill_yahoo
2026-07-17,feeder,43,0.85,296.53,316.92,7.498,9.2282,1.7302,0.583,backfill_yahoo
2026-07-17,feeder,43,0.9,305.25,316.92,9.451,12.0403,2.5893,0.848,backfill_yahoo
2026-07-17,feeder,43,0.95,322.7,316.92,14.812,19.8305,5.0185,1.555,backfill_yahoo
2026-07-17,feeder,43,1.0,341.88,316.92,23.135,31.945,8.81,2.577,backfill_yahoo
2026-07-17,feeder,47,0.75,261.29,316.71,3.071,3.1824,0.1114,0.043,backfill_yahoo
2026-07-17,feeder,47,0.8,278.7,316.71,4.971,5.7775,0.8065,0.289,backfill_yahoo
2026-07-17,feeder,47,0.85,296.12,316.71,7.871,9.9432,2.0722,0.7,backfill_yahoo
2026-07-17,feeder,47,0.9,304.83,316.71,9.836,12.774,2.938,0.964,backfill_yahoo
2026-07-17,feeder,47,0.95,322.25,316.71,15.013,20.4941,5.4811,1.701,backfill_yahoo
2026-07-17,feeder,47,1.0,341.41,316.71,23.134,32.4261,9.2921,2.722,backfill_yahoo
2026-07-17,feeder,52,0.75,261.06,316.5,3.633,3.7872,0.1542,0.059,backfill_yahoo
2026-07-17,feeder,52,0.8,278.46,316.5,5.691,6.5685,0.8775,0.315,backfill_yahoo
2026-07-17,feeder,52,0.85,295.87,316.5,8.745,10.8737,2.1287,0.719,backfill_yahoo
2026-07-17,feeder,52,0.9,304.57,316.5,10.776,13.7356,2.9596,0.972,backfill_yahoo
2026-07-17,feeder,52,0.95,321.97,316.5,16.032,21.4197,5.3877,1.673,backfill_yahoo
2026-07-17,feeder,52,1.0,341.12,316.5,24.129,33.1875,9.0585,2.656,backfill_yahoo
2026-07-20,feeder,13,0.75,280.79,339.01,0.275,0.1307,-0.1443,-0.051,backfill_yahoo
2026-07-20,feeder,13,0.8,299.51,339.01,0.648,0.7021,0.0541,0.018,backfill_yahoo
2026-07-20,feeder,13,0.85,318.23,339.01,1.478,2.8483,1.3703,0.431,backfill_yahoo
2026-07-20,feeder,13,0.9,327.59,339.01,2.306,5.1438,2.8378,0.866,backfill_yahoo
2026-07-20,feeder,13,0.95,346.31,339.01,5.383,13.7195,8.3365,2.407,backfill_yahoo
2026-07-20,feeder,13,1.0,366.9,339.01,12.628,29.2535,16.6255,4.531,backfill_yahoo
2026-07-20,feeder,17,0.75,276.13,335.12,0.542,0.2894,-0.2526,-0.091,backfill_yahoo
2026-07-20,feeder,17,0.8,294.54,335.12,1.148,1.1215,-0.0265,-0.009,backfill_yahoo
2026-07-20,feeder,17,0.85,312.95,335.12,2.348,3.5625,1.2145,0.388,backfill_yahoo
2026-07-20,feeder,17,0.9,322.15,335.12,3.381,5.8742,2.4932,0.774,backfill_yahoo
2026-07-20,feeder,17,0.95,340.56,335.12,6.999,13.8547,6.8557,2.013,backfill_yahoo
2026-07-20,feeder,17,1.0,360.81,335.12,14.496,28.1561,13.6601,3.786,backfill_yahoo
2026-07-20,feeder,21,0.75,272.82,332.16,0.754,0.5111,-0.2429,-0.089,backfill_yahoo
2026-07-20,feeder,21,0.8,291.01,332.16,1.517,1.602,0.085,0.029,backfill_yahoo
2026-07-20,feeder,21,0.85,309.2,332.16,3.115,4.3169,1.2019,0.389,backfill_yahoo
2026-07-20,feeder,21,0.9,318.3,332.16,4.402,6.6816,2.2796,0.716,backfill_yahoo
2026-07-20,feeder,21,0.95,336.48,332.16,8.671,14.3479,5.6769,1.687,backfill_yahoo
2026-07-20,feeder,21,1.0,356.49,332.16,16.706,27.8549,11.1489,3.127,backfill_yahoo
2026-07-20,feeder,26,0.75,270.67,328.6,1.197,0.9352,-0.2618,-0.097,backfill_yahoo
2026-07-20,feeder,26,0.8,288.71,328.6,2.193,2.4366,0.2436,0.084,backfill_yahoo
2026-07-20,feeder,26,0.85,306.76,328.6,4.093,5.6547,1.5617,0.509,backfill_yahoo
2026-07-20,feeder,26,0.9,315.78,328.6,5.529,8.2304,2.7014,0.855,backfill_yahoo
2026-07-20,feeder,26,0.95,333.82,328.6,10.034,16.1132,6.0792,1.821,backfill_yahoo
2026-07-20,feeder,26,1.0,353.67,328.6,18.019,29.3441,11.3251,3.202,backfill_yahoo
2026-07-20,feeder,30,0.75,268.87,326.98,1.539,1.2764,-0.2626,-0.098,backfill_yahoo
2026-07-20,feeder,30,0.8,286.79,326.98,2.836,2.9997,0.1637,0.057,backfill_yahoo
2026-07-20,feeder,30,0.85,304.71,326.98,5.095,6.4036,1.3086,0.429,backfill_yahoo
2026-07-20,feeder,30,0.9,313.68,326.98,6.786,9.0148,2.2288,0.711,backfill_yahoo
2026-07-20,feeder,30,0.95,331.6,326.98,11.71,16.7366,5.0266,1.516,backfill_yahoo
2026-07-20,feeder,30,1.0,351.32,326.98,20.048,29.5387,9.4907,2.701,backfill_yahoo
2026-07-20,feeder,34,0.75,267.52,325.35,1.908,1.6748,-0.2332,-0.087,backfill_yahoo
2026-07-20,feeder,34,0.8,285.36,325.35,3.359,3.6294,0.2704,0.095,backfill_yahoo
2026-07-20,feeder,34,0.85,303.19,325.35,5.772,7.2445,1.4725,0.486,backfill_yahoo
2026-07-20,feeder,34,0.9,312.11,325.35,7.528,9.9157,2.3877,0.765,backfill_yahoo
2026-07-20,feeder,34,0.95,329.95,325.35,12.512,17.6149,5.1029,1.547,backfill_yahoo
2026-07-20,feeder,34,1.0,349.57,325.35,20.722,30.157,9.435,2.699,backfill_yahoo
2026-07-20,feeder,39,0.75,266.89,324.6,2.441,2.2168,-0.2242,-0.084,backfill_yahoo
2026-07-20,feeder,39,0.8,284.69,324.6,4.103,4.4338,0.3308,0.116,backfill_yahoo
2026-07-20,feeder,39,0.85,302.48,324.6,6.844,8.2796,1.4356,0.475,backfill_yahoo
2026-07-20,feeder,39,0.9,311.38,324.6,8.779,11.019,2.24,0.719,backfill_yahoo
2026-07-20,feeder,39,0.95,329.17,324.6,14.079,18.6999,4.6209,1.404,backfill_yahoo
2026-07-20,feeder,39,1.0,348.74,324.6,22.521,31.0002,8.4792,2.431,backfill_yahoo
2026-07-20,feeder,43,0.75,265.93,323.95,2.847,2.6319,-0.2151,-0.081,backfill_yahoo
2026-07-20,feeder,43,0.8,283.66,323.95,4.672,4.9991,0.3271,0.115,backfill_yahoo
2026-07-20,feeder,43,0.85,301.39,323.95,7.599,8.9452,1.3462,0.447,backfill_yahoo
2026-07-20,feeder,43,0.9,310.25,323.95,9.616,11.6887,2.0727,0.668,backfill_yahoo
2026-07-20,feeder,43,0.95,327.98,323.95,15.035,19.241,4.206,1.282,backfill_yahoo
2026-07-20,feeder,43,1.0,347.48,323.95,23.717,31.2741,7.5571,2.175,backfill_yahoo
2026-07-20,feeder,47,0.9,327.35,323.9,16.779,19.7598,2.9808,0.911,backfill_yahoo
2026-07-20,feeder,47,0.95,327.35,323.9,16.779,19.7598,2.9808,0.911,backfill_yahoo
2026-07-20,feeder,47,1.0,353.89,323.9,29.034,36.4961,7.4621,2.109,backfill_yahoo
2026-07-20,feeder,52,0.9,326.74,323.84,17.857,20.4694,2.6124,0.8,backfill_yahoo
2026-07-20,feeder,52,0.95,326.74,323.84,17.857,20.4694,2.6124,0.8,backfill_yahoo
2026-07-20,feeder,52,1.0,353.23,323.84,30.03,36.8569,6.8269,1.933,backfill_yahoo
2026-07-21,feeder,13,0.75,280.44,329.16,0.253,0.2701,0.0171,0.006,backfill_yahoo
2026-07-21,feeder,13,0.8,299.14,329.16,0.57,1.3425,0.7725,0.258,backfill_yahoo
2026-07-21,feeder,13,0.85,317.84,329.16,1.37,4.9239,3.5539,1.118,backfill_yahoo
2026-07-21,feeder,13,0.9,327.18,329.16,2.187,8.3953,6.2083,1.898,backfill_yahoo
2026-07-21,feeder,13,0.95,345.88,329.16,5.203,19.9861,14.7831,4.274,backfill_yahoo
2026-07-21,feeder,13,1.0,366.45,329.16,12.398,37.5537,25.1557,6.865,backfill_yahoo
2026-07-21,feeder,17,0.75,276.59,325.41,0.475,0.5466,0.0716,0.026,backfill_yahoo
2026-07-21,feeder,17,0.8,295.03,325.41,0.988,2.0025,1.0145,0.344,backfill_yahoo
2026-07-21,feeder,17,0.85,313.47,325.41,2.192,5.9055,3.7135,1.185,backfill_yahoo
2026-07-21,feeder,17,0.9,322.69,325.41,3.247,9.3322,6.0852,1.886,backfill_yahoo
2026-07-21,feeder,17,0.95,341.13,325.41,6.786,20.2688,13.4828,3.952,backfill_yahoo
2026-07-21,feeder,17,1.0,361.41,325.41,14.198,36.7797,22.5817,6.248,backfill_yahoo
2026-07-21,feeder,21,0.75,273.34,322.7,0.679,0.8642,0.1852,0.068,backfill_yahoo
2026-07-21,feeder,21,0.8,291.56,322.7,1.462,2.6054,1.1434,0.392,backfill_yahoo
2026-07-21,feeder,21,0.85,309.79,322.7,3.058,6.6631,3.6051,1.164,backfill_yahoo
2026-07-21,feeder,21,0.9,318.9,322.7,4.354,9.9968,5.6428,1.769,backfill_yahoo
2026-07-21,feeder,21,0.95,337.12,322.7,8.55,20.3239,11.7739,3.492,backfill_yahoo
2026-07-21,feeder,21,1.0,357.17,322.7,16.626,35.9194,19.2934,5.402,backfill_yahoo
2026-07-21,feeder,26,0.75,271.33,319.49,1.087,1.4398,0.3528,0.13,backfill_yahoo
2026-07-21,feeder,26,0.8,289.42,319.49,2.115,3.6523,1.5373,0.531,backfill_yahoo
2026-07-21,feeder,26,0.85,307.51,319.49,4.016,8.1619,4.1459,1.348,backfill_yahoo
2026-07-21,feeder,26,0.9,316.55,319.49,5.463,11.6171,6.1541,1.944,backfill_yahoo
2026-07-21,feeder,26,0.95,334.64,319.49,9.882,21.9211,12.0391,3.598,backfill_yahoo
2026-07-21,feeder,26,1.0,354.54,319.49,17.904,37.0301,19.1261,5.395,backfill_yahoo
2026-07-21,feeder,30,0.75,269.65,318.05,1.439,1.8704,0.4314,0.16,backfill_yahoo
2026-07-21,feeder,30,0.8,287.63,318.05,2.716,4.308,1.592,0.553,backfill_yahoo
2026-07-21,feeder,30,0.85,305.6,318.05,4.938,8.9307,3.9927,1.307,backfill_yahoo
2026-07-21,feeder,30,0.9,314.59,318.05,6.618,12.3501,5.7321,1.822,backfill_yahoo
2026-07-21,feeder,30,0.95,332.57,318.05,11.512,22.3596,10.8476,3.262,backfill_yahoo
2026-07-21,feeder,30,1.0,352.34,318.05,19.836,36.9405,17.1045,4.855,backfill_yahoo
2026-07-21,feeder,34,0.75,268.49,316.65,1.785,2.3641,0.5791,0.216,backfill_yahoo
2026-07-21,feeder,34,0.8,286.39,316.65,3.214,5.0402,1.8262,0.638,backfill_yahoo
2026-07-21,feeder,34,0.85,304.29,316.65,5.588,9.8295,4.2415,1.394,backfill_yahoo
2026-07-21,feeder,34,0.9,313.24,316.65,7.332,13.2613,5.9293,1.893,backfill_yahoo
2026-07-21,feeder,34,0.95,331.13,316.65,12.278,23.139,10.861,3.28,backfill_yahoo
2026-07-21,feeder,34,1.0,350.82,316.65,20.463,37.375,16.912,4.821,backfill_yahoo
2026-07-21,feeder,39,0.75,267.91,316.5,2.376,2.9612,0.5852,0.218,backfill_yahoo
2026-07-21,feeder,39,0.8,285.77,316.5,4.043,5.8547,1.8117,0.634,backfill_yahoo
2026-07-21,feeder,39,0.85,303.63,316.5,6.79,10.7497,3.9597,1.304,backfill_yahoo
2026-07-21,feeder,39,0.9,312.56,316.5,8.595,14.154,5.559,1.779,backfill_yahoo
2026-07-21,feeder,39,0.95,330.43,316.5,13.868,23.8122,9.9442,3.009,backfill_yahoo
2026-07-21,feeder,39,1.0,350.07,316.5,22.235,37.6217,15.3867,4.395,backfill_yahoo
2026-07-21,feeder,43,0.75,267.32,316.01,2.799,3.4674,0.6684,0.25,backfill_yahoo
2026-07-21,feeder,43,0.8,285.14,316.01,4.631,6.5257,1.8947,0.664,backfill_yahoo
2026-07-21,feeder,43,0.85,302.97,316.01,7.594,11.5133,3.9193,1.294,backfill_yahoo
2026-07-21,feeder,43,0.9,311.88,316.01,9.661,14.9102,5.2492,1.683,backfill_yahoo
2026-07-21,feeder,43,0.95,329.7,316.01,15.178,24.4373,9.2593,2.808,backfill_yahoo
2026-07-21,feeder,43,1.0,349.3,316.01,23.67,37.9758,14.3058,4.096,backfill_yahoo
2026-07-21,feeder,47,0.75,267.21,315.85,3.172,4.0106,0.8386,0.314,backfill_yahoo
2026-07-21,feeder,47,0.8,285.03,315.85,5.141,7.2391,2.0981,0.736,backfill_yahoo
2026-07-21,feeder,47,0.85,302.84,315.85,8.272,12.3311,4.0591,1.34,backfill_yahoo
2026-07-21,feeder,47,0.9,311.75,315.85,10.382,15.7405,5.3585,1.719,backfill_yahoo
2026-07-21,feeder,47,0.95,329.56,315.85,15.997,25.2104,9.2134,2.796,backfill_yahoo
2026-07-21,feeder,47,1.0,349.16,315.85,24.851,38.562,13.711,3.927,backfill_yahoo
2026-07-21,feeder,52,0.75,267.16,315.65,3.737,4.7131,0.9761,0.365,backfill_yahoo
2026-07-21,feeder,52,0.8,284.97,315.65,5.864,8.1357,2.2717,0.797,backfill_yahoo
2026-07-21,feeder,52,0.85,302.78,315.65,9.154,13.3548,4.2008,1.387,backfill_yahoo
2026-07-21,feeder,52,0.9,311.68,315.65,11.331,16.7776,5.4466,1.748,backfill_yahoo
2026-07-21,feeder,52,0.95,329.49,315.65,17.027,26.2066,9.1796,2.786,backfill_yahoo
2026-07-21,feeder,52,1.0,349.08,315.65,25.858,39.3544,13.4964,3.866,backfill_yahoo
2026-07-22,feeder,13,0.75,272.4,332.55,0.326,0.0946,-0.2314,-0.085,backfill_yahoo
2026-07-22,feeder,13,0.8,290.56,332.55,0.728,0.5223,-0.2057,-0.071,backfill_yahoo
2026-07-22,feeder,13,0.85,308.72,332.55,1.628,2.1967,0.5687,0.184,backfill_yahoo
2026-07-22,feeder,13,0.9,317.8,332.55,2.495,4.0514,1.5564,0.49,backfill_yahoo
2026-07-22,feeder,13,0.95,335.96,332.55,5.732,11.2351,5.5031,1.638,backfill_yahoo
2026-07-22,feeder,13,1.0,355.93,332.55,12.863,25.3394,12.4764,3.505,backfill_yahoo
2026-07-22,feeder,17,0.75,268.63,328.5,0.603,0.2405,-0.3625,-0.135,backfill_yahoo
2026-07-22,feeder,17,0.8,286.54,328.5,1.242,0.9431,-0.2989,-0.104,backfill_yahoo
2026-07-22,feeder,17,0.85,304.44,328.5,2.585,3.0438,0.4588,0.151,backfill_yahoo
2026-07-22,feeder,17,0.9,313.4,328.5,3.739,5.0709,1.3319,0.425,backfill_yahoo
2026-07-22,feeder,17,0.95,331.31,328.5,7.569,12.1547,4.5857,1.384,backfill_yahoo
2026-07-22,feeder,17,1.0,351.01,328.5,14.856,25.4656,10.6096,3.023,backfill_yahoo
2026-07-22,feeder,21,0.75,265.59,325.66,0.826,0.4401,-0.3859,-0.145,backfill_yahoo
2026-07-22,feeder,21,0.8,283.29,325.66,1.704,1.3896,-0.3144,-0.111,backfill_yahoo
2026-07-22,feeder,21,0.85,301.0,325.66,3.455,3.7865,0.3315,0.11,backfill_yahoo
2026-07-22,feeder,21,0.9,309.85,325.66,4.839,5.897,1.058,0.341,backfill_yahoo
2026-07-22,feeder,21,0.95,327.56,325.66,9.122,12.787,3.665,1.119,backfill_yahoo
2026-07-22,feeder,21,1.0,347.03,325.66,16.973,25.4101,8.4371,2.431,backfill_yahoo
2026-07-22,feeder,26,0.75,263.82,322.39,1.294,0.8303,-0.4637,-0.176,backfill_yahoo
2026-07-22,feeder,26,0.8,281.4,322.39,2.424,2.1738,-0.2502,-0.089,backfill_yahoo
2026-07-22,feeder,26,0.85,298.99,322.39,4.484,5.0811,0.5971,0.2,backfill_yahoo
2026-07-22,feeder,26,0.9,307.79,322.39,6.014,7.4309,1.4169,0.46,backfill_yahoo
2026-07-22,feeder,26,0.95,325.37,322.39,10.5,14.6214,4.1214,1.267,backfill_yahoo
2026-07-22,feeder,26,1.0,344.72,322.39,18.274,27.0952,8.8212,2.559,backfill_yahoo
2026-07-22,feeder,30,0.75,262.28,321.09,1.647,1.1456,-0.5014,-0.191,backfill_yahoo
2026-07-22,feeder,30,0.8,279.76,321.09,3.007,2.7027,-0.3043,-0.109,backfill_yahoo
2026-07-22,feeder,30,0.85,297.25,321.09,5.341,5.8045,0.4635,0.156,backfill_yahoo
2026-07-22,feeder,30,0.9,305.99,321.09,7.056,8.1966,1.1406,0.373,backfill_yahoo
2026-07-22,feeder,30,0.95,323.47,321.09,11.981,15.2606,3.2796,1.014,backfill_yahoo
2026-07-22,feeder,30,1.0,342.71,321.09,20.192,27.3506,7.1586,2.089,backfill_yahoo
2026-07-22,feeder,34,0.75,261.29,319.91,2.023,1.5176,-0.5054,-0.193,backfill_yahoo
2026-07-22,feeder,34,0.8,278.71,319.91,3.534,3.2979,-0.2361,-0.085,backfill_yahoo
2026-07-22,feeder,34,0.85,296.12,319.91,6.014,6.6118,0.5978,0.202,backfill_yahoo
2026-07-22,feeder,34,0.9,304.83,319.91,7.787,9.0749,1.2879,0.423,backfill_yahoo
2026-07-22,feeder,34,0.95,322.25,319.91,12.752,16.1404,3.3884,1.051,backfill_yahoo
2026-07-22,feeder,34,1.0,341.41,319.91,20.82,28.009,7.189,2.106,backfill_yahoo
2026-07-22,feeder,39,0.75,261.2,320.26,2.553,2.0025,-0.5505,-0.211,backfill_yahoo
2026-07-22,feeder,39,0.8,278.61,320.26,4.269,4.0141,-0.2549,-0.091,backfill_yahoo
2026-07-22,feeder,39,0.85,296.02,320.26,7.023,7.5274,0.5044,0.17,backfill_yahoo
2026-07-22,feeder,39,0.9,304.73,320.26,8.972,10.0447,1.0727,0.352,backfill_yahoo
2026-07-22,feeder,39,0.95,322.14,320.26,14.231,17.0417,2.8107,0.872,backfill_yahoo
2026-07-22,feeder,39,1.0,341.3,320.26,22.546,28.6594,6.1134,1.791,backfill_yahoo
2026-07-22,feeder,43,0.75,260.76,319.83,2.958,2.4258,-0.5322,-0.204,backfill_yahoo
2026-07-22,feeder,43,0.8,278.14,319.83,4.809,4.6147,-0.1943,-0.07,backfill_yahoo
2026-07-22,feeder,43,0.85,295.53,319.83,7.754,8.2822,0.5282,0.179,backfill_yahoo
2026-07-22,feeder,43,0.9,304.22,319.83,9.777,10.8431,1.0661,0.35,backfill_yahoo
2026-07-22,feeder,43,0.95,321.6,319.83,15.24,17.8242,2.5842,0.804,backfill_yahoo
2026-07-22,feeder,43,1.0,340.73,319.83,23.795,29.2903,5.4953,1.613,backfill_yahoo
2026-07-22,feeder,47,0.75,260.55,320.01,3.333,2.8425,-0.4905,-0.188,backfill_yahoo
2026-07-22,feeder,47,0.8,277.92,320.01,5.3,5.1755,-0.1245,-0.045,backfill_yahoo
2026-07-22,feeder,47,0.85,295.29,320.01,8.363,8.9476,0.5846,0.198,backfill_yahoo
2026-07-22,feeder,47,0.9,303.98,320.01,10.447,11.5311,1.0841,0.357,backfill_yahoo
2026-07-22,feeder,47,0.95,321.35,320.01,16.025,18.4378,2.4128,0.751,backfill_yahoo
2026-07-22,feeder,47,1.0,340.45,320.01,24.531,29.7166,5.1856,1.523,backfill_yahoo
2026-07-22,feeder,52,0.75,260.36,320.24,3.909,3.3847,-0.5243,-0.201,backfill_yahoo
2026-07-22,feeder,52,0.8,277.71,320.24,6.028,5.882,-0.146,-0.053,backfill_yahoo
2026-07-22,feeder,52,0.85,295.07,320.24,9.238,9.7744,0.5364,0.182,backfill_yahoo
2026-07-22,feeder,52,0.9,303.75,320.24,11.383,12.3809,0.9979,0.329,backfill_yahoo
2026-07-22,feeder,52,0.95,321.1,320.24,17.037,19.2029,2.1659,0.675,backfill_yahoo
2026-07-22,feeder,52,1.0,340.2,320.24,25.51,30.3028,4.7928,1.409,backfill_yahoo
2026-07-23,feeder,13,0.75,275.31,335.05,0.276,0.104,-0.172,-0.062,backfill_yahoo
2026-07-23,feeder,13,0.8,293.66,335.05,0.655,0.5693,-0.0857,-0.029,backfill_yahoo
2026-07-23,feeder,13,0.85,312.02,335.05,1.516,2.3718,0.8558,0.274,backfill_yahoo
2026-07-23,feeder,13,0.9,321.19,335.05,2.329,4.3466,2.0176,0.628,backfill_yahoo
2026-07-23,feeder,13,0.95,339.55,335.05,5.502,11.9306,6.4286,1.893,backfill_yahoo
2026-07-23,feeder,13,1.0,359.74,335.05,12.662,26.4767,13.8147,3.84,backfill_yahoo
2026-07-23,feeder,17,0.75,271.26,331.37,0.537,0.2482,-0.2888,-0.106,backfill_yahoo
2026-07-23,feeder,17,0.8,289.34,331.37,1.113,0.9715,-0.1415,-0.049,backfill_yahoo
2026-07-23,feeder,17,0.85,307.43,331.37,2.363,3.1312,0.7682,0.25,backfill_yahoo
2026-07-23,feeder,17,0.9,316.47,331.37,3.442,5.2071,1.7651,0.558,backfill_yahoo
2026-07-23,feeder,17,0.95,334.55,331.37,7.039,12.4517,5.4127,1.618,backfill_yahoo
2026-07-23,feeder,17,1.0,354.45,331.37,14.396,25.9834,11.5874,3.269,backfill_yahoo
2026-07-23,feeder,21,0.75,268.0,328.5,0.744,0.4469,-0.2971,-0.111,backfill_yahoo
2026-07-23,feeder,21,0.8,285.87,328.5,1.52,1.4114,-0.1086,-0.038,backfill_yahoo
2026-07-23,feeder,21,0.85,303.73,328.5,3.128,3.8414,0.7134,0.235,backfill_yahoo
2026-07-23,feeder,21,0.9,312.67,328.5,4.475,5.9832,1.5082,0.482,backfill_yahoo
2026-07-23,feeder,21,0.95,330.53,328.5,8.786,12.9618,4.1758,1.263,backfill_yahoo
2026-07-23,feeder,21,1.0,350.19,328.5,16.841,25.7364,8.8954,2.54,backfill_yahoo
2026-07-23,feeder,26,0.75,266.22,325.19,1.171,0.8427,-0.3283,-0.123,backfill_yahoo
2026-07-23,feeder,26,0.8,283.96,325.19,2.179,2.2058,0.0268,0.009,backfill_yahoo
2026-07-23,feeder,26,0.85,301.71,325.19,4.08,5.1534,1.0734,0.356,backfill_yahoo
2026-07-23,feeder,26,0.9,310.59,325.19,5.578,7.5346,1.9566,0.63,backfill_yahoo
2026-07-23,feeder,26,0.95,328.33,325.19,10.108,14.8212,4.7132,1.436,backfill_yahoo
2026-07-23,feeder,26,1.0,347.86,325.19,18.099,27.4384,9.3394,2.685,backfill_yahoo
2026-07-23,feeder,30,0.75,264.78,323.64,1.567,1.1796,-0.3874,-0.146,backfill_yahoo
2026-07-23,feeder,30,0.8,282.44,323.64,2.893,2.7821,-0.1109,-0.039,backfill_yahoo
2026-07-23,feeder,30,0.85,300.09,323.64,5.224,5.9651,0.7411,0.247,backfill_yahoo
2026-07-23,feeder,30,0.9,308.91,323.64,6.972,8.4154,1.4434,0.467,backfill_yahoo
2026-07-23,feeder,30,0.95,326.57,323.64,11.974,15.6659,3.6919,1.131,backfill_yahoo
2026-07-23,feeder,30,1.0,345.98,323.64,20.353,27.9611,7.6081,2.199,backfill_yahoo
2026-07-23,feeder,34,0.75,263.93,322.25,1.926,1.581,-0.345,-0.131,backfill_yahoo
2026-07-23,feeder,34,0.8,281.53,322.25,3.398,3.432,0.034,0.012,backfill_yahoo
2026-07-23,feeder,34,0.85,299.12,322.25,5.875,6.8689,0.9939,0.332,backfill_yahoo
2026-07-23,feeder,34,0.9,307.92,322.25,7.681,9.4173,1.7363,0.564,backfill_yahoo
2026-07-23,feeder,34,0.95,325.52,322.25,12.723,16.7442,4.0212,1.235,backfill_yahoo
2026-07-23,feeder,34,1.0,344.87,322.25,20.954,28.8898,7.9358,2.301,backfill_yahoo
2026-07-23,feeder,39,0.75,264.29,321.97,2.395,2.1594,-0.2356,-0.089,backfill_yahoo
2026-07-23,feeder,39,0.8,281.91,321.97,4.103,4.3204,0.2174,0.077,backfill_yahoo
2026-07-23,feeder,39,0.85,299.53,321.97,6.854,8.0762,1.2222,0.408,backfill_yahoo
2026-07-23,feeder,39,0.9,308.34,321.97,8.819,10.7531,1.9341,0.627,backfill_yahoo
2026-07-23,feeder,39,0.95,325.96,321.97,14.282,18.2517,3.9697,1.218,backfill_yahoo
2026-07-23,feeder,39,1.0,345.34,321.97,22.949,30.3449,7.3959,2.142,backfill_yahoo
2026-07-23,feeder,43,0.75,263.87,320.98,2.857,2.6451,-0.2119,-0.08,backfill_yahoo
2026-07-23,feeder,43,0.8,281.46,320.98,4.734,5.022,0.288,0.102,backfill_yahoo
2026-07-23,feeder,43,0.85,299.05,320.98,7.786,8.9799,1.1939,0.399,backfill_yahoo
2026-07-23,feeder,43,0.9,307.84,320.98,9.869,11.7291,1.8601,0.604,backfill_yahoo
2026-07-23,feeder,43,0.95,325.43,320.98,15.44,19.3092,3.8692,1.189,backfill_yahoo
2026-07-23,feeder,43,1.0,344.78,320.98,24.057,31.3186,7.2616,2.106,backfill_yahoo
2026-07-23,feeder,47,0.9,325.65,321.03,17.407,20.2317,2.8247,0.867,backfill_yahoo
2026-07-23,feeder,47,0.95,325.65,321.03,17.407,20.2317,2.8247,0.867,backfill_yahoo
2026-07-23,feeder,47,1.0,352.05,321.03,30.513,37.1106,6.5976,1.874,backfill_yahoo
2026-07-23,feeder,52,0.9,325.92,321.09,18.481,21.3432,2.8622,0.878,backfill_yahoo
2026-07-23,feeder,52,0.95,325.92,321.09,18.481,21.3432,2.8622,0.878,backfill_yahoo
2026-07-23,feeder,52,1.0,352.34,321.09,31.526,38.0441,6.5181,1.85,backfill_yahoo
2026-07-28,feeder,13,0.75,269.66,326.99,0.334,0.112,-0.222,-0.082,backfill_yahoo
2026-07-28,feeder,13,0.8,287.63,326.99,0.695,0.6076,-0.0874,-0.03,backfill_yahoo
2026-07-28,feeder,13,0.85,305.61,326.99,1.595,2.5016,0.9066,0.297,backfill_yahoo
2026-07-28,feeder,13,0.9,314.6,326.99,2.449,4.556,2.107,0.67,backfill_yahoo
2026-07-28,feeder,13,0.95,332.58,326.99,5.538,12.3469,6.8089,2.047,backfill_yahoo
2026-07-28,feeder,13,1.0,352.35,326.99,12.348,26.8994,14.5514,4.13,backfill_yahoo
2026-07-28,feeder,17,0.8,280.53,321.77,1.14,0.9145,-0.2255,-0.08,backfill_yahoo
2026-07-28,feeder,17,0.85,298.06,321.77,2.53,2.9555,0.4255,0.143,backfill_yahoo
2026-07-28,feeder,17,0.9,306.83,321.77,3.731,4.9261,1.1951,0.39,backfill_yahoo
2026-07-28,feeder,17,0.95,324.36,321.77,7.636,11.8168,4.1808,1.289,backfill_yahoo
2026-07-28,feeder,17,1.0,343.65,321.77,15.125,24.8111,9.6861,2.819,backfill_yahoo
2026-07-28,feeder,21,0.8,276.74,318.47,1.782,1.3341,-0.4479,-0.162,backfill_yahoo
2026-07-28,feeder,21,0.85,294.04,318.47,3.532,3.6409,0.1089,0.037,backfill_yahoo
2026-07-28,feeder,21,0.9,302.69,318.47,4.942,5.6771,0.7351,0.243,backfill_yahoo
2026-07-28,feeder,21,0.95,319.99,318.47,9.225,12.3248,3.0998,0.969,backfill_yahoo
2026-07-28,feeder,21,1.0,339.01,318.47,16.896,24.5794,7.6834,2.266,backfill_yahoo
2026-07-28,feeder,26,0.8,274.94,314.9,2.489,2.1319,-0.3571,-0.13,backfill_yahoo
2026-07-28,feeder,26,0.85,292.12,314.9,4.516,4.98,0.464,0.159,backfill_yahoo
2026-07-28,feeder,26,0.9,300.72,314.9,6.062,7.2825,1.2205,0.406,backfill_yahoo
2026-07-28,feeder,26,0.95,317.9,314.9,10.51,14.329,3.819,1.201,backfill_yahoo
2026-07-28,feeder,26,1.0,336.8,314.9,18.052,26.5296,8.4776,2.517,backfill_yahoo
2026-07-28,feeder,30,0.75,255.38,313.01,1.683,1.0992,-0.5838,-0.229,backfill_yahoo
2026-07-28,feeder,30,0.8,272.41,313.01,3.033,2.5961,-0.4369,-0.16,backfill_yahoo
2026-07-28,feeder,30,0.85,289.43,313.01,5.369,5.5784,0.2094,0.072,backfill_yahoo
2026-07-28,feeder,30,0.9,297.95,313.01,7.158,7.8851,0.7271,0.244,backfill_yahoo
2026-07-28,feeder,30,0.95,314.97,313.01,11.994,14.6859,2.6919,0.855,backfill_yahoo
2026-07-28,feeder,30,1.0,333.7,313.01,19.951,26.3872,6.4362,1.929,backfill_yahoo
2026-07-28,feeder,34,0.75,254.43,311.44,2.032,1.4813,-0.5507,-0.216,backfill_yahoo
2026-07-28,feeder,34,0.8,271.4,311.44,3.511,3.2196,-0.2914,-0.107,backfill_yahoo
2026-07-28,feeder,34,0.85,288.36,311.44,5.966,6.4554,0.4894,0.17,backfill_yahoo
2026-07-28,feeder,34,0.9,296.84,311.44,7.802,8.8587,1.0567,0.356,backfill_yahoo
2026-07-28,feeder,34,0.95,313.8,311.44,12.636,15.7535,3.1175,0.993,backfill_yahoo
2026-07-28,feeder,34,1.0,332.46,311.44,20.391,27.326,6.935,2.086,backfill_yahoo
2026-07-28,feeder,39,0.75,254.08,310.3,2.525,2.0258,-0.4992,-0.196,backfill_yahoo
2026-07-28,feeder,39,0.8,271.02,310.3,4.223,4.0564,-0.1666,-0.061,backfill_yahoo
2026-07-28,feeder,39,0.85,287.96,310.3,7.036,7.5926,0.5566,0.193,backfill_yahoo
2026-07-28,feeder,39,0.9,296.43,310.3,8.902,10.1177,1.2157,0.41,backfill_yahoo
2026-07-28,feeder,39,0.95,313.37,310.3,13.999,17.1729,3.1739,1.013,backfill_yahoo
2026-07-28,feeder,39,1.0,332.0,310.3,22.026,28.673,6.647,2.002,backfill_yahoo
2026-07-28,feeder,43,0.75,253.22,309.43,2.973,2.4358,-0.5372,-0.212,backfill_yahoo
2026-07-28,feeder,43,0.8,270.1,309.43,4.918,4.6299,-0.2881,-0.107,backfill_yahoo
2026-07-28,feeder,43,0.85,286.98,309.43,7.828,8.295,0.467,0.163,backfill_yahoo
2026-07-28,feeder,43,0.9,295.42,309.43,9.793,10.8496,1.0566,0.358,backfill_yahoo
2026-07-28,feeder,43,0.95,312.3,309.43,15.178,17.8502,2.6722,0.856,backfill_yahoo
2026-07-28,feeder,43,1.0,330.87,309.43,23.265,29.1584,5.8934,1.781,backfill_yahoo
2026-07-28,feeder,47,0.75,253.24,309.32,4.049,2.8931,-1.1559,-0.456,backfill_yahoo
2026-07-28,feeder,47,0.8,270.13,309.32,6.311,5.2634,-1.0476,-0.388,backfill_yahoo
2026-07-28,feeder,47,0.85,287.01,309.32,9.499,9.0817,-0.4173,-0.145,backfill_yahoo
2026-07-28,feeder,47,0.9,295.45,309.32,11.624,11.6873,0.0633,0.021,backfill_yahoo
2026-07-28,feeder,47,0.95,312.33,309.32,17.291,18.7193,1.4283,0.457,backfill_yahoo
2026-07-28,feeder,47,1.0,330.9,309.32,25.85,29.9382,4.0882,1.235,backfill_yahoo
2026-07-28,feeder,52,0.75,253.27,309.18,4.683,3.487,-1.196,-0.472,backfill_yahoo
2026-07-28,feeder,52,0.8,270.15,309.18,7.094,6.0541,-1.0399,-0.385,backfill_yahoo
2026-07-28,feeder,52,0.85,287.04,309.18,10.404,10.0412,-0.3628,-0.126,backfill_yahoo
2026-07-28,feeder,52,0.9,295.48,309.18,12.575,12.7004,0.1254,0.042,backfill_yahoo
2026-07-28,feeder,52,0.95,312.36,309.18,18.294,19.763,1.469,0.47,backfill_yahoo
2026-07-28,feeder,52,1.0,330.94,309.18,26.803,30.8874,4.0844,1.234,backfill_yahoo
2026-07-29,feeder,13,0.75,271.95,331.35,0.286,0.0995,-0.1865,-0.069,backfill_yahoo
2026-07-29,feeder,13,0.8,290.08,331.35,0.63,0.5466,-0.0834,-0.029,backfill_yahoo
2026-07-29,feeder,13,0.85,308.21,331.35,1.353,2.285,0.932,0.302,backfill_yahoo
2026-07-29,feeder,13,0.9,317.27,331.35,2.114,4.1974,2.0834,0.657,backfill_yahoo
2026-07-29,feeder,13,0.95,335.4,331.35,5.115,11.5647,6.4497,1.923,backfill_yahoo
2026-07-29,feeder,13,1.0,355.35,331.35,11.907,25.8312,13.9242,3.918,backfill_yahoo
2026-07-29,feeder,17,0.75,265.36,326.47,0.439,0.2092,-0.2298,-0.087,backfill_yahoo
2026-07-29,feeder,17,0.8,283.05,326.47,1.035,0.8281,-0.2069,-0.073,backfill_yahoo
2026-07-29,feeder,17,0.85,300.74,326.47,2.376,2.7079,0.3319,0.11,backfill_yahoo
2026-07-29,feeder,17,0.9,309.59,326.47,3.494,4.5451,1.0511,0.34,backfill_yahoo
2026-07-29,feeder,17,0.95,327.28,326.47,7.447,11.0188,3.5718,1.091,backfill_yahoo
2026-07-29,feeder,17,1.0,346.74,326.47,15.077,23.6734,8.5964,2.479,backfill_yahoo
2026-07-29,feeder,21,0.75,261.97,323.16,0.783,0.391,-0.392,-0.15,backfill_yahoo
2026-07-29,feeder,21,0.8,279.44,323.16,1.634,1.2433,-0.3907,-0.14,backfill_yahoo
2026-07-29,feeder,21,0.85,296.9,323.16,3.334,3.4163,0.0823,0.028,backfill_yahoo
2026-07-29,feeder,21,0.9,305.64,323.16,4.65,5.352,0.702,0.23,backfill_yahoo
2026-07-29,feeder,21,0.95,323.1,323.16,9.002,11.6783,2.6763,0.828,backfill_yahoo
2026-07-29,feeder,21,1.0,342.31,323.16,16.824,23.686,6.862,2.005,backfill_yahoo
2026-07-29,feeder,26,0.75,260.41,319.63,1.207,0.7695,-0.4375,-0.168,backfill_yahoo
2026-07-29,feeder,26,0.8,277.77,319.63,2.294,2.0221,-0.2719,-0.098,backfill_yahoo
2026-07-29,feeder,26,0.85,295.13,319.63,4.275,4.7479,0.4729,0.16,backfill_yahoo
2026-07-29,feeder,26,0.9,303.81,319.63,5.715,6.9618,1.2468,0.41,backfill_yahoo
2026-07-29,feeder,26,0.95,321.17,319.63,10.247,13.7412,3.4942,1.088,backfill_yahoo
2026-07-29,feeder,26,1.0,340.27,319.63,17.943,25.7675,7.8245,2.299,backfill_yahoo
2026-07-29,feeder,30,0.75,258.0,317.72,1.629,1.0461,-0.5829,-0.226,backfill_yahoo
2026-07-29,feeder,30,0.8,275.2,317.72,2.922,2.4766,-0.4454,-0.162,backfill_yahoo
2026-07-29,feeder,30,0.85,292.39,317.72,5.205,5.3414,0.1364,0.047,backfill_yahoo
2026-07-29,feeder,30,0.9,300.99,317.72,6.889,7.5664,0.6774,0.225,backfill_yahoo
2026-07-29,feeder,30,0.95,318.19,317.72,11.795,14.1128,2.3178,0.728,backfill_yahoo
2026-07-29,feeder,30,1.0,337.11,317.72,20.034,25.643,5.609,1.664,backfill_yahoo
2026-07-29,feeder,34,0.75,257.11,316.27,1.965,1.4169,-0.5481,-0.213,backfill_yahoo
2026-07-29,feeder,34,0.8,274.25,316.27,3.379,3.085,-0.294,-0.107,backfill_yahoo
2026-07-29,feeder,34,0.85,291.39,316.27,5.778,6.2059,0.4279,0.147,backfill_yahoo
2026-07-29,feeder,34,0.9,299.96,316.27,7.5,8.5339,1.0339,0.345,backfill_yahoo
2026-07-29,feeder,34,0.95,317.1,316.27,12.403,15.1818,2.7788,0.876,backfill_yahoo
2026-07-29,feeder,34,1.0,335.96,316.27,20.442,26.6026,6.1606,1.834,backfill_yahoo
2026-07-29,feeder,39,0.75,256.45,315.23,2.426,1.9178,-0.5082,-0.198,backfill_yahoo
2026-07-29,feeder,39,0.8,273.55,315.23,4.041,3.8483,-0.1927,-0.07,backfill_yahoo
2026-07-29,feeder,39,0.85,290.65,315.23,6.681,7.2269,0.5459,0.188,backfill_yahoo
2026-07-29,feeder,39,0.9,299.19,315.23,8.659,9.6475,0.9885,0.33,backfill_yahoo
2026-07-29,feeder,39,0.95,316.29,315.23,13.812,16.3651,2.5531,0.807,backfill_yahoo
2026-07-29,feeder,39,1.0,335.1,315.23,21.942,27.6413,5.6993,1.701,backfill_yahoo
2026-07-29,feeder,43,0.75,255.32,314.33,2.813,2.2957,-0.5173,-0.203,backfill_yahoo
2026-07-29,feeder,43,0.8,272.34,314.33,4.737,4.3715,-0.3655,-0.134,backfill_yahoo
2026-07-29,feeder,43,0.85,289.36,314.33,7.621,7.8556,0.2346,0.081,backfill_yahoo
2026-07-29,feeder,43,0.9,297.87,314.33,9.613,10.2952,0.6822,0.229,backfill_yahoo
2026-07-29,feeder,43,0.95,314.89,314.33,14.99,16.9068,1.9168,0.609,backfill_yahoo
2026-07-29,feeder,43,1.0,333.62,314.33,23.322,27.9487,4.6267,1.387,backfill_yahoo
2026-07-29,feeder,47,0.75,255.16,314.22,4.053,2.7229,-1.3301,-0.521,backfill_yahoo
2026-07-29,feeder,47,0.8,272.17,314.22,6.232,4.9601,-1.2719,-0.467,backfill_yahoo
2026-07-29,feeder,47,0.85,289.18,314.22,9.458,8.5824,-0.8756,-0.303,backfill_yahoo
2026-07-29,feeder,47,0.9,297.69,314.22,11.564,11.0667,-0.4973,-0.167,backfill_yahoo
2026-07-29,feeder,47,0.95,314.7,314.22,17.292,17.6766,0.3846,0.122,backfill_yahoo
2026-07-29,feeder,47,1.0,333.41,314.22,25.945,28.6021,2.6571,0.797,backfill_yahoo
2026-07-29,feeder,52,0.75,255.04,314.07,4.686,3.2851,-1.4009,-0.549,backfill_yahoo
2026-07-29,feeder,52,0.8,272.04,314.07,7.005,5.7106,-1.2944,-0.476,backfill_yahoo
2026-07-29,feeder,52,0.85,289.04,314.07,10.354,9.491,-0.863,-0.299,backfill_yahoo
2026-07-29,feeder,52,0.9,297.55,314.07,12.506,12.0268,-0.4792,-0.161,backfill_yahoo
2026-07-29,feeder,52,0.95,314.55,314.07,18.286,18.6447,0.3587,0.114,backfill_yahoo
2026-07-29,feeder,52,1.0,333.25,314.07,26.885,29.4598,2.5748,0.773,backfill_yahoo
2026-07-30,feeder,13,0.75,275.57,332.54,0.247,0.1301,-0.1169,-0.042,backfill_yahoo
2026-07-30,feeder,13,0.8,293.94,332.54,0.558,0.6974,0.1394,0.047,backfill_yahoo
2026-07-30,feeder,13,0.85,312.31,332.54,1.274,2.8242,1.5502,0.496,backfill_yahoo
2026-07-30,feeder,13,0.9,321.5,332.54,1.939,5.0966,3.1576,0.982,backfill_yahoo
2026-07-30,feeder,13,0.95,339.87,332.54,4.765,13.5662,8.8012,2.59,backfill_yahoo
2026-07-30,feeder,13,1.0,360.08,332.54,11.396,28.8565,17.4605,4.849,backfill_yahoo
2026-07-30,feeder,17,0.75,269.18,327.83,0.419,0.2624,-0.1566,-0.058,backfill_yahoo
2026-07-30,feeder,17,0.8,287.13,327.83,0.988,1.0228,0.0348,0.012,backfill_yahoo
2026-07-30,feeder,17,0.85,305.07,327.83,2.251,3.2724,1.0214,0.335,backfill_yahoo
2026-07-30,feeder,17,0.9,314.05,327.83,3.343,5.4238,2.0808,0.663,backfill_yahoo
2026-07-30,feeder,17,0.95,331.99,327.83,7.166,12.8862,5.7202,1.723,backfill_yahoo
2026-07-30,feeder,17,1.0,351.73,327.83,14.841,26.5534,11.7124,3.33,backfill_yahoo
2026-07-30,feeder,21,0.75,265.86,324.52,0.751,0.4763,-0.2747,-0.103,backfill_yahoo
2026-07-30,feeder,21,0.8,283.58,324.52,1.565,1.4969,-0.0681,-0.024,backfill_yahoo
2026-07-30,feeder,21,0.85,301.3,324.52,3.174,4.0491,0.8751,0.29,backfill_yahoo
2026-07-30,feeder,21,0.9,310.17,324.52,4.464,6.2832,1.8192,0.587,backfill_yahoo
2026-07-30,feeder,21,0.95,327.89,324.52,8.677,13.5427,4.8657,1.484,backfill_yahoo
2026-07-30,feeder,21,1.0,347.39,324.52,16.545,26.5178,9.9728,2.871,backfill_yahoo
2026-07-30,feeder,26,0.75,264.37,320.99,1.161,0.9119,-0.2491,-0.094,backfill_yahoo
2026-07-30,feeder,26,0.8,282.0,320.99,2.202,2.3775,0.1755,0.062,backfill_yahoo
2026-07-30,feeder,26,0.85,299.62,320.99,4.075,5.5154,1.4404,0.481,backfill_yahoo
2026-07-30,feeder,26,0.9,308.43,320.99,5.492,8.0284,2.5364,0.822,backfill_yahoo
2026-07-30,feeder,26,0.95,326.06,320.99,9.871,15.7248,5.8538,1.795,backfill_yahoo
2026-07-30,feeder,26,1.0,345.45,320.99,17.603,28.6439,11.0409,3.196,backfill_yahoo
2026-07-30,feeder,30,0.75,261.88,318.97,1.552,1.2192,-0.3328,-0.127,backfill_yahoo
2026-07-30,feeder,30,0.8,279.34,318.97,2.831,2.8687,0.0377,0.014,backfill_yahoo
2026-07-30,feeder,30,0.85,296.8,318.97,5.073,6.1335,1.0605,0.357,backfill_yahoo
2026-07-30,feeder,30,0.9,305.53,318.97,6.737,8.6391,1.9021,0.623,backfill_yahoo
2026-07-30,feeder,30,0.95,322.99,318.97,11.59,16.0544,4.4644,1.382,backfill_yahoo
2026-07-30,feeder,30,1.0,342.19,318.97,19.741,28.4273,8.6863,2.538,backfill_yahoo
2026-07-30,feeder,34,0.75,261.05,317.38,1.87,1.6404,-0.2296,-0.088,backfill_yahoo
2026-07-30,feeder,34,0.8,278.45,317.38,3.271,3.5529,0.2819,0.101,backfill_yahoo
2026-07-30,feeder,34,0.85,295.86,317.38,5.624,7.0934,1.4694,0.497,backfill_yahoo
2026-07-30,feeder,34,0.9,304.56,317.38,7.324,9.7061,2.3821,0.782,backfill_yahoo
2026-07-30,feeder,34,0.95,321.96,317.38,12.164,17.2363,5.0723,1.575,backfill_yahoo
2026-07-30,feeder,34,1.0,341.11,317.38,20.089,29.495,9.406,2.757,backfill_yahoo
2026-07-30,feeder,39,0.75,260.6,316.06,2.342,2.2254,-0.1166,-0.045,backfill_yahoo
2026-07-30,feeder,39,0.8,277.97,316.06,3.958,4.445,0.487,0.175,backfill_yahoo
2026-07-30,feeder,39,0.85,295.34,316.06,6.603,8.2883,1.6853,0.571,backfill_yahoo
2026-07-30,feeder,39,0.9,304.03,316.06,8.459,11.0202,2.5612,0.842,backfill_yahoo
2026-07-30,feeder,39,0.95,321.4,316.06,13.573,18.6981,5.1251,1.595,backfill_yahoo
2026-07-30,feeder,39,1.0,340.51,316.06,21.739,30.8516,9.1126,2.676,backfill_yahoo
2026-07-30,feeder,43,0.75,259.36,315.23,2.816,2.6202,-0.1958,-0.075,backfill_yahoo
2026-07-30,feeder,43,0.8,276.65,315.23,4.654,4.9736,0.3196,0.116,backfill_yahoo
2026-07-30,feeder,43,0.85,293.94,315.23,7.533,8.8904,1.3574,0.462,backfill_yahoo
2026-07-30,feeder,43,0.9,302.59,315.23,9.507,11.6129,2.1059,0.696,backfill_yahoo
2026-07-30,feeder,43,0.95,319.88,315.23,14.925,19.1193,4.1943,1.311,backfill_yahoo
2026-07-30,feeder,43,1.0,338.9,315.23,23.163,30.9675,7.8045,2.303,backfill_yahoo
2026-07-30,feeder,47,0.75,259.2,315.11,3.938,3.08,-0.858,-0.331,backfill_yahoo
2026-07-30,feeder,47,0.8,276.48,315.11,6.124,5.5967,-0.5273,-0.191,backfill_yahoo
2026-07-30,feeder,47,0.85,293.76,315.11,9.335,9.6418,0.3068,0.104,backfill_yahoo
2026-07-30,feeder,47,0.9,302.4,315.11,11.519,12.3952,0.8762,0.29,backfill_yahoo
2026-07-30,feeder,47,0.95,319.68,315.11,17.273,19.8762,2.6032,0.814,backfill_yahoo
2026-07-30,feeder,47,1.0,338.69,315.11,26.234,31.5799,5.3459,1.578,backfill_yahoo
2026-07-30,feeder,52,0.75,259.08,314.97,4.556,3.6806,-0.8754,-0.338,backfill_yahoo
2026-07-30,feeder,52,0.8,276.35,314.97,6.885,6.3868,-0.4982,-0.18,backfill_yahoo
2026-07-30,feeder,52,0.85,293.62,314.97,10.22,10.5788,0.3588,0.122,backfill_yahoo
2026-07-30,feeder,52,0.9,302.26,314.97,12.454,13.3724,0.9184,0.304,backfill_yahoo
2026-07-30,feeder,52,0.95,319.53,314.97,18.257,20.8386,2.5816,0.808,backfill_yahoo
2026-07-30,feeder,52,1.0,338.53,314.97,27.168,32.3948,5.2268,1.544,backfill_yahoo
2026-07-31,feeder,13,0.75,276.19,332.34,0.178,0.1404,-0.0376,-0.014,backfill_yahoo
2026-07-31,feeder,13,0.8,294.6,332.34,0.491,0.7476,0.2566,0.087,backfill_yahoo
2026-07-31,feeder,13,0.85,313.01,332.34,1.249,2.998,1.749,0.559,backfill_yahoo
2026-07-31,feeder,13,0.9,322.22,332.34,1.969,5.3802,3.4112,1.059,backfill_yahoo
2026-07-31,feeder,13,0.95,340.63,332.34,4.817,14.1684,9.3514,2.745,backfill_yahoo
2026-07-31,feeder,13,1.0,360.88,332.34,11.979,29.7209,17.7419,4.916,backfill_yahoo
2026-07-31,feeder,17,0.85,306.28,327.71,1.897,3.535,1.638,0.535,backfill_yahoo
2026-07-31,feeder,17,0.9,315.29,327.71,2.887,5.8246,2.9376,0.932,backfill_yahoo
2026-07-31,feeder,17,0.95,333.3,327.71,6.482,13.707,7.225,2.168,backfill_yahoo
2026-07-31,feeder,17,1.0,353.12,327.71,14.078,27.7682,13.6902,3.877,backfill_yahoo
2026-07-31,feeder,21,0.85,302.59,324.4,2.716,4.3498,1.6338,0.54,backfill_yahoo
2026-07-31,feeder,21,0.9,311.49,324.4,3.9,6.7179,2.8179,0.905,backfill_yahoo
2026-07-31,feeder,21,0.95,329.29,324.4,7.883,14.3901,6.5071,1.976,backfill_yahoo
2026-07-31,feeder,21,1.0,348.87,324.4,15.68,27.7515,12.0715,3.46,backfill_yahoo
2026-07-31,feeder,26,0.75,265.47,320.92,0.891,0.9744,0.0834,0.031,backfill_yahoo
2026-07-31,feeder,26,0.8,283.16,320.92,1.811,2.5297,0.7187,0.254,backfill_yahoo
2026-07-31,feeder,26,0.85,300.86,320.92,3.565,5.8414,2.2764,0.757,backfill_yahoo
2026-07-31,feeder,26,0.9,309.71,320.92,5.066,8.4787,3.4127,1.102,backfill_yahoo
2026-07-31,feeder,26,0.95,327.41,320.92,9.512,16.538,7.026,2.146,backfill_yahoo
2026-07-31,feeder,26,1.0,346.87,320.92,17.581,29.7792,12.1982,3.517,backfill_yahoo
2026-07-31,feeder,30,0.75,262.9,318.9,1.25,1.2885,0.0385,0.015,backfill_yahoo
2026-07-31,feeder,30,0.8,280.42,318.9,2.369,3.0234,0.6544,0.233,backfill_yahoo
2026-07-31,feeder,30,0.85,297.95,318.9,4.368,6.4418,2.0738,0.696,backfill_yahoo
2026-07-31,feeder,30,0.9,306.71,318.9,6.014,9.0523,3.0383,0.991,backfill_yahoo
2026-07-31,feeder,30,0.95,324.24,318.9,10.693,16.788,6.095,1.88,backfill_yahoo
2026-07-31,feeder,30,1.0,343.52,318.9,18.862,29.4564,10.5944,3.084,backfill_yahoo
2026-07-31,feeder,34,0.75,262.04,317.35,1.641,1.7195,0.0785,0.03,backfill_yahoo
2026-07-31,feeder,34,0.8,279.51,317.35,2.963,3.7182,0.7552,0.27,backfill_yahoo
2026-07-31,feeder,34,0.85,296.98,317.35,5.262,7.4015,2.1395,0.72,backfill_yahoo
2026-07-31,feeder,34,0.9,305.71,317.35,6.976,10.1095,3.1335,1.025,backfill_yahoo
2026-07-31,feeder,34,0.95,323.18,317.35,11.979,17.9333,5.9543,1.842,backfill_yahoo
2026-07-31,feeder,34,1.0,342.4,317.35,20.406,30.4512,10.0452,2.934,backfill_yahoo
2026-07-31,feeder,39,0.75,261.23,316.01,2.122,2.2881,0.1661,0.064,backfill_yahoo
2026-07-31,feeder,39,0.8,278.65,316.01,3.698,4.5675,0.8695,0.312,backfill_yahoo
2026-07-31,feeder,39,0.85,296.07,316.01,6.44,8.5068,2.0668,0.698,backfill_yahoo
2026-07-31,feeder,39,0.9,304.77,316.01,8.316,11.2964,2.9804,0.978,backfill_yahoo
2026-07-31,feeder,39,0.95,322.19,316.01,13.634,19.165,5.531,1.717,backfill_yahoo
2026-07-31,feeder,39,1.0,341.35,316.01,22.151,31.4839,9.3329,2.734,backfill_yahoo
2026-07-31,feeder,43,0.75,260.1,315.22,3.286,2.6966,-0.5894,-0.227,backfill_yahoo
2026-07-31,feeder,43,0.8,277.44,315.22,5.39,5.1148,-0.2752,-0.099,backfill_yahoo
2026-07-31,feeder,43,0.85,294.77,315.22,8.448,9.1285,0.6805,0.231,backfill_yahoo
2026-07-31,feeder,43,0.9,303.44,315.22,10.538,11.9128,1.3748,0.453,backfill_yahoo
2026-07-31,feeder,43,0.95,320.78,315.22,16.201,19.6166,3.4156,1.065,backfill_yahoo
2026-07-31,feeder,43,1.0,339.86,315.22,25.044,31.6396,6.5956,1.941,backfill_yahoo
2026-07-31,feeder,47,0.75,259.94,315.11,3.855,3.1634,-0.6916,-0.266,backfill_yahoo
2026-07-31,feeder,47,0.8,277.26,315.11,6.135,5.7431,-0.3919,-0.141,backfill_yahoo
2026-07-31,feeder,47,0.85,294.59,315.11,9.36,9.8843,0.5243,0.178,backfill_yahoo
2026-07-31,feeder,47,0.9,303.26,315.11,11.53,12.7005,1.1705,0.386,backfill_yahoo
2026-07-31,feeder,47,0.95,320.59,315.11,17.328,20.3758,3.0478,0.951,backfill_yahoo
2026-07-31,feeder,47,1.0,339.65,315.11,26.243,32.2417,5.9987,1.766,backfill_yahoo
2026-07-31,feeder,52,0.75,259.82,314.97,4.461,3.7725,-0.6885,-0.265,backfill_yahoo
2026-07-31,feeder,52,0.8,277.14,314.97,6.892,6.5433,-0.3487,-0.126,backfill_yahoo
2026-07-31,feeder,52,0.85,294.46,314.97,10.24,10.8294,0.5894,0.2,backfill_yahoo
2026-07-31,feeder,52,0.9,303.12,314.97,12.458,13.68,1.222,0.403,backfill_yahoo
2026-07-31,feeder,52,0.95,320.44,314.97,18.303,21.335,3.032,0.946,backfill_yahoo
2026-07-31,feeder,52,1.0,339.5,314.97,27.162,33.0524,5.8904,1.735,backfill_yahoo
2026-08-03,feeder,13,0.75,273.41,332.81,0.228,0.1026,-0.1254,-0.046,backfill_yahoo
2026-08-03,feeder,13,0.8,291.64,332.81,0.525,0.5626,0.0376,0.013,backfill_yahoo
2026-08-03,feeder,13,0.85,309.86,332.81,1.299,2.3432,1.0442,0.337,backfill_yahoo
2026-08-03,feeder,13,0.9,318.98,332.81,2.006,4.2997,2.2937,0.719,backfill_yahoo
2026-08-03,feeder,13,0.95,337.21,332.81,4.98,11.8083,6.8283,2.025,backfill_yahoo
2026-08-03,feeder,13,1.0,357.26,332.81,12.07,26.234,14.164,3.965,backfill_yahoo
2026-08-03,feeder,17,0.75,268.02,327.54,0.325,0.2432,-0.0818,-0.031,backfill_yahoo
2026-08-03,feeder,17,0.8,285.88,327.54,0.788,0.9524,0.1644,0.057,backfill_yahoo
2026-08-03,feeder,17,0.85,303.75,327.54,1.937,3.0715,1.1345,0.374,backfill_yahoo
2026-08-03,feeder,17,0.9,312.69,327.54,2.931,5.1129,2.1819,0.698,backfill_yahoo
2026-08-03,feeder,17,0.95,330.55,327.54,6.512,12.234,5.722,1.731,backfill_yahoo
2026-08-03,feeder,17,1.0,350.21,327.54,13.972,25.5696,11.5976,3.312,backfill_yahoo
2026-08-03,feeder,21,0.75,264.83,323.54,0.592,0.4675,-0.1245,-0.047,backfill_yahoo
2026-08-03,feeder,21,0.8,282.48,323.54,1.268,1.4705,0.2025,0.072,backfill_yahoo
2026-08-03,feeder,21,0.85,300.14,323.54,2.749,3.9846,1.2356,0.412,backfill_yahoo
2026-08-03,feeder,21,0.9,308.96,323.54,3.929,6.1833,2.2543,0.73,backfill_yahoo
2026-08-03,feeder,21,0.95,326.62,323.54,7.877,13.3477,5.4707,1.675,backfill_yahoo
2026-08-03,feeder,21,1.0,346.04,323.54,15.5,26.207,10.707,3.094,backfill_yahoo
2026-08-03,feeder,26,0.75,263.15,319.61,0.904,0.9034,-0.0006,-0.0,backfill_yahoo
2026-08-03,feeder,26,0.8,280.69,319.61,1.846,2.3549,0.5089,0.181,backfill_yahoo
2026-08-03,feeder,26,0.85,298.24,319.61,3.648,5.4682,1.8202,0.61,backfill_yahoo
2026-08-03,feeder,26,0.9,307.01,319.61,5.106,7.9616,2.8556,0.93,backfill_yahoo
2026-08-03,feeder,26,0.95,324.55,319.61,9.827,15.5934,5.7664,1.777,backfill_yahoo
2026-08-03,feeder,26,1.0,343.85,319.61,17.742,28.4303,10.6883,3.108,backfill_yahoo
2026-08-03,feeder,30,0.75,260.9,317.37,1.255,1.2342,-0.0208,-0.008,backfill_yahoo
2026-08-03,feeder,30,0.8,278.29,317.37,2.391,2.9014,0.5104,0.183,backfill_yahoo
2026-08-03,feeder,30,0.85,295.69,317.37,4.431,6.1979,1.7669,0.598,backfill_yahoo
2026-08-03,feeder,30,0.9,304.38,317.37,6.017,8.7215,2.7045,0.889,backfill_yahoo
2026-08-03,feeder,30,0.95,321.78,317.37,10.97,16.2007,5.2307,1.626,backfill_yahoo
2026-08-03,feeder,30,1.0,340.91,317.37,18.935,28.6045,9.6695,2.836,backfill_yahoo
2026-08-03,feeder,34,0.75,260.2,315.85,1.651,1.6635,0.0125,0.005,backfill_yahoo
2026-08-03,feeder,34,0.8,277.55,315.85,3.021,3.6014,0.5804,0.209,backfill_yahoo
2026-08-03,feeder,34,0.85,294.9,315.85,5.504,7.1815,1.6775,0.569,backfill_yahoo
2026-08-03,feeder,34,0.9,303.57,315.85,7.279,9.8194,2.5404,0.837,backfill_yahoo
2026-08-03,feeder,34,0.95,320.92,315.85,12.277,17.4333,5.1563,1.607,backfill_yahoo
2026-08-03,feeder,34,1.0,340.0,315.85,20.527,29.7333,9.2063,2.708,backfill_yahoo
2026-08-03,feeder,39,0.75,259.63,314.26,2.212,2.2607,0.0487,0.019,backfill_yahoo
2026-08-03,feeder,39,0.8,276.94,314.26,3.85,4.5132,0.6632,0.239,backfill_yahoo
2026-08-03,feeder,39,0.85,294.24,314.26,6.576,8.4047,1.8287,0.622,backfill_yahoo
2026-08-03,feeder,39,0.9,302.9,314.26,8.479,11.1683,2.6893,0.888,backfill_yahoo
2026-08-03,feeder,39,0.95,320.21,314.26,13.815,18.9475,5.1325,1.603,backfill_yahoo
2026-08-03,feeder,39,1.0,339.25,314.26,22.35,31.1577,8.8077,2.596,backfill_yahoo
2026-08-03,feeder,43,0.75,258.82,313.37,3.364,2.7065,-0.6575,-0.254,backfill_yahoo
2026-08-03,feeder,43,0.8,276.08,313.37,5.348,5.1331,-0.2149,-0.078,backfill_yahoo
2026-08-03,feeder,43,0.85,293.33,313.37,8.52,9.1587,0.6387,0.218,backfill_yahoo
2026-08-03,feeder,43,0.9,301.96,313.37,10.59,11.9497,1.3597,0.45,backfill_yahoo
2026-08-03,feeder,43,0.95,319.22,313.37,16.195,19.6803,3.4853,1.092,backfill_yahoo
2026-08-03,feeder,43,1.0,338.2,313.37,24.949,31.6882,6.7392,1.993,backfill_yahoo
2026-08-03,feeder,47,0.75,258.47,313.11,3.933,3.164,-0.769,-0.298,backfill_yahoo
2026-08-03,feeder,47,0.8,275.7,313.11,6.074,5.7447,-0.3293,-0.119,backfill_yahoo
2026-08-03,feeder,47,0.85,292.93,313.11,9.417,9.8837,0.4667,0.159,backfill_yahoo
2026-08-03,feeder,47,0.9,301.54,313.11,11.561,12.6935,1.1325,0.376,backfill_yahoo
2026-08-03,feeder,47,0.95,318.78,313.11,17.29,20.371,3.081,0.967,backfill_yahoo
2026-08-03,feeder,47,1.0,337.73,313.11,26.102,32.2007,6.0987,1.806,backfill_yahoo
2026-08-03,feeder,52,0.75,258.21,312.77,4.533,3.771,-0.762,-0.295,backfill_yahoo
2026-08-03,feeder,52,0.8,275.43,312.77,6.809,6.5415,-0.2675,-0.097,backfill_yahoo
2026-08-03,feeder,52,0.85,292.64,312.77,10.276,10.8229,0.5469,0.187,backfill_yahoo
2026-08-03,feeder,52,0.9,301.25,312.77,12.462,13.671,1.209,0.401,backfill_yahoo
2026-08-03,feeder,52,0.95,318.46,312.77,18.225,21.3233,3.0983,0.973,backfill_yahoo
2026-08-03,feeder,52,1.0,337.4,312.77,26.966,33.0006,6.0346,1.789,backfill_yahoo
2026-08-04,feeder,13,0.75,275.56,334.83,0.256,0.1085,-0.1475,-0.054,backfill_yahoo
2026-08-04,feeder,13,0.8,293.93,334.83,0.591,0.5917,0.0007,0.0,backfill_yahoo
2026-08-04,feeder,13,0.85,312.3,334.83,1.408,2.4515,1.0435,0.334,backfill_yahoo
2026-08-04,feeder,13,0.9,321.49,334.83,2.212,4.4829,2.2709,0.706,backfill_yahoo
2026-08-04,feeder,13,0.95,339.86,334.83,5.353,12.2331,6.8801,2.024,backfill_yahoo
2026-08-04,feeder,13,1.0,360.06,334.83,12.524,26.9244,14.4004,3.999,backfill_yahoo
2026-08-04,feeder,17,0.75,269.74,329.61,0.36,0.2452,-0.1148,-0.043,backfill_yahoo
2026-08-04,feeder,17,0.8,287.72,329.61,0.867,0.9604,0.0934,0.032,backfill_yahoo
2026-08-04,feeder,17,0.85,305.7,329.61,2.044,3.0958,1.0518,0.344,backfill_yahoo
2026-08-04,feeder,17,0.9,314.69,329.61,3.116,5.1507,2.0347,0.647,backfill_yahoo
2026-08-04,feeder,17,0.95,332.67,329.61,6.841,12.326,5.485,1.649,backfill_yahoo
2026-08-04,feeder,17,1.0,352.45,329.61,14.441,25.7488,11.3078,3.208,backfill_yahoo
2026-08-04,feeder,21,0.75,266.13,325.56,0.648,0.4592,-0.1888,-0.071,backfill_yahoo
2026-08-04,feeder,21,0.8,283.87,325.56,1.378,1.4468,0.0688,0.024,backfill_yahoo
2026-08-04,feeder,21,0.85,301.61,325.56,2.882,3.9269,1.0449,0.346,backfill_yahoo
2026-08-04,feeder,21,0.9,310.48,325.56,4.149,6.1032,1.9542,0.629,backfill_yahoo
2026-08-04,feeder,21,0.95,328.22,325.56,8.242,13.1931,4.9511,1.508,backfill_yahoo
2026-08-04,feeder,21,1.0,347.74,325.56,15.995,26.0217,10.0267,2.883,backfill_yahoo
2026-08-04,feeder,26,0.75,264.14,321.54,0.989,0.8781,-0.1109,-0.042,backfill_yahoo
2026-08-04,feeder,26,0.8,281.75,321.54,1.972,2.2933,0.3213,0.114,backfill_yahoo
2026-08-04,feeder,26,0.85,299.36,321.54,3.938,5.3372,1.3992,0.467,backfill_yahoo
2026-08-04,feeder,26,0.9,308.16,321.54,5.471,7.7818,2.3108,0.75,backfill_yahoo
2026-08-04,feeder,26,0.95,325.77,321.54,10.1,15.2726,5.1726,1.588,backfill_yahoo
2026-08-04,feeder,26,1.0,345.14,321.54,18.176,28.0101,9.8341,2.849,backfill_yahoo
2026-08-04,feeder,30,0.75,261.57,319.12,1.36,1.1926,-0.1674,-0.064,backfill_yahoo
2026-08-04,feeder,30,0.8,279.0,319.12,2.538,2.8078,0.2698,0.097,backfill_yahoo
2026-08-04,feeder,30,0.85,296.44,319.12,4.753,6.0123,1.2593,0.425,backfill_yahoo
2026-08-04,feeder,30,0.9,305.16,319.12,6.413,8.4762,2.0632,0.676,backfill_yahoo
2026-08-04,feeder,30,0.95,322.6,319.12,11.244,15.7641,4.5201,1.401,backfill_yahoo
2026-08-04,feeder,30,1.0,341.78,319.12,19.366,28.0235,8.6575,2.533,backfill_yahoo
2026-08-04,feeder,34,0.75,260.72,317.25,1.741,1.6225,-0.1185,-0.045,backfill_yahoo
2026-08-04,feeder,34,0.8,278.1,317.25,3.164,3.5159,0.3519,0.127,backfill_yahoo
2026-08-04,feeder,34,0.85,295.48,317.25,5.652,7.0216,1.3696,0.464,backfill_yahoo
2026-08-04,feeder,34,0.9,304.17,317.25,7.546,9.6118,2.0658,0.679,backfill_yahoo
2026-08-04,feeder,34,0.95,321.55,317.25,12.629,17.0742,4.4452,1.382,backfill_yahoo
2026-08-04,feeder,34,1.0,340.67,317.25,20.829,29.2646,8.4356,2.476,backfill_yahoo
2026-08-04,feeder,39,0.75,259.69,315.23,2.291,2.1987,-0.0923,-0.036,backfill_yahoo
2026-08-04,feeder,39,0.8,277.0,315.23,3.921,4.3931,0.4721,0.17,backfill_yahoo
2026-08-04,feeder,39,0.85,294.31,315.23,6.691,8.1956,1.5046,0.511,backfill_yahoo
2026-08-04,feeder,39,0.9,302.97,315.23,8.673,10.9003,2.2273,0.735,backfill_yahoo
2026-08-04,feeder,39,0.95,320.28,315.23,14.101,18.4964,4.3954,1.372,backfill_yahoo
2026-08-04,feeder,39,1.0,339.33,315.23,22.691,30.5684,7.8774,2.321,backfill_yahoo
2026-08-04,feeder,43,0.75,258.58,314.31,3.352,2.6097,-0.7423,-0.287,backfill_yahoo
2026-08-04,feeder,43,0.8,275.82,314.31,5.35,4.9543,-0.3957,-0.143,backfill_yahoo
2026-08-04,feeder,43,0.85,293.06,314.31,8.508,8.8567,0.3487,0.119,backfill_yahoo
2026-08-04,feeder,43,0.9,301.68,314.31,10.595,11.5677,0.9727,0.322,backfill_yahoo
2026-08-04,feeder,43,0.95,318.92,314.31,16.175,19.0459,2.8709,0.9,backfill_yahoo
2026-08-04,feeder,43,1.0,337.88,314.31,24.947,30.8515,5.9045,1.748,backfill_yahoo
2026-08-04,feeder,47,0.75,258.23,313.96,3.916,3.066,-0.85,-0.329,backfill_yahoo
2026-08-04,feeder,47,0.8,275.44,313.96,6.073,5.5704,-0.5026,-0.182,backfill_yahoo
2026-08-04,feeder,47,0.85,292.66,313.96,9.4,9.5984,0.1984,0.068,backfill_yahoo
2026-08-04,feeder,47,0.9,301.27,313.96,11.56,12.3406,0.7806,0.259,backfill_yahoo
2026-08-04,feeder,47,0.95,318.48,313.96,17.259,19.7853,2.5263,0.793,backfill_yahoo
2026-08-04,feeder,47,1.0,337.42,313.96,26.088,31.4411,5.3531,1.586,backfill_yahoo
2026-08-04,feeder,52,0.75,257.98,313.52,4.511,3.6745,-0.8365,-0.324,backfill_yahoo
2026-08-04,feeder,52,0.8,275.18,313.52,6.802,6.3765,-0.4255,-0.155,backfill_yahoo
2026-08-04,feeder,52,0.85,292.38,313.52,10.251,10.5617,0.3107,0.106,backfill_yahoo
2026-08-04,feeder,52,0.9,300.98,313.52,12.453,13.3486,0.8956,0.298,backfill_yahoo
2026-08-04,feeder,52,0.95,318.18,313.52,18.183,20.8053,2.6223,0.824,backfill_yahoo
2026-08-04,feeder,52,1.0,337.1,313.52,26.939,32.3286,5.3896,1.599,backfill_yahoo
2026-08-05,feeder,13,0.75,276.99,327.13,0.301,0.2282,-0.0728,-0.026,backfill_yahoo
2026-08-05,feeder,13,0.8,295.46,327.13,0.695,1.1547,0.4597,0.156,backfill_yahoo
2026-08-05,feeder,13,0.85,313.93,327.13,1.575,4.334,2.759,0.879,backfill_yahoo
2026-08-05,feeder,13,0.9,323.16,327.13,2.426,7.4871,5.0611,1.566,backfill_yahoo
2026-08-05,feeder,13,0.95,341.63,327.13,5.655,18.2946,12.6396,3.7,backfill_yahoo
2026-08-05,feeder,13,1.0,361.94,327.13,12.839,35.2588,22.4198,6.194,backfill_yahoo
2026-08-05,feeder,17,0.75,271.38,322.15,0.422,0.4476,0.0256,0.009,backfill_yahoo
2026-08-05,feeder,17,0.8,289.48,322.15,0.977,1.6692,0.6922,0.239,backfill_yahoo
2026-08-05,feeder,17,0.85,307.57,322.15,2.261,5.0336,2.7726,0.901,backfill_yahoo
2026-08-05,feeder,17,0.9,316.62,322.15,3.377,8.0583,4.6813,1.479,backfill_yahoo
2026-08-05,feeder,17,0.95,334.71,322.15,7.161,17.9591,10.7981,3.226,backfill_yahoo
2026-08-05,feeder,17,1.0,354.61,322.15,14.71,33.6041,18.8941,5.328,backfill_yahoo
2026-08-05,feeder,21,0.75,267.81,318.33,0.746,0.755,0.009,0.003,backfill_yahoo
2026-08-05,feeder,21,0.8,285.66,318.33,1.531,2.2972,0.7662,0.268,backfill_yahoo
2026-08-05,feeder,21,0.85,303.52,318.33,3.155,5.9478,2.7928,0.92,backfill_yahoo
2026-08-05,feeder,21,0.9,312.45,318.33,4.464,8.9893,4.5253,1.448,backfill_yahoo
2026-08-05,feeder,21,0.95,330.3,318.33,8.598,18.5322,9.9342,3.008,backfill_yahoo
2026-08-05,feeder,21,1.0,349.94,318.33,16.274,33.3994,17.1254,4.894,backfill_yahoo
2026-08-05,feeder,26,0.75,265.7,314.54,1.103,1.3089,0.2059,0.078,backfill_yahoo
2026-08-05,feeder,26,0.8,283.42,314.54,2.151,3.3384,1.1874,0.419,backfill_yahoo
2026-08-05,feeder,26,0.85,301.13,314.54,4.165,7.5113,3.3463,1.111,backfill_yahoo
2026-08-05,feeder,26,0.9,309.99,314.54,5.697,10.738,5.041,1.626,backfill_yahoo
2026-08-05,feeder,26,0.95,327.7,314.54,10.351,20.4173,10.0663,3.072,backfill_yahoo
2026-08-05,feeder,26,1.0,347.19,314.54,18.499,34.9242,16.4252,4.731,backfill_yahoo
2026-08-05,feeder,30,0.75,263.0,312.17,1.5,1.688,0.188,0.071,backfill_yahoo
2026-08-05,feeder,30,0.8,280.53,312.17,2.746,3.9047,1.1587,0.413,backfill_yahoo
2026-08-05,feeder,30,0.85,298.06,312.17,5.001,8.1484,3.1474,1.056,backfill_yahoo
2026-08-05,feeder,30,0.9,306.83,312.17,6.653,11.3123,4.6593,1.519,backfill_yahoo
2026-08-05,feeder,30,0.95,324.36,312.17,11.497,20.6149,9.1179,2.811,backfill_yahoo
2026-08-05,feeder,30,1.0,343.65,312.17,19.677,34.5114,14.8344,4.317,backfill_yahoo
2026-08-05,feeder,34,0.75,261.95,310.83,1.967,2.1564,0.1894,0.072,backfill_yahoo
2026-08-05,feeder,34,0.8,279.41,310.83,3.483,4.6128,1.1298,0.404,backfill_yahoo
2026-08-05,feeder,34,0.85,296.88,310.83,6.041,9.0434,3.0024,1.011,backfill_yahoo
2026-08-05,feeder,34,0.9,305.61,310.83,7.914,12.2368,4.3228,1.414,backfill_yahoo
2026-08-05,feeder,34,0.95,323.07,310.83,13.141,21.4586,8.3176,2.575,backfill_yahoo
2026-08-05,feeder,34,1.0,342.28,310.83,21.521,35.0461,13.5251,3.951,backfill_yahoo
2026-08-05,feeder,39,0.75,260.46,308.98,2.477,2.7651,0.2881,0.111,backfill_yahoo
2026-08-05,feeder,39,0.8,277.83,308.98,4.227,5.478,1.251,0.45,backfill_yahoo
2026-08-05,feeder,39,0.85,295.19,308.98,7.06,10.083,3.023,1.024,backfill_yahoo
2026-08-05,feeder,39,0.9,303.87,308.98,9.039,13.2967,4.2577,1.401,backfill_yahoo
2026-08-05,feeder,39,0.95,321.24,308.98,14.452,22.4163,7.9643,2.479,backfill_yahoo
2026-08-05,feeder,39,1.0,340.34,308.98,22.893,35.6541,12.7611,3.75,backfill_yahoo
2026-08-05,feeder,43,0.75,259.36,308.26,3.371,3.2051,-0.1659,-0.064,backfill_yahoo
2026-08-05,feeder,43,0.8,276.65,308.26,5.361,6.0433,0.6823,0.247,backfill_yahoo
2026-08-05,feeder,43,0.85,293.94,308.26,8.438,10.689,2.251,0.766,backfill_yahoo
2026-08-05,feeder,43,0.9,302.59,308.26,10.501,13.8693,3.3683,1.113,backfill_yahoo
2026-08-05,feeder,43,0.95,319.88,308.26,16.213,22.7739,6.5609,2.051,backfill_yahoo
2026-08-05,feeder,43,1.0,338.9,308.26,25.007,35.6707,10.6637,3.147,backfill_yahoo
2026-08-05,feeder,47,0.75,258.91,308.35,3.936,3.651,-0.285,-0.11,backfill_yahoo
2026-08-05,feeder,47,0.8,276.17,308.35,6.082,6.6022,0.5202,0.188,backfill_yahoo
2026-08-05,feeder,47,0.85,293.43,308.35,9.321,11.2838,1.9628,0.669,backfill_yahoo
2026-08-05,feeder,47,0.9,302.06,308.35,11.455,14.4318,2.9768,0.985,backfill_yahoo
2026-08-05,feeder,47,0.95,319.32,308.35,17.292,23.1508,5.8588,1.835,backfill_yahoo
2026-08-05,feeder,47,1.0,338.3,308.35,26.14,35.7568,9.6168,2.843,backfill_yahoo
2026-08-05,feeder,52,0.75,258.59,308.46,4.531,4.2429,-0.2881,-0.111,backfill_yahoo
2026-08-05,feeder,52,0.8,275.83,308.46,6.808,7.3389,0.5309,0.192,backfill_yahoo
2026-08-05,feeder,52,0.85,293.07,308.46,10.161,12.0866,1.9256,0.657,backfill_yahoo
2026-08-05,feeder,52,0.9,301.69,308.46,12.336,15.2185,2.8825,0.955,backfill_yahoo
2026-08-05,feeder,52,0.95,318.93,308.46,18.209,23.7845,5.5755,1.748,backfill_yahoo
2026-08-05,feeder,52,1.0,337.89,308.46,26.978,36.1212,9.1432,2.706,backfill_yahoo
2026-08-06,feeder,13,0.75,270.37,326.89,0.365,0.1214,-0.2436,-0.09,live
2026-08-06,feeder,13,0.8,288.4,326.89,0.783,0.6544,-0.1286,-0.045,live
2026-08-06,feeder,13,0.85,306.42,326.89,1.831,2.666,0.835,0.272,live
2026-08-06,feeder,13,0.9,315.43,326.89,2.791,4.8267,2.0357,0.645,live
2026-08-06,feeder,13,0.95,333.46,326.89,6.04,12.9431,6.9031,2.07,live
2026-08-06,feeder,13,1.0,353.29,326.89,13.26,27.7902,14.5302,4.113,live
2026-08-06,feeder,17,0.75,265.12,322.02,0.483,0.2732,-0.2098,-0.079,live
2026-08-06,feeder,17,0.8,282.79,322.02,1.102,1.0597,-0.0423,-0.015,live
2026-08-06,feeder,17,0.85,300.46,322.02,2.471,3.3714,0.9004,0.3,live
2026-08-06,feeder,17,0.9,309.3,322.02,3.641,5.5675,1.9265,0.623,live
2026-08-06,feeder,17,0.95,326.98,322.02,7.501,13.1581,5.6571,1.73,live
2026-08-06,feeder,17,1.0,346.42,322.02,15.104,26.8246,11.7206,3.383,live
2026-08-06,feeder,21,0.75,261.82,318.2,0.836,0.5058,-0.3302,-0.126,live
2026-08-06,feeder,21,0.8,279.27,318.2,1.7,1.5816,-0.1184,-0.042,live
2026-08-06,feeder,21,0.85,296.73,318.2,3.409,4.2508,0.8418,0.284,live
2026-08-06,feeder,21,0.9,305.46,318.2,4.769,6.5674,1.7984,0.589,live
2026-08-06,feeder,21,0.95,322.91,318.2,8.965,14.0692,5.1042,1.581,live
2026-08-06,feeder,21,1.0,342.11,318.2,16.691,27.1539,10.4629,3.058,live
2026-08-06,feeder,26,0.75,259.83,314.46,1.252,0.9385,-0.3135,-0.121,live
2026-08-06,feeder,26,0.8,277.15,314.46,2.373,2.4394,0.0664,0.024,live
2026-08-06,feeder,26,0.85,294.47,314.46,4.446,5.6392,1.1932,0.405,live
2026-08-06,feeder,26,0.9,303.13,314.46,5.994,8.1909,2.1969,0.725,live
2026-08-06,feeder,26,0.95,320.45,314.46,10.567,15.9918,5.4248,1.693,live
2026-08-06,feeder,26,1.0,339.51,314.46,18.702,28.8913,10.1893,3.001,live
2026-08-06,feeder,30,0.75,257.44,312.08,1.682,1.2716,-0.4104,-0.159,live
2026-08-06,feeder,30,0.8,274.61,312.08,3.001,2.9846,-0.0164,-0.006,live
2026-08-06,feeder,30,0.85,291.77,312.08,5.306,6.3535,1.0475,0.359,live
2026-08-06,feeder,30,0.9,300.35,312.08,6.963,8.9256,1.9626,0.653,live
2026-08-06,feeder,30,0.95,317.51,312.08,11.704,16.543,4.839,1.524,live
2026-08-06,feeder,30,1.0,336.39,312.08,19.865,28.9853,9.1203,2.711,live
2026-08-06,feeder,34,0.75,256.67,310.81,2.106,1.6865,-0.4195,-0.163,live
2026-08-06,feeder,34,0.8,273.79,310.81,3.674,3.6478,-0.0262,-0.01,live
2026-08-06,feeder,34,0.85,290.9,310.81,6.288,7.2599,0.9719,0.334,live
2026-08-06,feeder,34,0.9,299.45,310.81,8.243,9.915,1.672,0.558,live
2026-08-06,feeder,34,0.95,316.57,310.81,13.401,17.5918,4.1908,1.324,live
2026-08-06,feeder,34,1.0,335.39,310.81,21.622,29.8572,8.2352,2.455,live
2026-08-06,feeder,39,0.75,255.46,308.9,2.654,2.2472,-0.4068,-0.159,live
2026-08-06,feeder,39,0.8,272.49,308.9,4.435,4.4843,0.0493,0.018,live
2026-08-06,feeder,39,0.85,289.53,308.9,7.292,8.3514,1.0594,0.366,live
2026-08-06,feeder,39,0.9,298.04,308.9,9.36,11.0891,1.7291,0.58,live
2026-08-06,feeder,39,0.95,315.07,308.9,14.744,18.809,4.065,1.29,live
2026-08-06,feeder,39,1.0,333.81,308.9,23.056,30.8793,7.8233,2.344,live
2026-08-06,feeder,43,0.75,254.41,308.26,3.484,2.6426,-0.8414,-0.331,live
2026-08-06,feeder,43,0.8,271.37,308.26,5.49,5.0119,-0.4781,-0.176,live
2026-08-06,feeder,43,0.85,288.33,308.26,8.525,8.9467,0.4217,0.146,live
2026-08-06,feeder,43,0.9,296.81,308.26,10.678,11.6745,0.9965,0.336,live
2026-08-06,feeder,43,0.95,313.77,308.26,16.153,19.2238,3.0708,0.979,live
2026-08-06,feeder,43,1.0,332.43,308.26,24.719,30.9929,6.2739,1.887,live
2026-08-06,feeder,47,0.75,254.35,308.35,4.057,3.0936,-0.9634,-0.379,live
2026-08-06,feeder,47,0.8,271.31,308.35,6.216,5.6187,-0.5973,-0.22,live
2026-08-06,feeder,47,0.85,288.27,308.35,9.403,9.6709,0.2679,0.093,live
2026-08-06,feeder,47,0.9,296.75,308.35,11.633,12.4249,0.7919,0.267,live
2026-08-06,feeder,47,0.95,313.7,308.35,17.217,19.9291,2.7121,0.865,live
2026-08-06,feeder,47,1.0,332.36,308.35,25.828,31.5441,5.7161,1.72,live
2026-08-06,feeder,52,0.75,254.31,308.47,4.657,3.676,-0.981,-0.386,live
2026-08-06,feeder,52,0.8,271.27,308.47,6.945,6.378,-0.567,-0.209,live
2026-08-06,feeder,52,0.85,288.22,308.47,10.239,10.5566,0.3176,0.11,live
2026-08-06,feeder,52,0.9,296.7,308.47,12.512,13.338,0.826,0.278,live
2026-08-06,feeder,52,0.95,313.65,308.47,18.119,20.797,2.678,0.854,live
2026-08-06,feeder,52,1.0,332.3,308.47,26.644,32.2377,5.5937,1.683,live
