2026-08-06 06:55:59 === full matrix sweep starting (jobs=6, 13462 grids per combo) ===
2026-08-06 06:56:01 sweep Grazing @ 0.70  (have 0 of 13462 rated grids)
CONUS Grazing: 13462 PRF grids from prf_grid_county
13462 to score, 0 already in prf_opt_best; estimated 157 min at 0.7 s/grid (~26 min with jobs=6)
[250/13462] swept=250 skipped=0 elapsed=1.0m eta=53.2m | FL:127 TX:123
[500/13462] swept=500 skipped=0 elapsed=1.9m eta=48.3m | FL:174 LA:51 TX:275
[750/13462] swept=750 skipped=0 elapsed=2.7m eta=45.8m | AL:5 FL:228 LA:105 MS:6 TX:406
[1000/13462] swept=1000 skipped=0 elapsed=3.6m eta=45.0m | AL:38 AZ:9 FL:257 GA:25 LA:135 MS:20 NM:3 TX:513
[1250/13462] swept=1250 skipped=0 elapsed=4.5m eta=44.2m | AL:66 AZ:36 FL:257 GA:57 LA:156 MS:42 NM:16 TX:620
[1500/13462] swept=1500 skipped=0 elapsed=5.4m eta=42.7m | AL:95 AZ:76 FL:257 GA:90 LA:183 MS:61 NM:54 SC:1 TX:683
[1750/13462] swept=1750 skipped=0 elapsed=6.1m eta=40.6m | AL:125 AZ:108 CA:18 FL:257 GA:105 LA:211 MS:79 NM:88 SC:6 TX:753
[2000/13462] swept=2000 skipped=0 elapsed=6.9m eta=39.4m | AL:139 AR:6 AZ:145 CA:30 FL:257 GA:135 LA:224 MS:89 NM:136 SC:16 TX:823
[2250/13462] swept=2250 skipped=0 elapsed=7.6m eta=37.9m | AL:166 AR:26 AZ:191 CA:59 FL:257 GA:164 LA:224 MS:109 NM:160 SC:36 TX:858
[2500/13462] swept=2500 skipped=0 elapsed=8.4m eta=36.8m | AL:180 AR:55 AZ:214 CA:80 FL:257 GA:178 LA:224 MS:129 NC:1 NM:208 OK:20 SC:48 TX:906
[2750/13462] swept=2750 skipped=0 elapsed=9.1m eta=35.5m | AL:203 AR:70 AZ:256 CA:123 FL:257 GA:202 LA:224 MS:139 NC:10 NM:232 OK:39 SC:74 TX:921
[3000/13462] swept=3000 skipped=0 elapsed=9.9m eta=34.6m | AL:215 AR:103 AZ:281 CA:147 FL:257 GA:213 LA:224 MS:148 NC:18 NM:280 OK:84 SC:86 TX:944
[3250/13462] swept=3250 skipped=0 elapsed=10.8m eta=33.8m | AL:237 AR:121 AZ:304 CA:196 FL:257 GA:233 LA:224 MS:163 NC:42 NM:304 OK:107 SC:107 TX:955
[3500/13462] swept=3500 skipped=0 elapsed=11.6m eta=33.1m | AL:241 AR:139 AZ:350 CA:221 FL:257 GA:234 LA:224 MS:163 NC:83 NM:352 OK:134 SC:107 TN:18 TX:977
[3750/13462] swept=3750 skipped=0 elapsed=12.4m eta=32.1m | AL:241 AR:176 AZ:373 CA:246 FL:257 GA:234 LA:224 MS:163 NC:126 NM:376 NV:2 OK:176 SC:107 TN:61 TX:988
[4000/13462] swept=4000 skipped=0 elapsed=13.2m eta=31.2m | AL:241 AR:197 AZ:405 CA:294 FL:257 GA:234 LA:224 MS:163 NC:185 NM:400 NV:8 OK:198 SC:107 TN:88 TX:999
[4250/13462] swept=4250 skipped=0 elapsed=14.0m eta=30.4m | AL:241 AR:218 AZ:441 CA:318 FL:257 GA:234 LA:224 MS:163 NC:215 NM:448 NV:15 OK:241 SC:107 TN:114 TX:1014
[4500/13462] swept=4500 skipped=0 elapsed=14.8m eta=29.5m | AL:241 AR:237 AZ:462 CA:356 FL:257 GA:234 KY:25 LA:224 MO:21 MS:163 NC:240 NM:472 NV:24 OK:282 SC:107 TN:141 TX:1014
[4750/13462] swept=4750 skipped=0 elapsed=15.6m eta=28.6m | AL:241 AR:237 AZ:495 CA:384 CO:24 FL:257 GA:234 IL:2 KS:27 KY:56 LA:224 MO:41 MS:163 NC:264 NM:476 NV:45 OK:285 SC:107 TN:146 TX:1014 VA:28
[5000/13462] swept=5000 skipped=0 elapsed=16.5m eta=27.9m | AL:241 AR:237 AZ:499 CA:404 CO:82 FL:257 GA:234 IL:7 KS:84 KY:80 LA:224 MO:61 MS:163 NC:264 NM:476 NV:59 OK:285 SC:107 TN:146 TX:1014 UT:23 VA:53
[5250/13462] swept=5250 skipped=0 elapsed=17.3m eta=27.1m | AL:241 AR:237 AZ:499 CA:433 CO:111 FL:257 GA:234 IL:21 KS:117 KY:129 LA:224 MO:99 MS:163 NC:264 NM:476 NV:74 OK:285 SC:107 TN:146 TX:1014 UT:42 VA:77
[5500/13462] swept=5500 skipped=0 elapsed=18.2m eta=26.3m | AL:241 AR:237 AZ:499 CA:460 CO:140 FL:257 GA:234 IL:30 IN:8 KS:147 KY:144 LA:224 MD:2 MO:116 MS:163 NC:264 NM:476 NV:108 OK:285 SC:107 TN:146 TX:1014 UT:72 VA:114 WV:12
[5750/13462] swept=5750 skipped=0 elapsed=19.0m eta=25.5m | AL:241 AR:237 AZ:499 CA:478 CO:198 FL:257 GA:234 IL:41 IN:16 KS:198 KY:157 LA:224 MD:9 MO:132 MS:163 NC:264 NM:476 NV:127 OK:285 SC:107 TN:146 TX:1014 UT:99 VA:126 WV:22
[6000/13462] swept=6000 skipped=0 elapsed=19.9m eta=24.7m | AL:241 AR:237 AZ:499 CA:495 CO:227 DE:3 FL:257 GA:234 IL:66 IN:34 KS:237 KY:177 LA:224 MD:16 MO:164 MS:163 NC:264 NM:476 NV:148 OH:1 OK:285 SC:107 TN:146 TX:1014 UT:118 VA:136 WV:31
[6250/13462] swept=6250 skipped=0 elapsed=20.7m eta=23.9m | AL:241 AR:237 AZ:499 CA:527 CO:256 DE:9 FL:257 GA:234 IL:80 IN:44 KS:267 KY:183 LA:224 MD:30 MO:179 MS:163 NC:264 NJ:1 NM:476 NV:178 OH:10 OK:285 SC:107 TN:146 TX:1014 UT:137 VA:151 WV:51
[6500/13462] swept=6500 skipped=0 elapsed=21.6m eta=23.1m | AL:241 AR:237 AZ:499 CA:543 CO:302 DE:12 FL:257 GA:234 IL:93 IN:55 KS:297 KY:185 LA:224 MD:38 MO:194 MS:163 NC:264 NJ:4 NM:476 NV:218 OH:21 OK:285 SC:107 TN:146 TX:1014 UT:175 VA:155 WV:61
[6750/13462] swept=6750 skipped=0 elapsed=22.4m eta=22.3m | AL:241 AR:237 AZ:499 CA:559 CO:343 DE:15 FL:257 GA:234 IL:108 IN:66 KS:355 KY:185 LA:224 MD:49 MO:218 MS:163 NC:264 NJ:8 NM:476 NV:242 OH:36 OK:285 SC:107 TN:146 TX:1014 UT:194 VA:157 WV:68
[7000/13462] swept=7000 skipped=0 elapsed=23.3m eta=21.5m | AL:241 AR:237 AZ:499 CA:584 CO:372 DE:18 FL:257 GA:234 IL:140 IN:88 KS:384 KY:185 LA:224 MD:63 MO:234 MS:163 NC:264 NJ:13 NM:476 NV:265 OH:64 OK:285 PA:5 SC:107 TN:146 TX:1014 UT:213 VA:157 WV:68
[7250/13462] swept=7250 skipped=0 elapsed=24.2m eta=20.7m | AL:241 AR:237 AZ:499 CA:614 CO:401 DE:21 FL:257 GA:234 IL:157 IN:99 KS:411 KY:185 LA:224 MD:63 MO:248 MS:163 NC:264 NJ:24 NM:476 NV:293 OH:86 OK:285 PA:44 SC:107 TN:146 TX:1014 UT:232 VA:157 WV:68
[7500/13462] swept=7500 skipped=0 elapsed=25.0m eta=19.9m | AL:241 AR:237 AZ:499 CA:633 CO:440 DE:21 FL:257 GA:234 IA:2 IL:172 IN:110 KS:411 KY:185 LA:224 MD:63 MO:264 MS:163 NC:264 NE:25 NJ:30 NM:476 NV:334 OH:103 OK:285 PA:65 SC:107 TN:146 TX:1014 UT:270 VA:157 WV:68
[7750/13462] swept=7750 skipped=0 elapsed=25.9m eta=19.1m | AL:241 AR:237 AZ:499 CA:651 CO:488 DE:21 FL:257 GA:234 IA:24 IL:186 IN:121 KS:411 KY:185 LA:224 MD:63 MO:264 MS:163 NC:264 NE:73 NJ:35 NM:476 NV:357 NY:4 OH:120 OK:285 PA:86 SC:107 TN:146 TX:1014 UT:289 VA:157 WV:68
[8000/13462] swept=8000 skipped=0 elapsed=26.7m eta=18.2m | AL:241 AR:237 AZ:499 CA:669 CO:512 CT:1 DE:21 FL:257 GA:234 IA:64 IL:212 IN:141 KS:411 KY:185 LA:224 MD:63 MO:264 MS:163 NC:264 NE:97 NJ:41 NM:476 NV:380 NY:10 OH:137 OK:285 PA:107 SC:107 TN:146 TX:1014 UT:302 VA:157 WV:68 WY:11
[8250/13462] swept=8250 skipped=0 elapsed=27.6m eta=17.4m | AL:241 AR:237 AZ:499 CA:687 CO:512 CT:5 DE:21 FL:257 GA:234 IA:87 IL:224 IN:154 KS:411 KY:185 LA:224 MD:63 MO:264 MS:163 NC:264 NE:129 NJ:47 NM:476 NV:403 NY:13 OH:171 OK:285 PA:150 SC:107 TN:146 TX:1014 UT:314 VA:157 WV:68 WY:38
[8500/13462] swept=8500 skipped=0 elapsed=28.5m eta=16.6m | AL:241 AR:237 AZ:499 CA:719 CO:512 CT:21 DE:21 FL:257 GA:234 IA:111 IL:235 IN:165 KS:411 KY:185 LA:224 MA:11 MD:63 MI:6 MO:264 MS:163 NC:264 NE:161 NJ:50 NM:476 NV:426 NY:21 OH:181 OK:285 PA:171 RI:3 SC:107 TN:146 TX:1014 UT:326 VA:157 WV:68 WY:65
[8750/13462] swept=8750 skipped=0 elapsed=29.4m eta=15.8m | AL:241 AR:237 AZ:499 CA:732 CO:512 CT:29 DE:21 FL:257 GA:234 IA:136 ID:43 IL:245 IN:174 KS:411 KY:185 LA:224 MA:17 MD:63 MI:13 MO:264 MS:163 NC:264 NE:193 NJ:50 NM:476 NV:436 NY:45 OH:185 OK:285 OR:20 PA:174 RI:4 SC:107 TN:146 TX:1014 UT:328 VA:157 WV:68 WY:98
[9000/13462] swept=9000 skipped=0 elapsed=30.2m eta=15.0m | AL:241 AR:237 AZ:499 CA:732 CO:512 CT:36 DE:21 FL:257 GA:234 IA:162 ID:73 IL:255 IN:174 KS:411 KY:185 LA:224 MA:24 MD:63 MI:27 MO:264 MS:163 NC:264 NE:245 NJ:50 NM:476 NV:436 NY:70 OH:185 OK:285 OR:49 PA:176 RI:4 SC:107 TN:146 TX:1014 UT:328 VA:157 WV:68 WY:146
[9250/13462] swept=9250 skipped=0 elapsed=31.2m eta=14.2m | AL:241 AR:237 AZ:499 CA:732 CO:512 CT:36 DE:21 FL:257 GA:234 IA:212 ID:98 IL:270 IN:174 KS:411 KY:185 LA:224 MA:35 MD:63 MI:48 MO:264 MS:163 NC:264 NE:285 NJ:50 NM:476 NV:436 NY:96 OH:185 OK:285 OR:78 PA:176 RI:4 SC:107 TN:146 TX:1014 UT:328 VA:157 WI:6 WV:68 WY:173
[9500/13462] swept=9500 skipped=0 elapsed=32.0m eta=13.4m | AL:241 AR:237 AZ:499 CA:732 CO:512 CT:36 DE:21 FL:257 GA:234 IA:235 ID:123 IL:270 IN:174 KS:411 KY:185 LA:224 MA:49 MD:63 MI:71 MO:264 MS:163 NC:264 NE:315 NH:6 NJ:50 NM:476 NV:436 NY:143 OH:185 OK:285 OR:118 PA:176 RI:4 SC:107 TN:146 TX:1014 UT:328 VA:157 VT:2 WI:19 WV:68 WY:200
[9750/13462] swept=9750 skipped=0 elapsed=33.0m eta=12.6m | AL:241 AR:237 AZ:499 CA:732 CO:512 CT:36 DE:21 FL:257 GA:234 IA:258 ID:173 IL:270 IN:174 KS:411 KY:185 LA:224 MA:49 MD:63 ME:2 MI:88 MO:264 MS:163 NC:264 NE:321 NH:12 NJ:50 NM:476 NV:436 NY:166 OH:185 OK:285 OR:165 PA:176 RI:4 SC:107 SD:24 TN:146 TX:1014 UT:328 VA:157 VT:5 WI:32 WV:68 WY:236
[10000/13462] swept=10000 skipped=0 elapsed=33.9m eta=11.7m | AL:241 AR:237 AZ:499 CA:732 CO:512 CT:36 DE:21 FL:257 GA:234 IA:285 ID:198 IL:270 IN:174 KS:411 KY:185 LA:224 MA:49 MD:63 ME:5 MI:104 MN:1 MO:264 MS:163 NC:264 NE:321 NH:18 NJ:50 NM:476 NV:436 NY:190 OH:185 OK:285 OR:193 PA:176 RI:4 SC:107 SD:84 TN:146 TX:1014 UT:328 VA:157 VT:7 WI:45 WV:68 WY:281
[10250/13462] swept=10250 skipped=0 elapsed=34.9m eta=10.9m | AL:241 AR:237 AZ:499 CA:732 CO:512 CT:36 DE:21 FL:257 GA:234 IA:299 ID:223 IL:270 IN:174 KS:411 KY:185 LA:224 MA:49 MD:63 ME:9 MI:137 MN:27 MO:264 MS:163 NC:264 NE:321 NH:24 NJ:50 NM:476 NV:436 NY:216 OH:185 OK:285 OR:221 PA:176 RI:4 SC:107 SD:115 TN:146 TX:1014 UT:328 VA:157 VT:9 WI:73 WV:68 WY:308
[10500/13462] swept=10500 skipped=0 elapsed=35.8m eta=10.1m | AL:241 AR:237 AZ:499 CA:732 CO:512 CT:36 DE:21 FL:257 GA:234 IA:299 ID:259 IL:270 IN:174 KS:411 KY:185 LA:224 MA:49 MD:63 ME:27 MI:152 MN:48 MO:264 MS:163 NC:264 NE:321 NH:33 NJ:50 NM:476 NV:436 NY:230 OH:185 OK:285 OR:277 PA:176 RI:4 SC:107 SD:146 TN:146 TX:1014 UT:328 VA:157 VT:17 WI:88 WV:68 WY:335
[10750/13462] swept=10750 skipped=0 elapsed=36.7m eta=9.3m | AL:241 AR:237 AZ:499 CA:732 CO:512 CT:36 DE:21 FL:257 GA:234 IA:299 ID:297 IL:270 IN:174 KS:411 KY:185 LA:224 MA:49 MD:63 ME:41 MI:165 MN:67 MO:264 MS:163 MT:1 NC:264 NE:321 NH:37 NJ:50 NM:476 NV:436 NY:241 OH:185 OK:285 OR:305 PA:176 RI:4 SC:107 SD:192 TN:146 TX:1014 UT:328 VA:157 VT:21 WI:106 WV:68 WY:389
[11000/13462] swept=11000 skipped=0 elapsed=37.7m eta=8.4m | AL:241 AR:237 AZ:499 CA:732 CO:512 CT:36 DE:21 FL:257 GA:234 IA:299 ID:315 IL:270 IN:174 KS:411 KY:185 LA:224 MA:49 MD:63 ME:58 MI:178 MN:99 MO:264 MS:163 MT:27 NC:264 NE:321 NH:39 NJ:50 NM:476 NV:436 NY:251 OH:185 OK:285 OR:333 PA:176 RI:4 SC:107 SD:238 TN:146 TX:1014 UT:328 VA:157 VT:27 WI:149 WV:68 WY:398
[11250/13462] swept=11250 skipped=0 elapsed=38.6m eta=7.6m | AL:241 AR:237 AZ:499 CA:732 CO:512 CT:36 DE:21 FL:257 GA:234 IA:299 ID:330 IL:270 IN:174 KS:411 KY:185 LA:224 MA:49 MD:63 ME:92 MI:204 MN:115 MO:264 MS:163 MT:64 NC:264 NE:321 NH:42 NJ:50 NM:476 NV:436 NY:259 OH:185 OK:285 OR:387 PA:176 RI:4 SC:107 SD:268 TN:146 TX:1014 UT:328 VA:157 VT:33 WI:170 WV:68 WY:398
[11500/13462] swept=11500 skipped=0 elapsed=39.5m eta=6.7m | AL:241 AR:237 AZ:499 CA:732 CO:512 CT:36 DE:21 FL:257 GA:234 IA:299 ID:355 IL:270 IN:174 KS:411 KY:185 LA:224 MA:49 MD:63 ME:105 MI:216 MN:134 MO:264 MS:163 MT:141 NC:264 NE:321 NH:42 NJ:50 NM:476 NV:436 NY:259 OH:185 OK:285 OR:419 PA:176 RI:4 SC:107 SD:320 TN:146 TX:1014 UT:328 VA:157 VT:33 WI:190 WV:68 WY:398
[11750/13462] swept=11750 skipped=0 elapsed=40.5m eta=5.9m | AL:241 AR:237 AZ:499 CA:732 CO:512 CT:36 DE:21 FL:257 GA:234 IA:299 ID:366 IL:270 IN:174 KS:411 KY:185 LA:224 MA:49 MD:63 ME:126 MI:251 MN:169 MO:264 MS:163 MT:182 NC:264 ND:29 NE:321 NH:42 NJ:50 NM:476 NV:436 NY:259 OH:185 OK:285 OR:442 PA:176 RI:4 SC:107 SD:324 TN:146 TX:1014 UT:328 VA:157 VT:33 WA:19 WI:222 WV:68 WY:398
[12000/13462] swept=12000 skipped=0 elapsed=41.4m eta=5.0m | AL:241 AR:237 AZ:499 CA:732 CO:512 CT:36 DE:21 FL:257 GA:234 IA:299 ID:389 IL:270 IN:174 KS:411 KY:185 LA:224 MA:49 MD:63 ME:136 MI:274 MN:187 MO:264 MS:163 MT:264 NC:264 ND:71 NE:321 NH:42 NJ:50 NM:476 NV:436 NY:259 OH:185 OK:285 OR:449 PA:176 RI:4 SC:107 SD:324 TN:146 TX:1014 UT:328 VA:157 VT:33 WA:54 WI:232 WV:68 WY:398
[12250/13462] swept=12250 skipped=0 elapsed=42.4m eta=4.2m | AL:241 AR:237 AZ:499 CA:732 CO:512 CT:36 DE:21 FL:257 GA:234 IA:299 ID:401 IL:270 IN:174 KS:411 KY:185 LA:224 MA:49 MD:63 ME:155 MI:321 MN:225 MO:264 MS:163 MT:305 NC:264 ND:115 NE:321 NH:42 NJ:50 NM:476 NV:436 NY:259 OH:185 OK:285 OR:449 PA:176 RI:4 SC:107 SD:324 TN:146 TX:1014 UT:328 VA:157 VT:33 WA:89 WI:246 WV:68 WY:398
[12500/13462] swept=12500 skipped=0 elapsed=43.3m eta=3.3m | AL:241 AR:237 AZ:499 CA:732 CO:512 CT:36 DE:21 FL:257 GA:234 IA:299 ID:420 IL:270 IN:174 KS:411 KY:185 LA:224 MA:49 MD:63 ME:163 MI:333 MN:247 MO:264 MS:163 MT:392 NC:264 ND:163 NE:321 NH:42 NJ:50 NM:476 NV:436 NY:259 OH:185 OK:285 OR:449 PA:176 RI:4 SC:107 SD:324 TN:146 TX:1014 UT:328 VA:157 VT:33 WA:138 WI:251 WV:68 WY:398
[12750/13462] swept=12750 skipped=0 elapsed=44.3m eta=2.5m | AL:241 AR:237 AZ:499 CA:732 CO:512 CT:36 DE:21 FL:257 GA:234 IA:299 ID:435 IL:270 IN:174 KS:411 KY:185 LA:224 MA:49 MD:63 ME:170 MI:343 MN:295 MO:264 MS:163 MT:467 NC:264 ND:199 NE:321 NH:42 NJ:50 NM:476 NV:436 NY:259 OH:185 OK:285 OR:449 PA:176 RI:4 SC:107 SD:324 TN:146 TX:1014 UT:328 VA:157 VT:33 WA:196 WI:252 WV:68 WY:398
[13000/13462] swept=13000 skipped=0 elapsed=45.2m eta=1.6m | AL:241 AR:237 AZ:499 CA:732 CO:512 CT:36 DE:21 FL:257 GA:234 IA:299 ID:445 IL:270 IN:174 KS:411 KY:185 LA:224 MA:49 MD:63 ME:170 MI:347 MN:353 MO:264 MS:163 MT:530 NC:264 ND:254 NE:321 NH:42 NJ:50 NM:476 NV:436 NY:259 OH:185 OK:285 OR:449 PA:176 RI:4 SC:107 SD:324 TN:146 TX:1014 UT:328 VA:157 VT:33 WA:256 WI:252 WV:68 WY:398
[13250/13462] swept=13250 skipped=0 elapsed=46.2m eta=0.7m | AL:241 AR:237 AZ:499 CA:732 CO:512 CT:36 DE:21 FL:257 GA:234 IA:299 ID:451 IL:270 IN:174 KS:411 KY:185 LA:224 MA:49 MD:63 ME:170 MI:350 MN:397 MO:264 MS:163 MT:626 NC:264 ND:308 NE:321 NH:42 NJ:50 NM:476 NV:436 NY:259 OH:185 OK:285 OR:449 PA:176 RI:4 SC:107 SD:324 TN:146 TX:1014 UT:328 VA:157 VT:33 WA:303 WI:252 WV:68 WY:398
[13462/13462] swept=13462 skipped=0 elapsed=46.9m eta=0.0m | AL:241 AR:237 AZ:499 CA:732 CO:512 CT:36 DE:21 FL:257 GA:234 IA:299 ID:461 IL:270 IN:174 KS:411 KY:185 LA:224 MA:49 MD:63 ME:170 MI:350 MN:423 MO:264 MS:163 MT:722 NC:264 ND:362 NE:321 NH:42 NJ:50 NM:476 NV:436 NY:259 OH:185 OK:285 OR:449 PA:176 RI:4 SC:107 SD:324 TN:146 TX:1014 UT:328 VA:157 VT:33 WA:329 WI:252 WV:68 WY:398

done in 47.0 min: 13462 grids, 13462 swept, 0 already done, 0 skipped
per state (grids / swept / skipped):
  AL    241   241     0
  AR    237   237     0
  AZ    499   499     0
  CA    732   732     0
  CO    512   512     0
  CT     36    36     0
  DE     21    21     0
  FL    257   257     0
  GA    234   234     0
  IA    299   299     0
  ID    461   461     0
  IL    270   270     0
  IN    174   174     0
  KS    411   411     0
  KY    185   185     0
  LA    224   224     0
  MA     49    49     0
  MD     63    63     0
  ME    170   170     0
  MI    350   350     0
  MN    423   423     0
  MO    264   264     0
  MS    163   163     0
  MT    722   722     0
  NC    264   264     0
  ND    362   362     0
  NE    321   321     0
  NH     42    42     0
  NJ     50    50     0
  NM    476   476     0
  NV    436   436     0
  NY    259   259     0
  OH    185   185     0
  OK    285   285     0
  OR    449   449     0
  PA    176   176     0
  RI      4     4     0
  SC    107   107     0
  SD    324   324     0
  TN    146   146     0
  TX   1014  1014     0
  UT    328   328     0
  VA    157   157     0
  VT     33    33     0
  WA    329   329     0
  WI    252   252     0
  WV     68    68     0
  WY    398   398     0
2026-08-06 07:43:00 done  Grazing @ 0.70 — prf_opt_best now 26924 rows
2026-08-06 07:43:02 sweep Grazing @ 0.75  (have 0 of 13462 rated grids)
CONUS Grazing: 13462 PRF grids from prf_grid_county
13462 to score, 0 already in prf_opt_best; estimated 157 min at 0.7 s/grid (~26 min with jobs=6)
[250/13462] swept=250 skipped=0 elapsed=1.1m eta=58.9m | FL:124 TX:126
[500/13462] swept=500 skipped=0 elapsed=2.1m eta=53.2m | FL:174 LA:51 TX:275
[750/13462] swept=750 skipped=0 elapsed=3.0m eta=50.7m | AL:5 FL:228 LA:105 MS:6 TX:406
[1000/13462] swept=1000 skipped=0 elapsed=3.9m eta=49.0m | AL:38 AZ:9 FL:257 GA:25 LA:135 MS:20 NM:3 TX:513
[1250/13462] swept=1250 skipped=0 elapsed=5.0m eta=48.9m | AL:66 AZ:36 FL:257 GA:57 LA:156 MS:42 NM:16 TX:620
[1500/13462] swept=1500 skipped=0 elapsed=5.9m eta=47.1m | AL:95 AZ:76 FL:257 GA:90 LA:183 MS:61 NM:54 SC:1 TX:683
[1750/13462] swept=1750 skipped=0 elapsed=6.7m eta=45.1m | AL:125 AZ:108 CA:18 FL:257 GA:105 LA:211 MS:79 NM:88 SC:6 TX:753
[2000/13462] swept=2000 skipped=0 elapsed=7.6m eta=43.6m | AL:139 AR:6 AZ:145 CA:30 FL:257 GA:135 LA:224 MS:89 NM:136 SC:16 TX:823
[2250/13462] swept=2250 skipped=0 elapsed=8.4m eta=42.1m | AL:166 AR:26 AZ:191 CA:59 FL:257 GA:164 LA:224 MS:109 NM:160 SC:36 TX:858
[2500/13462] swept=2500 skipped=0 elapsed=9.3m eta=40.8m | AL:180 AR:55 AZ:214 CA:80 FL:257 GA:178 LA:224 MS:129 NC:1 NM:208 OK:20 SC:48 TX:906
[2750/13462] swept=2750 skipped=0 elapsed=10.1m eta=39.5m | AL:203 AR:70 AZ:256 CA:123 FL:257 GA:202 LA:224 MS:139 NC:10 NM:232 OK:39 SC:74 TX:921
[3000/13462] swept=3000 skipped=0 elapsed=11.0m eta=38.4m | AL:215 AR:103 AZ:281 CA:147 FL:257 GA:213 LA:224 MS:148 NC:18 NM:280 OK:84 SC:86 TX:944
[3250/13462] swept=3250 skipped=0 elapsed=11.9m eta=37.5m | AL:237 AR:121 AZ:304 CA:196 FL:257 GA:233 LA:224 MS:163 NC:42 NM:304 OK:107 SC:107 TX:955
[3500/13462] swept=3500 skipped=0 elapsed=12.9m eta=36.6m | AL:241 AR:139 AZ:350 CA:221 FL:257 GA:234 LA:224 MS:163 NC:83 NM:352 OK:134 SC:107 TN:18 TX:977
[3750/13462] swept=3750 skipped=0 elapsed=13.7m eta=35.5m | AL:241 AR:176 AZ:373 CA:252 FL:257 GA:234 LA:224 MS:163 NC:119 NM:376 NV:2 OK:176 SC:107 TN:62 TX:988
[4000/13462] swept=4000 skipped=0 elapsed=14.6m eta=34.5m | AL:241 AR:197 AZ:405 CA:294 FL:257 GA:234 LA:224 MS:163 NC:185 NM:400 NV:8 OK:198 SC:107 TN:88 TX:999
[4250/13462] swept=4250 skipped=0 elapsed=15.5m eta=33.7m | AL:241 AR:218 AZ:441 CA:318 FL:257 GA:234 LA:224 MS:163 NC:215 NM:448 NV:15 OK:241 SC:107 TN:114 TX:1014
[4500/13462] swept=4500 skipped=0 elapsed=16.4m eta=32.7m | AL:241 AR:237 AZ:462 CA:352 FL:257 GA:234 KY:29 LA:224 MO:21 MS:163 NC:240 NM:472 NV:24 OK:282 SC:107 TN:141 TX:1014
[4750/13462] swept=4750 skipped=0 elapsed=17.4m eta=31.8m | AL:241 AR:237 AZ:495 CA:384 CO:24 FL:257 GA:234 IL:2 KS:27 KY:56 LA:224 MO:41 MS:163 NC:264 NM:476 NV:45 OK:285 SC:107 TN:146 TX:1014 VA:28
[5000/13462] swept=5000 skipped=0 elapsed=18.4m eta=31.1m | AL:241 AR:237 AZ:499 CA:404 CO:82 FL:257 GA:234 IL:7 KS:84 KY:80 LA:224 MO:61 MS:163 NC:264 NM:476 NV:59 OK:285 SC:107 TN:146 TX:1014 UT:23 VA:53
[5250/13462] swept=5250 skipped=0 elapsed=19.4m eta=30.3m | AL:241 AR:237 AZ:499 CA:433 CO:111 FL:257 GA:234 IL:21 KS:117 KY:129 LA:224 MO:99 MS:163 NC:264 NM:476 NV:74 OK:285 SC:107 TN:146 TX:1014 UT:42 VA:77
[5500/13462] swept=5500 skipped=0 elapsed=20.4m eta=29.5m | AL:241 AR:237 AZ:499 CA:460 CO:140 FL:257 GA:234 IL:30 IN:8 KS:147 KY:144 LA:224 MD:2 MO:116 MS:163 NC:264 NM:476 NV:108 OK:285 SC:107 TN:146 TX:1014 UT:72 VA:114 WV:12
[5750/13462] swept=5750 skipped=0 elapsed=21.4m eta=28.6m | AL:241 AR:237 AZ:499 CA:478 CO:198 FL:257 GA:234 IL:41 IN:16 KS:198 KY:157 LA:224 MD:9 MO:132 MS:163 NC:264 NM:476 NV:127 OK:285 SC:107 TN:146 TX:1014 UT:99 VA:126 WV:22
[6000/13462] swept=6000 skipped=0 elapsed=22.3m eta=27.8m | AL:241 AR:237 AZ:499 CA:495 CO:227 DE:3 FL:257 GA:234 IL:66 IN:34 KS:237 KY:177 LA:224 MD:16 MO:164 MS:163 NC:264 NM:476 NV:148 OH:1 OK:285 SC:107 TN:146 TX:1014 UT:118 VA:136 WV:31
[6250/13462] swept=6250 skipped=0 elapsed=23.3m eta=26.9m | AL:241 AR:237 AZ:499 CA:527 CO:256 DE:9 FL:257 GA:234 IL:80 IN:44 KS:267 KY:183 LA:224 MD:30 MO:179 MS:163 NC:264 NJ:1 NM:476 NV:178 OH:10 OK:285 SC:107 TN:146 TX:1014 UT:137 VA:151 WV:51
[6500/13462] swept=6500 skipped=0 elapsed=24.3m eta=26.0m | AL:241 AR:237 AZ:499 CA:543 CO:302 DE:12 FL:257 GA:234 IL:93 IN:55 KS:297 KY:185 LA:224 MD:38 MO:194 MS:163 NC:264 NJ:4 NM:476 NV:218 OH:21 OK:285 SC:107 TN:146 TX:1014 UT:175 VA:155 WV:61
[6750/13462] swept=6750 skipped=0 elapsed=25.2m eta=25.1m | AL:241 AR:237 AZ:499 CA:559 CO:343 DE:15 FL:257 GA:234 IL:108 IN:66 KS:355 KY:185 LA:224 MD:49 MO:218 MS:163 NC:264 NJ:8 NM:476 NV:242 OH:36 OK:285 SC:107 TN:146 TX:1014 UT:194 VA:157 WV:68
[7000/13462] swept=7000 skipped=0 elapsed=26.2m eta=24.2m | AL:241 AR:237 AZ:499 CA:584 CO:372 DE:18 FL:257 GA:234 IL:140 IN:88 KS:384 KY:185 LA:224 MD:63 MO:234 MS:163 NC:264 NJ:13 NM:476 NV:265 OH:64 OK:285 PA:5 SC:107 TN:146 TX:1014 UT:213 VA:157 WV:68
[7250/13462] swept=7250 skipped=0 elapsed=27.2m eta=23.3m | AL:241 AR:237 AZ:499 CA:614 CO:401 DE:21 FL:257 GA:234 IL:157 IN:99 KS:411 KY:185 LA:224 MD:63 MO:248 MS:163 NC:264 NJ:24 NM:476 NV:293 OH:86 OK:285 PA:44 SC:107 TN:146 TX:1014 UT:232 VA:157 WV:68
[7500/13462] swept=7500 skipped=0 elapsed=28.3m eta=22.5m | AL:241 AR:237 AZ:499 CA:633 CO:440 DE:21 FL:257 GA:234 IA:2 IL:172 IN:110 KS:411 KY:185 LA:224 MD:63 MO:264 MS:163 NC:264 NE:25 NJ:30 NM:476 NV:334 OH:103 OK:285 PA:65 SC:107 TN:146 TX:1014 UT:270 VA:157 WV:68
[7750/13462] swept=7750 skipped=0 elapsed=29.3m eta=21.6m | AL:241 AR:237 AZ:499 CA:651 CO:488 DE:21 FL:257 GA:234 IA:28 IL:186 IN:121 KS:411 KY:185 LA:224 MD:63 MO:264 MS:163 NC:264 NE:69 NJ:35 NM:476 NV:357 NY:4 OH:120 OK:285 PA:86 SC:107 TN:146 TX:1014 UT:289 VA:157 WV:68
[8000/13462] swept=8000 skipped=0 elapsed=30.3m eta=20.7m | AL:241 AR:237 AZ:499 CA:669 CO:512 CT:1 DE:21 FL:257 GA:234 IA:64 IL:212 IN:141 KS:411 KY:185 LA:224 MD:63 MO:264 MS:163 NC:264 NE:97 NJ:41 NM:476 NV:380 NY:10 OH:137 OK:285 PA:107 SC:107 TN:146 TX:1014 UT:302 VA:157 WV:68 WY:11
[8250/13462] swept=8250 skipped=0 elapsed=31.4m eta=19.9m | AL:241 AR:237 AZ:499 CA:687 CO:512 CT:5 DE:21 FL:257 GA:234 IA:87 IL:224 IN:154 KS:411 KY:185 LA:224 MD:63 MO:264 MS:163 NC:264 NE:129 NJ:47 NM:476 NV:403 NY:13 OH:171 OK:285 PA:150 SC:107 TN:146 TX:1014 UT:314 VA:157 WV:68 WY:38
[8500/13462] swept=8500 skipped=0 elapsed=32.6m eta=19.0m | AL:241 AR:237 AZ:499 CA:719 CO:512 CT:21 DE:21 FL:257 GA:234 IA:111 IL:235 IN:165 KS:411 KY:185 LA:224 MA:11 MD:63 MI:6 MO:264 MS:163 NC:264 NE:161 NJ:50 NM:476 NV:426 NY:21 OH:181 OK:285 PA:171 RI:3 SC:107 TN:146 TX:1014 UT:326 VA:157 WV:68 WY:65
[8750/13462] swept=8750 skipped=0 elapsed=33.6m eta=18.1m | AL:241 AR:237 AZ:499 CA:732 CO:512 CT:29 DE:21 FL:257 GA:234 IA:136 ID:48 IL:245 IN:174 KS:411 KY:185 LA:224 MA:17 MD:63 MI:13 MO:264 MS:163 NC:264 NE:193 NJ:50 NM:476 NV:436 NY:45 OH:185 OK:285 OR:20 PA:174 RI:4 SC:107 TN:146 TX:1014 UT:328 VA:157 WV:68 WY:93
[9000/13462] swept=9000 skipped=0 elapsed=34.7m eta=17.2m | AL:241 AR:237 AZ:499 CA:732 CO:512 CT:36 DE:21 FL:257 GA:234 IA:162 ID:73 IL:255 IN:174 KS:411 KY:185 LA:224 MA:24 MD:63 MI:27 MO:264 MS:163 NC:264 NE:245 NJ:50 NM:476 NV:436 NY:70 OH:185 OK:285 OR:49 PA:176 RI:4 SC:107 TN:146 TX:1014 UT:328 VA:157 WV:68 WY:146
[9250/13462] swept=9250 skipped=0 elapsed=35.8m eta=16.3m | AL:241 AR:237 AZ:499 CA:732 CO:512 CT:36 DE:21 FL:257 GA:234 IA:212 ID:98 IL:270 IN:174 KS:411 KY:185 LA:224 MA:35 MD:63 MI:48 MO:264 MS:163 NC:264 NE:285 NJ:50 NM:476 NV:436 NY:96 OH:185 OK:285 OR:78 PA:176 RI:4 SC:107 TN:146 TX:1014 UT:328 VA:157 WI:6 WV:68 WY:173
[9500/13462] swept=9500 skipped=0 elapsed=36.8m eta=15.4m | AL:241 AR:237 AZ:499 CA:732 CO:512 CT:36 DE:21 FL:257 GA:234 IA:235 ID:123 IL:270 IN:174 KS:411 KY:185 LA:224 MA:49 MD:63 MI:71 MO:264 MS:163 NC:264 NE:315 NH:6 NJ:50 NM:476 NV:436 NY:143 OH:185 OK:285 OR:118 PA:176 RI:4 SC:107 TN:146 TX:1014 UT:328 VA:157 VT:2 WI:19 WV:68 WY:200
[9750/13462] swept=9750 skipped=0 elapsed=38.0m eta=14.5m | AL:241 AR:237 AZ:499 CA:732 CO:512 CT:36 DE:21 FL:257 GA:234 IA:258 ID:173 IL:270 IN:174 KS:411 KY:185 LA:224 MA:49 MD:63 ME:2 MI:88 MO:264 MS:163 NC:264 NE:321 NH:12 NJ:50 NM:476 NV:436 NY:166 OH:185 OK:285 OR:165 PA:176 RI:4 SC:107 SD:24 TN:146 TX:1014 UT:328 VA:157 VT:5 WI:32 WV:68 WY:236
[10000/13462] swept=10000 skipped=0 elapsed=39.1m eta=13.5m | AL:241 AR:237 AZ:499 CA:732 CO:512 CT:36 DE:21 FL:257 GA:234 IA:285 ID:198 IL:270 IN:174 KS:411 KY:185 LA:224 MA:49 MD:63 ME:5 MI:104 MN:1 MO:264 MS:163 NC:264 NE:321 NH:18 NJ:50 NM:476 NV:436 NY:190 OH:185 OK:285 OR:193 PA:176 RI:4 SC:107 SD:84 TN:146 TX:1014 UT:328 VA:157 VT:7 WI:45 WV:68 WY:281
[10250/13462] swept=10250 skipped=0 elapsed=40.1m eta=12.6m | AL:241 AR:237 AZ:499 CA:732 CO:512 CT:36 DE:21 FL:257 GA:234 IA:299 ID:223 IL:270 IN:174 KS:411 KY:185 LA:224 MA:49 MD:63 ME:9 MI:137 MN:27 MO:264 MS:163 NC:264 NE:321 NH:25 NJ:50 NM:476 NV:436 NY:211 OH:185 OK:285 OR:221 PA:176 RI:4 SC:107 SD:115 TN:146 TX:1014 UT:328 VA:157 VT:13 WI:73 WV:68 WY:308
[10500/13462] swept=10500 skipped=0 elapsed=41.2m eta=11.6m | AL:241 AR:237 AZ:499 CA:732 CO:512 CT:36 DE:21 FL:257 GA:234 IA:299 ID:259 IL:270 IN:174 KS:411 KY:185 LA:224 MA:49 MD:63 ME:27 MI:152 MN:48 MO:264 MS:163 NC:264 NE:321 NH:33 NJ:50 NM:476 NV:436 NY:230 OH:185 OK:285 OR:277 PA:176 RI:4 SC:107 SD:146 TN:146 TX:1014 UT:328 VA:157 VT:17 WI:88 WV:68 WY:335
[10750/13462] swept=10750 skipped=0 elapsed=42.2m eta=10.7m | AL:241 AR:237 AZ:499 CA:732 CO:512 CT:36 DE:21 FL:257 GA:234 IA:299 ID:297 IL:270 IN:174 KS:411 KY:185 LA:224 MA:49 MD:63 ME:41 MI:165 MN:67 MO:264 MS:163 MT:1 NC:264 NE:321 NH:37 NJ:50 NM:476 NV:436 NY:241 OH:185 OK:285 OR:305 PA:176 RI:4 SC:107 SD:192 TN:146 TX:1014 UT:328 VA:157 VT:21 WI:106 WV:68 WY:389
[11000/13462] swept=11000 skipped=0 elapsed=43.4m eta=9.7m | AL:241 AR:237 AZ:499 CA:732 CO:512 CT:36 DE:21 FL:257 GA:234 IA:299 ID:315 IL:270 IN:174 KS:411 KY:185 LA:224 MA:49 MD:63 ME:58 MI:178 MN:99 MO:264 MS:163 MT:27 NC:264 NE:321 NH:39 NJ:50 NM:476 NV:436 NY:251 OH:185 OK:285 OR:333 PA:176 RI:4 SC:107 SD:238 TN:146 TX:1014 UT:328 VA:157 VT:27 WI:149 WV:68 WY:398
[11250/13462] swept=11250 skipped=0 elapsed=44.4m eta=8.7m | AL:241 AR:237 AZ:499 CA:732 CO:512 CT:36 DE:21 FL:257 GA:234 IA:299 ID:330 IL:270 IN:174 KS:411 KY:185 LA:224 MA:49 MD:63 ME:92 MI:204 MN:115 MO:264 MS:163 MT:64 NC:264 NE:321 NH:42 NJ:50 NM:476 NV:436 NY:259 OH:185 OK:285 OR:387 PA:176 RI:4 SC:107 SD:268 TN:146 TX:1014 UT:328 VA:157 VT:33 WI:170 WV:68 WY:398
[11500/13462] swept=11500 skipped=0 elapsed=45.5m eta=7.8m | AL:241 AR:237 AZ:499 CA:732 CO:512 CT:36 DE:21 FL:257 GA:234 IA:299 ID:355 IL:270 IN:174 KS:411 KY:185 LA:224 MA:49 MD:63 ME:105 MI:216 MN:133 MO:264 MS:163 MT:141 NC:264 NE:321 NH:42 NJ:50 NM:476 NV:436 NY:259 OH:185 OK:285 OR:419 PA:176 RI:4 SC:107 SD:321 TN:146 TX:1014 UT:328 VA:157 VT:33 WI:190 WV:68 WY:398
[11750/13462] swept=11750 skipped=0 elapsed=46.5m eta=6.8m | AL:241 AR:237 AZ:499 CA:732 CO:512 CT:36 DE:21 FL:257 GA:234 IA:299 ID:366 IL:270 IN:174 KS:411 KY:185 LA:224 MA:49 MD:63 ME:126 MI:251 MN:169 MO:264 MS:163 MT:182 NC:264 ND:29 NE:321 NH:42 NJ:50 NM:476 NV:436 NY:259 OH:185 OK:285 OR:442 PA:176 RI:4 SC:107 SD:324 TN:146 TX:1014 UT:328 VA:157 VT:33 WA:19 WI:222 WV:68 WY:398
[12000/13462] swept=12000 skipped=0 elapsed=47.5m eta=5.8m | AL:241 AR:237 AZ:499 CA:732 CO:512 CT:36 DE:21 FL:257 GA:234 IA:299 ID:389 IL:270 IN:174 KS:411 KY:185 LA:224 MA:49 MD:63 ME:136 MI:274 MN:187 MO:264 MS:163 MT:264 NC:264 ND:71 NE:321 NH:42 NJ:50 NM:476 NV:436 NY:259 OH:185 OK:285 OR:449 PA:176 RI:4 SC:107 SD:324 TN:146 TX:1014 UT:328 VA:157 VT:33 WA:54 WI:232 WV:68 WY:398
[12250/13462] swept=12250 skipped=0 elapsed=48.8m eta=4.8m | AL:241 AR:237 AZ:499 CA:732 CO:512 CT:36 DE:21 FL:257 GA:234 IA:299 ID:401 IL:270 IN:174 KS:411 KY:185 LA:224 MA:49 MD:63 ME:155 MI:321 MN:225 MO:264 MS:163 MT:305 NC:264 ND:115 NE:321 NH:42 NJ:50 NM:476 NV:436 NY:259 OH:185 OK:285 OR:449 PA:176 RI:4 SC:107 SD:324 TN:146 TX:1014 UT:328 VA:157 VT:33 WA:89 WI:246 WV:68 WY:398
[12500/13462] swept=12500 skipped=0 elapsed=49.8m eta=3.8m | AL:241 AR:237 AZ:499 CA:732 CO:512 CT:36 DE:21 FL:257 GA:234 IA:299 ID:420 IL:270 IN:174 KS:411 KY:185 LA:224 MA:49 MD:63 ME:163 MI:333 MN:247 MO:264 MS:163 MT:392 NC:264 ND:163 NE:321 NH:42 NJ:50 NM:476 NV:436 NY:259 OH:185 OK:285 OR:449 PA:176 RI:4 SC:107 SD:324 TN:146 TX:1014 UT:328 VA:157 VT:33 WA:138 WI:251 WV:68 WY:398
[12750/13462] swept=12750 skipped=0 elapsed=50.9m eta=2.8m | AL:241 AR:237 AZ:499 CA:732 CO:512 CT:36 DE:21 FL:257 GA:234 IA:299 ID:435 IL:270 IN:174 KS:411 KY:185 LA:224 MA:49 MD:63 ME:170 MI:343 MN:295 MO:264 MS:163 MT:467 NC:264 ND:199 NE:321 NH:42 NJ:50 NM:476 NV:436 NY:259 OH:185 OK:285 OR:449 PA:176 RI:4 SC:107 SD:324 TN:146 TX:1014 UT:328 VA:157 VT:33 WA:196 WI:252 WV:68 WY:398
[13000/13462] swept=13000 skipped=0 elapsed=51.9m eta=1.8m | AL:241 AR:237 AZ:499 CA:732 CO:512 CT:36 DE:21 FL:257 GA:234 IA:299 ID:445 IL:270 IN:174 KS:411 KY:185 LA:224 MA:49 MD:63 ME:170 MI:347 MN:353 MO:264 MS:163 MT:530 NC:264 ND:254 NE:321 NH:42 NJ:50 NM:476 NV:436 NY:259 OH:185 OK:285 OR:449 PA:176 RI:4 SC:107 SD:324 TN:146 TX:1014 UT:328 VA:157 VT:33 WA:256 WI:252 WV:68 WY:398
[13250/13462] swept=13250 skipped=0 elapsed=53.1m eta=0.9m | AL:241 AR:237 AZ:499 CA:732 CO:512 CT:36 DE:21 FL:257 GA:234 IA:299 ID:451 IL:270 IN:174 KS:411 KY:185 LA:224 MA:49 MD:63 ME:170 MI:350 MN:397 MO:264 MS:163 MT:626 NC:264 ND:308 NE:321 NH:42 NJ:50 NM:476 NV:436 NY:259 OH:185 OK:285 OR:449 PA:176 RI:4 SC:107 SD:324 TN:146 TX:1014 UT:328 VA:157 VT:33 WA:303 WI:252 WV:68 WY:398
[13462/13462] swept=13462 skipped=0 elapsed=53.9m eta=0.0m | AL:241 AR:237 AZ:499 CA:732 CO:512 CT:36 DE:21 FL:257 GA:234 IA:299 ID:461 IL:270 IN:174 KS:411 KY:185 LA:224 MA:49 MD:63 ME:170 MI:350 MN:423 MO:264 MS:163 MT:722 NC:264 ND:362 NE:321 NH:42 NJ:50 NM:476 NV:436 NY:259 OH:185 OK:285 OR:449 PA:176 RI:4 SC:107 SD:324 TN:146 TX:1014 UT:328 VA:157 VT:33 WA:329 WI:252 WV:68 WY:398

done in 54.0 min: 13462 grids, 13462 swept, 0 already done, 0 skipped
per state (grids / swept / skipped):
  AL    241   241     0
  AR    237   237     0
  AZ    499   499     0
  CA    732   732     0
  CO    512   512     0
  CT     36    36     0
  DE     21    21     0
  FL    257   257     0
  GA    234   234     0
  IA    299   299     0
  ID    461   461     0
  IL    270   270     0
  IN    174   174     0
  KS    411   411     0
  KY    185   185     0
  LA    224   224     0
  MA     49    49     0
  MD     63    63     0
  ME    170   170     0
  MI    350   350     0
  MN    423   423     0
  MO    264   264     0
  MS    163   163     0
  MT    722   722     0
  NC    264   264     0
  ND    362   362     0
  NE    321   321     0
  NH     42    42     0
  NJ     50    50     0
  NM    476   476     0
  NV    436   436     0
  NY    259   259     0
  OH    185   185     0
  OK    285   285     0
  OR    449   449     0
  PA    176   176     0
  RI      4     4     0
  SC    107   107     0
  SD    324   324     0
  TN    146   146     0
  TX   1014  1014     0
  UT    328   328     0
  VA    157   157     0
  VT     33    33     0
  WA    329   329     0
  WI    252   252     0
  WV     68    68     0
  WY    398   398     0
2026-08-06 08:37:04 done  Grazing @ 0.75 — prf_opt_best now 40386 rows
2026-08-06 08:37:05 sweep Grazing @ 0.80  (have 0 of 13462 rated grids)
CONUS Grazing: 13462 PRF grids from prf_grid_county
13462 to score, 0 already in prf_opt_best; estimated 157 min at 0.7 s/grid (~26 min with jobs=6)
[250/13462] swept=250 skipped=0 elapsed=1.3m eta=68.6m | FL:124 TX:126
[500/13462] swept=500 skipped=0 elapsed=2.4m eta=62.1m | FL:176 LA:48 TX:276
[750/13462] swept=750 skipped=0 elapsed=3.5m eta=59.2m | AL:5 FL:228 LA:105 MS:6 TX:406
[1000/13462] swept=1000 skipped=0 elapsed=4.6m eta=57.3m | AL:38 AZ:9 FL:257 GA:25 LA:135 MS:20 NM:3 TX:513
[1250/13462] swept=1250 skipped=0 elapsed=5.9m eta=57.4m | AL:66 AZ:36 FL:257 GA:57 LA:156 MS:42 NM:16 TX:620
[1500/13462] swept=1500 skipped=0 elapsed=7.0m eta=55.4m | AL:95 AZ:76 FL:257 GA:90 LA:183 MS:61 NM:54 SC:1 TX:683
[1750/13462] swept=1750 skipped=0 elapsed=7.9m eta=53.0m | AL:125 AZ:108 CA:18 FL:257 GA:105 LA:211 MS:79 NM:88 SC:6 TX:753
[2000/13462] swept=2000 skipped=0 elapsed=9.0m eta=51.3m | AL:139 AR:6 AZ:145 CA:30 FL:257 GA:135 LA:224 MS:89 NM:136 SC:16 TX:823
[2250/13462] swept=2250 skipped=0 elapsed=10.0m eta=49.6m | AL:166 AR:26 AZ:191 CA:59 FL:257 GA:164 LA:224 MS:109 NM:160 SC:36 TX:858
[2500/13462] swept=2500 skipped=0 elapsed=11.0m eta=48.1m | AL:180 AR:55 AZ:214 CA:80 FL:257 GA:178 LA:224 MS:129 NC:1 NM:208 OK:20 SC:48 TX:906
[2750/13462] swept=2750 skipped=0 elapsed=11.9m eta=46.3m | AL:203 AR:70 AZ:256 CA:123 FL:257 GA:202 LA:224 MS:139 NC:10 NM:232 OK:39 SC:74 TX:921
[3000/13462] swept=3000 skipped=0 elapsed=12.9m eta=44.8m | AL:215 AR:103 AZ:281 CA:147 FL:257 GA:213 LA:224 MS:148 NC:18 NM:280 OK:84 SC:86 TX:944
[3250/13462] swept=3250 skipped=0 elapsed=13.9m eta=43.7m | AL:237 AR:121 AZ:304 CA:194 FL:257 GA:233 LA:224 MS:163 NC:44 NM:304 OK:107 SC:107 TX:955
[3500/13462] swept=3500 skipped=0 elapsed=15.0m eta=42.6m | AL:241 AR:139 AZ:350 CA:221 FL:257 GA:234 LA:224 MS:163 NC:83 NM:352 OK:134 SC:107 TN:18 TX:977
[3750/13462] swept=3750 skipped=0 elapsed=15.9m eta=41.3m | AL:241 AR:176 AZ:373 CA:252 FL:257 GA:234 LA:224 MS:163 NC:119 NM:376 NV:2 OK:176 SC:107 TN:62 TX:988
[4000/13462] swept=4000 skipped=0 elapsed=17.0m eta=40.1m | AL:241 AR:197 AZ:405 CA:294 FL:257 GA:234 LA:224 MS:163 NC:185 NM:400 NV:8 OK:198 SC:107 TN:88 TX:999
[4250/13462] swept=4250 skipped=0 elapsed=18.0m eta=39.1m | AL:241 AR:218 AZ:441 CA:318 FL:257 GA:234 LA:224 MS:163 NC:215 NM:448 NV:15 OK:241 SC:107 TN:114 TX:1014
[4500/13462] swept=4500 skipped=0 elapsed=19.0m eta=37.9m | AL:241 AR:237 AZ:462 CA:352 FL:257 GA:234 KY:29 LA:224 MO:21 MS:163 NC:240 NM:472 NV:24 OK:282 SC:107 TN:141 TX:1014
[4750/13462] swept=4750 skipped=0 elapsed=20.1m eta=36.9m | AL:241 AR:237 AZ:495 CA:384 CO:24 FL:257 GA:234 IL:2 KS:27 KY:56 LA:224 MO:41 MS:163 NC:264 NM:476 NV:45 OK:285 SC:107 TN:146 TX:1014 VA:28
[5000/13462] swept=5000 skipped=0 elapsed=21.2m eta=35.9m | AL:241 AR:237 AZ:499 CA:404 CO:82 FL:257 GA:234 IL:7 KS:84 KY:80 LA:224 MO:61 MS:163 NC:264 NM:476 NV:59 OK:285 SC:107 TN:146 TX:1014 UT:23 VA:53
[5250/13462] swept=5250 skipped=0 elapsed=22.4m eta=35.0m | AL:241 AR:237 AZ:499 CA:433 CO:111 FL:257 GA:234 IL:21 KS:117 KY:129 LA:224 MO:99 MS:163 NC:264 NM:476 NV:74 OK:285 SC:107 TN:146 TX:1014 UT:42 VA:77
[5500/13462] swept=5500 skipped=0 elapsed=23.5m eta=34.0m | AL:241 AR:237 AZ:499 CA:460 CO:140 FL:257 GA:234 IL:30 IN:8 KS:147 KY:144 LA:224 MD:2 MO:116 MS:163 NC:264 NM:476 NV:108 OK:285 SC:107 TN:146 TX:1014 UT:72 VA:114 WV:12
[5750/13462] swept=5750 skipped=0 elapsed=24.7m eta=33.1m | AL:241 AR:237 AZ:499 CA:478 CO:198 FL:257 GA:234 IL:41 IN:16 KS:198 KY:157 LA:224 MD:9 MO:132 MS:163 NC:264 NM:476 NV:127 OK:285 SC:107 TN:146 TX:1014 UT:99 VA:126 WV:22
[6000/13462] swept=6000 skipped=0 elapsed=25.8m eta=32.1m | AL:241 AR:237 AZ:499 CA:503 CO:227 DE:3 FL:257 GA:234 IL:66 IN:34 KS:237 KY:169 LA:224 MD:16 MO:164 MS:163 NC:264 NM:476 NV:148 OH:1 OK:285 SC:107 TN:146 TX:1014 UT:118 VA:136 WV:31
[6250/13462] swept=6250 skipped=0 elapsed=27.0m eta=31.2m | AL:241 AR:237 AZ:499 CA:527 CO:256 DE:9 FL:257 GA:234 IL:80 IN:44 KS:267 KY:183 LA:224 MD:30 MO:179 MS:163 NC:264 NJ:1 NM:476 NV:178 OH:10 OK:285 SC:107 TN:146 TX:1014 UT:137 VA:151 WV:51
[6500/13462] swept=6500 skipped=0 elapsed=28.2m eta=30.2m | AL:241 AR:237 AZ:499 CA:543 CO:302 DE:12 FL:257 GA:234 IL:93 IN:55 KS:297 KY:185 LA:224 MD:38 MO:194 MS:163 NC:264 NJ:4 NM:476 NV:218 OH:21 OK:285 SC:107 TN:146 TX:1014 UT:175 VA:155 WV:61
[6750/13462] swept=6750 skipped=0 elapsed=29.3m eta=29.2m | AL:241 AR:237 AZ:499 CA:559 CO:343 DE:15 FL:257 GA:234 IL:108 IN:66 KS:355 KY:185 LA:224 MD:49 MO:218 MS:163 NC:264 NJ:8 NM:476 NV:242 OH:36 OK:285 SC:107 TN:146 TX:1014 UT:194 VA:157 WV:68
[7000/13462] swept=7000 skipped=0 elapsed=30.5m eta=28.1m | AL:241 AR:237 AZ:499 CA:584 CO:372 DE:18 FL:257 GA:234 IL:140 IN:88 KS:384 KY:185 LA:224 MD:63 MO:234 MS:163 NC:264 NJ:13 NM:476 NV:265 OH:64 OK:285 PA:5 SC:107 TN:146 TX:1014 UT:213 VA:157 WV:68
[7250/13462] swept=7250 skipped=0 elapsed=31.6m eta=27.1m | AL:241 AR:237 AZ:499 CA:614 CO:401 DE:21 FL:257 GA:234 IL:157 IN:99 KS:411 KY:185 LA:224 MD:63 MO:248 MS:163 NC:264 NJ:24 NM:476 NV:293 OH:86 OK:285 PA:44 SC:107 TN:146 TX:1014 UT:232 VA:157 WV:68
[7500/13462] swept=7500 skipped=0 elapsed=32.8m eta=26.0m | AL:241 AR:237 AZ:499 CA:633 CO:440 DE:21 FL:257 GA:234 IA:2 IL:172 IN:110 KS:411 KY:185 LA:224 MD:63 MO:264 MS:163 NC:264 NE:25 NJ:30 NM:476 NV:334 OH:103 OK:285 PA:65 SC:107 TN:146 TX:1014 UT:270 VA:157 WV:68
[7750/13462] swept=7750 skipped=0 elapsed=34.0m eta=25.0m | AL:241 AR:237 AZ:499 CA:651 CO:488 DE:21 FL:257 GA:234 IA:24 IL:186 IN:121 KS:411 KY:185 LA:224 MD:63 MO:264 MS:163 NC:264 NE:73 NJ:35 NM:476 NV:357 NY:4 OH:120 OK:285 PA:86 SC:107 TN:146 TX:1014 UT:289 VA:157 WV:68
[8000/13462] swept=8000 skipped=0 elapsed=35.2m eta=24.0m | AL:241 AR:237 AZ:499 CA:669 CO:512 CT:1 DE:21 FL:257 GA:234 IA:64 IL:212 IN:141 KS:411 KY:185 LA:224 MD:63 MO:264 MS:163 NC:264 NE:97 NJ:41 NM:476 NV:380 NY:10 OH:137 OK:285 PA:107 SC:107 TN:146 TX:1014 UT:302 VA:157 WV:68 WY:11
[8250/13462] swept=8250 skipped=0 elapsed=36.5m eta=23.0m | AL:241 AR:237 AZ:499 CA:687 CO:512 CT:5 DE:21 FL:257 GA:234 IA:87 IL:224 IN:154 KS:411 KY:185 LA:224 MD:63 MO:264 MS:163 NC:264 NE:129 NJ:47 NM:476 NV:403 NY:13 OH:171 OK:285 PA:150 SC:107 TN:146 TX:1014 UT:314 VA:157 WV:68 WY:38
[8500/13462] swept=8500 skipped=0 elapsed=37.7m eta=22.0m | AL:241 AR:237 AZ:499 CA:719 CO:512 CT:21 DE:21 FL:257 GA:234 IA:111 IL:235 IN:165 KS:411 KY:185 LA:224 MA:11 MD:63 MI:6 MO:264 MS:163 NC:264 NE:161 NJ:50 NM:476 NV:426 NY:21 OH:181 OK:285 PA:171 RI:3 SC:107 TN:146 TX:1014 UT:326 VA:157 WV:68 WY:65
[8750/13462] swept=8750 skipped=0 elapsed=38.8m eta=20.9m | AL:241 AR:237 AZ:499 CA:732 CO:512 CT:29 DE:21 FL:257 GA:234 IA:136 ID:48 IL:245 IN:174 KS:411 KY:185 LA:224 MA:17 MD:63 MI:13 MO:264 MS:163 NC:264 NE:193 NJ:50 NM:476 NV:436 NY:45 OH:185 OK:285 OR:20 PA:174 RI:4 SC:107 TN:146 TX:1014 UT:328 VA:157 WV:68 WY:93
[9000/13462] swept=9000 skipped=0 elapsed=40.0m eta=19.8m | AL:241 AR:237 AZ:499 CA:732 CO:512 CT:36 DE:21 FL:257 GA:234 IA:162 ID:73 IL:255 IN:174 KS:411 KY:185 LA:224 MA:24 MD:63 MI:27 MO:264 MS:163 NC:264 NE:245 NJ:50 NM:476 NV:436 NY:70 OH:185 OK:285 OR:49 PA:176 RI:4 SC:107 TN:146 TX:1014 UT:328 VA:157 WV:68 WY:146
[9250/13462] swept=9250 skipped=0 elapsed=41.3m eta=18.8m | AL:241 AR:237 AZ:499 CA:732 CO:512 CT:36 DE:21 FL:257 GA:234 IA:212 ID:98 IL:270 IN:174 KS:411 KY:185 LA:224 MA:35 MD:63 MI:48 MO:264 MS:163 NC:264 NE:285 NJ:50 NM:476 NV:436 NY:96 OH:185 OK:285 OR:78 PA:176 RI:4 SC:107 TN:146 TX:1014 UT:328 VA:157 WI:6 WV:68 WY:173
[9500/13462] swept=9500 skipped=0 elapsed=42.4m eta=17.7m | AL:241 AR:237 AZ:499 CA:732 CO:512 CT:36 DE:21 FL:257 GA:234 IA:235 ID:123 IL:270 IN:174 KS:411 KY:185 LA:224 MA:49 MD:63 MI:71 MO:264 MS:163 NC:264 NE:315 NH:6 NJ:50 NM:476 NV:436 NY:143 OH:185 OK:285 OR:118 PA:176 RI:4 SC:107 TN:146 TX:1014 UT:328 VA:157 VT:2 WI:19 WV:68 WY:200
[9750/13462] swept=9750 skipped=0 elapsed=43.5m eta=16.6m | AL:241 AR:237 AZ:499 CA:732 CO:512 CT:36 DE:21 FL:257 GA:234 IA:258 ID:173 IL:270 IN:174 KS:411 KY:185 LA:224 MA:49 MD:63 ME:2 MI:88 MO:264 MS:163 NC:264 NE:321 NH:12 NJ:50 NM:476 NV:436 NY:166 OH:185 OK:285 OR:165 PA:176 RI:4 SC:107 SD:24 TN:146 TX:1014 UT:328 VA:157 VT:5 WI:32 WV:68 WY:236
[10000/13462] swept=10000 skipped=0 elapsed=44.8m eta=15.5m | AL:241 AR:237 AZ:499 CA:732 CO:512 CT:36 DE:21 FL:257 GA:234 IA:285 ID:198 IL:270 IN:174 KS:411 KY:185 LA:224 MA:49 MD:63 ME:5 MI:104 MN:1 MO:264 MS:163 NC:264 NE:321 NH:18 NJ:50 NM:476 NV:436 NY:190 OH:185 OK:285 OR:193 PA:176 RI:4 SC:107 SD:84 TN:146 TX:1014 UT:328 VA:157 VT:7 WI:45 WV:68 WY:281
[10250/13462] swept=10250 skipped=0 elapsed=46.4m eta=14.5m | AL:241 AR:237 AZ:499 CA:732 CO:512 CT:36 DE:21 FL:257 GA:234 IA:299 ID:223 IL:270 IN:174 KS:411 KY:185 LA:224 MA:49 MD:63 ME:9 MI:137 MN:27 MO:264 MS:163 NC:264 NE:321 NH:24 NJ:50 NM:476 NV:436 NY:216 OH:185 OK:285 OR:221 PA:176 RI:4 SC:107 SD:115 TN:146 TX:1014 UT:328 VA:157 VT:9 WI:73 WV:68 WY:308
[10500/13462] swept=10500 skipped=0 elapsed=47.9m eta=13.5m | AL:241 AR:237 AZ:499 CA:732 CO:512 CT:36 DE:21 FL:257 GA:234 IA:299 ID:259 IL:270 IN:174 KS:411 KY:185 LA:224 MA:49 MD:63 ME:27 MI:152 MN:48 MO:264 MS:163 NC:264 NE:321 NH:33 NJ:50 NM:476 NV:436 NY:230 OH:185 OK:285 OR:277 PA:176 RI:4 SC:107 SD:146 TN:146 TX:1014 UT:328 VA:157 VT:17 WI:88 WV:68 WY:335
[10750/13462] swept=10750 skipped=0 elapsed=49.3m eta=12.4m | AL:241 AR:237 AZ:499 CA:732 CO:512 CT:36 DE:21 FL:257 GA:234 IA:299 ID:297 IL:270 IN:174 KS:411 KY:185 LA:224 MA:49 MD:63 ME:41 MI:165 MN:67 MO:264 MS:163 MT:1 NC:264 NE:321 NH:37 NJ:50 NM:476 NV:436 NY:241 OH:185 OK:285 OR:305 PA:176 RI:4 SC:107 SD:192 TN:146 TX:1014 UT:328 VA:157 VT:21 WI:106 WV:68 WY:389
[11000/13462] swept=11000 skipped=0 elapsed=50.6m eta=11.3m | AL:241 AR:237 AZ:499 CA:732 CO:512 CT:36 DE:21 FL:257 GA:234 IA:299 ID:315 IL:270 IN:174 KS:411 KY:185 LA:224 MA:49 MD:63 ME:58 MI:178 MN:99 MO:264 MS:163 MT:27 NC:264 NE:321 NH:39 NJ:50 NM:476 NV:436 NY:251 OH:185 OK:285 OR:333 PA:176 RI:4 SC:107 SD:238 TN:146 TX:1014 UT:328 VA:157 VT:27 WI:149 WV:68 WY:398
[11250/13462] swept=11250 skipped=0 elapsed=52.0m eta=10.2m | AL:241 AR:237 AZ:499 CA:732 CO:512 CT:36 DE:21 FL:257 GA:234 IA:299 ID:330 IL:270 IN:174 KS:411 KY:185 LA:224 MA:49 MD:63 ME:92 MI:204 MN:115 MO:264 MS:163 MT:64 NC:264 NE:321 NH:42 NJ:50 NM:476 NV:436 NY:259 OH:185 OK:285 OR:387 PA:176 RI:4 SC:107 SD:268 TN:146 TX:1014 UT:328 VA:157 VT:33 WI:170 WV:68 WY:398
[11500/13462] swept=11500 skipped=0 elapsed=53.5m eta=9.1m | AL:241 AR:237 AZ:499 CA:732 CO:512 CT:36 DE:21 FL:257 GA:234 IA:299 ID:355 IL:270 IN:174 KS:411 KY:185 LA:224 MA:49 MD:63 ME:105 MI:216 MN:133 MO:264 MS:163 MT:141 NC:264 NE:321 NH:42 NJ:50 NM:476 NV:436 NY:259 OH:185 OK:285 OR:419 PA:176 RI:4 SC:107 SD:321 TN:146 TX:1014 UT:328 VA:157 VT:33 WI:190 WV:68 WY:398
[11750/13462] swept=11750 skipped=0 elapsed=55.1m eta=8.0m | AL:241 AR:237 AZ:499 CA:732 CO:512 CT:36 DE:21 FL:257 GA:234 IA:299 ID:366 IL:270 IN:174 KS:411 KY:185 LA:224 MA:49 MD:63 ME:126 MI:251 MN:169 MO:264 MS:163 MT:182 NC:264 ND:29 NE:321 NH:42 NJ:50 NM:476 NV:436 NY:259 OH:185 OK:285 OR:442 PA:176 RI:4 SC:107 SD:324 TN:146 TX:1014 UT:328 VA:157 VT:33 WA:19 WI:222 WV:68 WY:398
[12000/13462] swept=12000 skipped=0 elapsed=56.8m eta=6.9m | AL:241 AR:237 AZ:499 CA:732 CO:512 CT:36 DE:21 FL:257 GA:234 IA:299 ID:389 IL:270 IN:174 KS:411 KY:185 LA:224 MA:49 MD:63 ME:136 MI:274 MN:187 MO:264 MS:163 MT:264 NC:264 ND:71 NE:321 NH:42 NJ:50 NM:476 NV:436 NY:259 OH:185 OK:285 OR:449 PA:176 RI:4 SC:107 SD:324 TN:146 TX:1014 UT:328 VA:157 VT:33 WA:54 WI:232 WV:68 WY:398
[12250/13462] swept=12250 skipped=0 elapsed=58.5m eta=5.8m | AL:241 AR:237 AZ:499 CA:732 CO:512 CT:36 DE:21 FL:257 GA:234 IA:299 ID:401 IL:270 IN:174 KS:411 KY:185 LA:224 MA:49 MD:63 ME:155 MI:321 MN:225 MO:264 MS:163 MT:305 NC:264 ND:115 NE:321 NH:42 NJ:50 NM:476 NV:436 NY:259 OH:185 OK:285 OR:449 PA:176 RI:4 SC:107 SD:324 TN:146 TX:1014 UT:328 VA:157 VT:33 WA:89 WI:246 WV:68 WY:398
[12500/13462] swept=12500 skipped=0 elapsed=60.1m eta=4.6m | AL:241 AR:237 AZ:499 CA:732 CO:512 CT:36 DE:21 FL:257 GA:234 IA:299 ID:420 IL:270 IN:174 KS:411 KY:185 LA:224 MA:49 MD:63 ME:163 MI:333 MN:247 MO:264 MS:163 MT:392 NC:264 ND:163 NE:321 NH:42 NJ:50 NM:476 NV:436 NY:259 OH:185 OK:285 OR:449 PA:176 RI:4 SC:107 SD:324 TN:146 TX:1014 UT:328 VA:157 VT:33 WA:138 WI:251 WV:68 WY:398
[12750/13462] swept=12750 skipped=0 elapsed=61.7m eta=3.4m | AL:241 AR:237 AZ:499 CA:732 CO:512 CT:36 DE:21 FL:257 GA:234 IA:299 ID:435 IL:270 IN:174 KS:411 KY:185 LA:224 MA:49 MD:63 ME:170 MI:343 MN:295 MO:264 MS:163 MT:467 NC:264 ND:199 NE:321 NH:42 NJ:50 NM:476 NV:436 NY:259 OH:185 OK:285 OR:449 PA:176 RI:4 SC:107 SD:324 TN:146 TX:1014 UT:328 VA:157 VT:33 WA:196 WI:252 WV:68 WY:398
[13000/13462] swept=13000 skipped=0 elapsed=63.2m eta=2.2m | AL:241 AR:237 AZ:499 CA:732 CO:512 CT:36 DE:21 FL:257 GA:234 IA:299 ID:445 IL:270 IN:174 KS:411 KY:185 LA:224 MA:49 MD:63 ME:170 MI:347 MN:353 MO:264 MS:163 MT:530 NC:264 ND:254 NE:321 NH:42 NJ:50 NM:476 NV:436 NY:259 OH:185 OK:285 OR:449 PA:176 RI:4 SC:107 SD:324 TN:146 TX:1014 UT:328 VA:157 VT:33 WA:256 WI:252 WV:68 WY:398
[13250/13462] swept=13250 skipped=0 elapsed=64.6m eta=1.0m | AL:241 AR:237 AZ:499 CA:732 CO:512 CT:36 DE:21 FL:257 GA:234 IA:299 ID:451 IL:270 IN:174 KS:411 KY:185 LA:224 MA:49 MD:63 ME:170 MI:350 MN:397 MO:264 MS:163 MT:626 NC:264 ND:308 NE:321 NH:42 NJ:50 NM:476 NV:436 NY:259 OH:185 OK:285 OR:449 PA:176 RI:4 SC:107 SD:324 TN:146 TX:1014 UT:328 VA:157 VT:33 WA:303 WI:252 WV:68 WY:398
[13462/13462] swept=13462 skipped=0 elapsed=65.8m eta=0.0m | AL:241 AR:237 AZ:499 CA:732 CO:512 CT:36 DE:21 FL:257 GA:234 IA:299 ID:461 IL:270 IN:174 KS:411 KY:185 LA:224 MA:49 MD:63 ME:170 MI:350 MN:423 MO:264 MS:163 MT:722 NC:264 ND:362 NE:321 NH:42 NJ:50 NM:476 NV:436 NY:259 OH:185 OK:285 OR:449 PA:176 RI:4 SC:107 SD:324 TN:146 TX:1014 UT:328 VA:157 VT:33 WA:329 WI:252 WV:68 WY:398

done in 65.9 min: 13462 grids, 13462 swept, 0 already done, 0 skipped
per state (grids / swept / skipped):
  AL    241   241     0
  AR    237   237     0
  AZ    499   499     0
  CA    732   732     0
  CO    512   512     0
  CT     36    36     0
  DE     21    21     0
  FL    257   257     0
  GA    234   234     0
  IA    299   299     0
  ID    461   461     0
  IL    270   270     0
  IN    174   174     0
  KS    411   411     0
  KY    185   185     0
  LA    224   224     0
  MA     49    49     0
  MD     63    63     0
  ME    170   170     0
  MI    350   350     0
  MN    423   423     0
  MO    264   264     0
  MS    163   163     0
  MT    722   722     0
  NC    264   264     0
  ND    362   362     0
  NE    321   321     0
  NH     42    42     0
  NJ     50    50     0
  NM    476   476     0
  NV    436   436     0
  NY    259   259     0
  OH    185   185     0
  OK    285   285     0
  OR    449   449     0
  PA    176   176     0
  RI      4     4     0
  SC    107   107     0
  SD    324   324     0
  TN    146   146     0
  TX   1014  1014     0
  UT    328   328     0
  VA    157   157     0
  VT     33    33     0
  WA    329   329     0
  WI    252   252     0
  WV     68    68     0
  WY    398   398     0
2026-08-06 09:42:59 done  Grazing @ 0.80 — prf_opt_best now 53848 rows
2026-08-06 09:43:01 sweep Grazing @ 0.85  (have 0 of 13462 rated grids)
CONUS Grazing: 13462 PRF grids from prf_grid_county
13462 to score, 0 already in prf_opt_best; estimated 157 min at 0.7 s/grid (~26 min with jobs=6)
[250/13462] swept=250 skipped=0 elapsed=1.6m eta=85.3m | FL:127 TX:123
[500/13462] swept=500 skipped=0 elapsed=3.0m eta=78.4m | FL:174 LA:51 TX:275
[750/13462] swept=750 skipped=0 elapsed=4.4m eta=75.3m | AL:5 FL:228 LA:103 MS:8 TX:406
[1000/13462] swept=1000 skipped=0 elapsed=6.0m eta=74.3m | AL:38 AZ:9 FL:257 GA:25 LA:135 MS:20 NM:3 TX:513
[1250/13462] swept=1250 skipped=0 elapsed=7.9m eta=76.9m | AL:66 AZ:36 FL:257 GA:57 LA:156 MS:42 NM:16 TX:620
[1500/13462] swept=1500 skipped=0 elapsed=9.5m eta=75.8m | AL:95 AZ:76 FL:257 GA:90 LA:183 MS:61 NM:54 SC:1 TX:683
[1750/13462] swept=1750 skipped=0 elapsed=10.9m eta=73.0m | AL:125 AZ:108 CA:18 FL:257 GA:105 LA:211 MS:79 NM:88 SC:6 TX:753
[2000/13462] swept=2000 skipped=0 elapsed=12.5m eta=71.5m | AL:139 AR:6 AZ:145 CA:30 FL:257 GA:135 LA:224 MS:89 NM:136 SC:16 TX:823
[2250/13462] swept=2250 skipped=0 elapsed=14.0m eta=69.8m | AL:166 AR:26 AZ:191 CA:59 FL:257 GA:164 LA:224 MS:109 NM:160 SC:36 TX:858
[2500/13462] swept=2500 skipped=0 elapsed=15.5m eta=68.0m | AL:180 AR:55 AZ:214 CA:80 FL:257 GA:178 LA:224 MS:129 NC:1 NM:208 OK:20 SC:48 TX:906
[2750/13462] swept=2750 skipped=0 elapsed=16.9m eta=66.0m | AL:203 AR:70 AZ:256 CA:123 FL:257 GA:202 LA:224 MS:139 NC:10 NM:232 OK:39 SC:74 TX:921
[3000/13462] swept=3000 skipped=0 elapsed=18.4m eta=64.3m | AL:215 AR:103 AZ:281 CA:147 FL:257 GA:213 LA:224 MS:148 NC:18 NM:280 OK:84 SC:86 TX:944
[3250/13462] swept=3250 skipped=0 elapsed=20.1m eta=63.1m | AL:237 AR:121 AZ:304 CA:194 FL:257 GA:233 LA:224 MS:163 NC:44 NM:304 OK:107 SC:107 TX:955
[3500/13462] swept=3500 skipped=0 elapsed=21.7m eta=61.6m | AL:241 AR:139 AZ:350 CA:221 FL:257 GA:234 LA:224 MS:163 NC:83 NM:352 OK:134 SC:107 TN:18 TX:977
[3750/13462] swept=3750 skipped=0 elapsed=23.1m eta=59.8m | AL:241 AR:176 AZ:373 CA:252 FL:257 GA:234 LA:224 MS:163 NC:119 NM:376 NV:2 OK:176 SC:107 TN:62 TX:988
[4000/13462] swept=4000 skipped=0 elapsed=24.5m eta=58.1m | AL:241 AR:197 AZ:405 CA:294 FL:257 GA:234 LA:224 MS:163 NC:185 NM:400 NV:8 OK:198 SC:107 TN:88 TX:999
[4250/13462] swept=4250 skipped=0 elapsed=26.1m eta=56.6m | AL:241 AR:218 AZ:441 CA:318 FL:257 GA:234 LA:224 MS:163 NC:215 NM:448 NV:15 OK:241 SC:107 TN:114 TX:1014
[4500/13462] swept=4500 skipped=0 elapsed=27.6m eta=54.9m | AL:241 AR:237 AZ:462 CA:356 FL:257 GA:234 KY:25 LA:224 MO:21 MS:163 NC:240 NM:472 NV:24 OK:282 SC:107 TN:141 TX:1014
[4750/13462] swept=4750 skipped=0 elapsed=29.1m eta=53.4m | AL:241 AR:237 AZ:495 CA:384 CO:24 FL:257 GA:234 IL:2 KS:27 KY:56 LA:224 MO:41 MS:163 NC:264 NM:476 NV:45 OK:285 SC:107 TN:146 TX:1014 VA:28
[5000/13462] swept=5000 skipped=0 elapsed=30.7m eta=52.0m | AL:241 AR:237 AZ:499 CA:404 CO:82 FL:257 GA:234 IL:7 KS:84 KY:80 LA:224 MO:61 MS:163 NC:264 NM:476 NV:59 OK:285 SC:107 TN:146 TX:1014 UT:23 VA:53
[5250/13462] swept=5250 skipped=0 elapsed=32.4m eta=50.6m | AL:241 AR:237 AZ:499 CA:433 CO:111 FL:257 GA:234 IL:21 KS:117 KY:129 LA:224 MO:99 MS:163 NC:264 NM:476 NV:74 OK:285 SC:107 TN:146 TX:1014 UT:42 VA:77
[5500/13462] swept=5500 skipped=0 elapsed=34.0m eta=49.2m | AL:241 AR:237 AZ:499 CA:460 CO:140 FL:257 GA:234 IL:30 IN:8 KS:147 KY:144 LA:224 MD:2 MO:116 MS:163 NC:264 NM:476 NV:108 OK:285 SC:107 TN:146 TX:1014 UT:72 VA:114 WV:12
[5750/13462] swept=5750 skipped=0 elapsed=35.6m eta=47.7m | AL:241 AR:237 AZ:499 CA:478 CO:198 FL:257 GA:234 IL:41 IN:16 KS:198 KY:157 LA:224 MD:9 MO:132 MS:163 NC:264 NM:476 NV:127 OK:285 SC:107 TN:146 TX:1014 UT:99 VA:126 WV:22
[6000/13462] swept=6000 skipped=0 elapsed=37.1m eta=46.2m | AL:241 AR:237 AZ:499 CA:503 CO:227 DE:3 FL:257 GA:234 IL:66 IN:34 KS:237 KY:169 LA:224 MD:16 MO:164 MS:163 NC:264 NM:476 NV:148 OH:1 OK:285 SC:107 TN:146 TX:1014 UT:118 VA:136 WV:31
[6250/13462] swept=6250 skipped=0 elapsed=38.8m eta=44.7m | AL:241 AR:237 AZ:499 CA:527 CO:256 DE:9 FL:257 GA:234 IL:80 IN:44 KS:267 KY:183 LA:224 MD:30 MO:179 MS:163 NC:264 NJ:1 NM:476 NV:178 OH:10 OK:285 SC:107 TN:146 TX:1014 UT:137 VA:151 WV:51
[6500/13462] swept=6500 skipped=0 elapsed=40.3m eta=43.2m | AL:241 AR:237 AZ:499 CA:543 CO:302 DE:12 FL:257 GA:234 IL:93 IN:55 KS:297 KY:185 LA:224 MD:38 MO:194 MS:163 NC:264 NJ:4 NM:476 NV:218 OH:21 OK:285 SC:107 TN:146 TX:1014 UT:175 VA:155 WV:61
[6750/13462] swept=6750 skipped=0 elapsed=41.8m eta=41.6m | AL:241 AR:237 AZ:499 CA:559 CO:343 DE:15 FL:257 GA:234 IL:108 IN:66 KS:355 KY:185 LA:224 MD:49 MO:218 MS:163 NC:264 NJ:8 NM:476 NV:242 OH:36 OK:285 SC:107 TN:146 TX:1014 UT:194 VA:157 WV:68
[7000/13462] swept=7000 skipped=0 elapsed=43.3m eta=40.0m | AL:241 AR:237 AZ:499 CA:584 CO:372 DE:18 FL:257 GA:234 IL:140 IN:88 KS:384 KY:185 LA:224 MD:63 MO:234 MS:163 NC:264 NJ:13 NM:476 NV:265 OH:64 OK:285 PA:5 SC:107 TN:146 TX:1014 UT:213 VA:157 WV:68
[7250/13462] swept=7250 skipped=0 elapsed=45.0m eta=38.5m | AL:241 AR:237 AZ:499 CA:614 CO:401 DE:21 FL:257 GA:234 IL:157 IN:99 KS:411 KY:185 LA:224 MD:63 MO:248 MS:163 NC:264 NJ:24 NM:476 NV:293 OH:86 OK:285 PA:44 SC:107 TN:146 TX:1014 UT:232 VA:157 WV:68
[7500/13462] swept=7500 skipped=0 elapsed=46.4m eta=36.9m | AL:241 AR:237 AZ:499 CA:633 CO:440 DE:21 FL:257 GA:234 IA:2 IL:172 IN:110 KS:411 KY:185 LA:224 MD:63 MO:264 MS:163 NC:264 NE:25 NJ:30 NM:476 NV:334 OH:103 OK:285 PA:65 SC:107 TN:146 TX:1014 UT:270 VA:157 WV:68
[7750/13462] swept=7750 skipped=0 elapsed=47.8m eta=35.2m | AL:241 AR:237 AZ:499 CA:651 CO:488 DE:21 FL:257 GA:234 IA:24 IL:186 IN:121 KS:411 KY:185 LA:224 MD:63 MO:264 MS:163 NC:264 NE:73 NJ:35 NM:476 NV:357 NY:4 OH:120 OK:285 PA:86 SC:107 TN:146 TX:1014 UT:289 VA:157 WV:68
[8000/13462] swept=8000 skipped=0 elapsed=49.1m eta=33.5m | AL:241 AR:237 AZ:499 CA:669 CO:512 CT:1 DE:21 FL:257 GA:234 IA:64 IL:212 IN:141 KS:411 KY:185 LA:224 MD:63 MO:264 MS:163 NC:264 NE:97 NJ:41 NM:476 NV:380 NY:10 OH:137 OK:285 PA:107 SC:107 TN:146 TX:1014 UT:302 VA:157 WV:68 WY:11
[8250/13462] swept=8250 skipped=0 elapsed=50.5m eta=31.9m | AL:241 AR:237 AZ:499 CA:687 CO:512 CT:5 DE:21 FL:257 GA:234 IA:87 IL:224 IN:154 KS:411 KY:185 LA:224 MD:63 MO:264 MS:163 NC:264 NE:129 NJ:47 NM:476 NV:403 NY:13 OH:171 OK:285 PA:150 SC:107 TN:146 TX:1014 UT:314 VA:157 WV:68 WY:38
[8500/13462] swept=8500 skipped=0 elapsed=52.1m eta=30.4m | AL:241 AR:237 AZ:499 CA:719 CO:512 CT:21 DE:21 FL:257 GA:234 IA:111 IL:235 IN:165 KS:411 KY:185 LA:224 MA:11 MD:63 MI:6 MO:264 MS:163 NC:264 NE:161 NJ:50 NM:476 NV:426 NY:21 OH:181 OK:285 PA:171 RI:3 SC:107 TN:146 TX:1014 UT:326 VA:157 WV:68 WY:65
[8750/13462] swept=8750 skipped=0 elapsed=53.6m eta=28.9m | AL:241 AR:237 AZ:499 CA:732 CO:512 CT:29 DE:21 FL:257 GA:234 IA:136 ID:48 IL:245 IN:174 KS:411 KY:185 LA:224 MA:17 MD:63 MI:13 MO:264 MS:163 NC:264 NE:193 NJ:50 NM:476 NV:436 NY:45 OH:185 OK:285 OR:20 PA:174 RI:4 SC:107 TN:146 TX:1014 UT:328 VA:157 WV:68 WY:93
[9000/13462] swept=9000 skipped=0 elapsed=55.1m eta=27.3m | AL:241 AR:237 AZ:499 CA:732 CO:512 CT:36 DE:21 FL:257 GA:234 IA:162 ID:73 IL:255 IN:174 KS:411 KY:185 LA:224 MA:24 MD:63 MI:27 MO:264 MS:163 NC:264 NE:245 NJ:50 NM:476 NV:436 NY:70 OH:185 OK:285 OR:49 PA:176 RI:4 SC:107 TN:146 TX:1014 UT:328 VA:157 WV:68 WY:146
[9250/13462] swept=9250 skipped=0 elapsed=56.7m eta=25.8m | AL:241 AR:237 AZ:499 CA:732 CO:512 CT:36 DE:21 FL:257 GA:234 IA:212 ID:98 IL:270 IN:174 KS:411 KY:185 LA:224 MA:35 MD:63 MI:48 MO:264 MS:163 NC:264 NE:285 NJ:50 NM:476 NV:436 NY:96 OH:185 OK:285 OR:78 PA:176 RI:4 SC:107 TN:146 TX:1014 UT:328 VA:157 WI:6 WV:68 WY:173
[9500/13462] swept=9500 skipped=0 elapsed=58.2m eta=24.3m | AL:241 AR:237 AZ:499 CA:732 CO:512 CT:36 DE:21 FL:257 GA:234 IA:235 ID:123 IL:270 IN:174 KS:411 KY:185 LA:224 MA:49 MD:63 MI:71 MO:264 MS:163 NC:264 NE:315 NH:6 NJ:50 NM:476 NV:436 NY:143 OH:185 OK:285 OR:118 PA:176 RI:4 SC:107 TN:146 TX:1014 UT:328 VA:157 VT:2 WI:19 WV:68 WY:200
[9750/13462] swept=9750 skipped=0 elapsed=59.6m eta=22.7m | AL:241 AR:237 AZ:499 CA:732 CO:512 CT:36 DE:21 FL:257 GA:234 IA:258 ID:173 IL:270 IN:174 KS:411 KY:185 LA:224 MA:49 MD:63 ME:2 MI:88 MO:264 MS:163 NC:264 NE:321 NH:12 NJ:50 NM:476 NV:436 NY:166 OH:185 OK:285 OR:165 PA:176 RI:4 SC:107 SD:24 TN:146 TX:1014 UT:328 VA:157 VT:5 WI:32 WV:68 WY:236
[10000/13462] swept=10000 skipped=0 elapsed=61.1m eta=21.1m | AL:241 AR:237 AZ:499 CA:732 CO:512 CT:36 DE:21 FL:257 GA:234 IA:285 ID:198 IL:270 IN:174 KS:411 KY:185 LA:224 MA:49 MD:63 ME:5 MI:104 MN:1 MO:264 MS:163 NC:264 NE:321 NH:18 NJ:50 NM:476 NV:436 NY:190 OH:185 OK:285 OR:193 PA:176 RI:4 SC:107 SD:84 TN:146 TX:1014 UT:328 VA:157 VT:7 WI:45 WV:68 WY:281
[10250/13462] swept=10250 skipped=0 elapsed=62.5m eta=19.6m | AL:241 AR:237 AZ:499 CA:732 CO:512 CT:36 DE:21 FL:257 GA:234 IA:299 ID:223 IL:270 IN:174 KS:411 KY:185 LA:224 MA:49 MD:63 ME:9 MI:137 MN:27 MO:264 MS:163 NC:264 NE:321 NH:24 NJ:50 NM:476 NV:436 NY:216 OH:185 OK:285 OR:221 PA:176 RI:4 SC:107 SD:115 TN:146 TX:1014 UT:328 VA:157 VT:9 WI:73 WV:68 WY:308
[10500/13462] swept=10500 skipped=0 elapsed=63.9m eta=18.0m | AL:241 AR:237 AZ:499 CA:732 CO:512 CT:36 DE:21 FL:257 GA:234 IA:299 ID:259 IL:270 IN:174 KS:411 KY:185 LA:224 MA:49 MD:63 ME:27 MI:152 MN:48 MO:264 MS:163 NC:264 NE:321 NH:33 NJ:50 NM:476 NV:436 NY:230 OH:185 OK:285 OR:277 PA:176 RI:4 SC:107 SD:146 TN:146 TX:1014 UT:328 VA:157 VT:17 WI:88 WV:68 WY:335
[10750/13462] swept=10750 skipped=0 elapsed=65.3m eta=16.5m | AL:241 AR:237 AZ:499 CA:732 CO:512 CT:36 DE:21 FL:257 GA:234 IA:299 ID:297 IL:270 IN:174 KS:411 KY:185 LA:224 MA:49 MD:63 ME:41 MI:165 MN:67 MO:264 MS:163 MT:1 NC:264 NE:321 NH:37 NJ:50 NM:476 NV:436 NY:241 OH:185 OK:285 OR:305 PA:176 RI:4 SC:107 SD:192 TN:146 TX:1014 UT:328 VA:157 VT:21 WI:106 WV:68 WY:389
[11000/13462] swept=11000 skipped=0 elapsed=66.7m eta=14.9m | AL:241 AR:237 AZ:499 CA:732 CO:512 CT:36 DE:21 FL:257 GA:234 IA:299 ID:315 IL:270 IN:174 KS:411 KY:185 LA:224 MA:49 MD:63 ME:58 MI:178 MN:99 MO:264 MS:163 MT:27 NC:264 NE:321 NH:39 NJ:50 NM:476 NV:436 NY:251 OH:185 OK:285 OR:333 PA:176 RI:4 SC:107 SD:238 TN:146 TX:1014 UT:328 VA:157 VT:27 WI:149 WV:68 WY:398
[11250/13462] swept=11250 skipped=0 elapsed=68.1m eta=13.4m | AL:241 AR:237 AZ:499 CA:732 CO:512 CT:36 DE:21 FL:257 GA:234 IA:299 ID:330 IL:270 IN:174 KS:411 KY:185 LA:224 MA:49 MD:63 ME:92 MI:204 MN:115 MO:264 MS:163 MT:64 NC:264 NE:321 NH:42 NJ:50 NM:476 NV:436 NY:259 OH:185 OK:285 OR:387 PA:176 RI:4 SC:107 SD:268 TN:146 TX:1014 UT:328 VA:157 VT:33 WI:170 WV:68 WY:398
[11500/13462] swept=11500 skipped=0 elapsed=69.5m eta=11.9m | AL:241 AR:237 AZ:499 CA:732 CO:512 CT:36 DE:21 FL:257 GA:234 IA:299 ID:355 IL:270 IN:174 KS:411 KY:185 LA:224 MA:49 MD:63 ME:105 MI:216 MN:133 MO:264 MS:163 MT:141 NC:264 NE:321 NH:42 NJ:50 NM:476 NV:436 NY:259 OH:185 OK:285 OR:419 PA:176 RI:4 SC:107 SD:321 TN:146 TX:1014 UT:328 VA:157 VT:33 WI:190 WV:68 WY:398
[11750/13462] swept=11750 skipped=0 elapsed=70.9m eta=10.3m | AL:241 AR:237 AZ:499 CA:732 CO:512 CT:36 DE:21 FL:257 GA:234 IA:299 ID:366 IL:270 IN:174 KS:411 KY:185 LA:224 MA:49 MD:63 ME:126 MI:251 MN:169 MO:264 MS:163 MT:182 NC:264 ND:29 NE:321 NH:42 NJ:50 NM:476 NV:436 NY:259 OH:185 OK:285 OR:442 PA:176 RI:4 SC:107 SD:324 TN:146 TX:1014 UT:328 VA:157 VT:33 WA:19 WI:222 WV:68 WY:398
[12000/13462] swept=12000 skipped=0 elapsed=72.3m eta=8.8m | AL:241 AR:237 AZ:499 CA:732 CO:512 CT:36 DE:21 FL:257 GA:234 IA:299 ID:389 IL:270 IN:174 KS:411 KY:185 LA:224 MA:49 MD:63 ME:136 MI:274 MN:187 MO:264 MS:163 MT:264 NC:264 ND:71 NE:321 NH:42 NJ:50 NM:476 NV:436 NY:259 OH:185 OK:285 OR:449 PA:176 RI:4 SC:107 SD:324 TN:146 TX:1014 UT:328 VA:157 VT:33 WA:54 WI:232 WV:68 WY:398
[12250/13462] swept=12250 skipped=0 elapsed=73.7m eta=7.3m | AL:241 AR:237 AZ:499 CA:732 CO:512 CT:36 DE:21 FL:257 GA:234 IA:299 ID:401 IL:270 IN:174 KS:411 KY:185 LA:224 MA:49 MD:63 ME:155 MI:321 MN:225 MO:264 MS:163 MT:305 NC:264 ND:115 NE:321 NH:42 NJ:50 NM:476 NV:436 NY:259 OH:185 OK:285 OR:449 PA:176 RI:4 SC:107 SD:324 TN:146 TX:1014 UT:328 VA:157 VT:33 WA:89 WI:246 WV:68 WY:398
[12500/13462] swept=12500 skipped=0 elapsed=75.0m eta=5.8m | AL:241 AR:237 AZ:499 CA:732 CO:512 CT:36 DE:21 FL:257 GA:234 IA:299 ID:420 IL:270 IN:174 KS:411 KY:185 LA:224 MA:49 MD:63 ME:163 MI:333 MN:247 MO:264 MS:163 MT:392 NC:264 ND:163 NE:321 NH:42 NJ:50 NM:476 NV:436 NY:259 OH:185 OK:285 OR:449 PA:176 RI:4 SC:107 SD:324 TN:146 TX:1014 UT:328 VA:157 VT:33 WA:138 WI:251 WV:68 WY:398
[12750/13462] swept=12750 skipped=0 elapsed=76.5m eta=4.3m | AL:241 AR:237 AZ:499 CA:732 CO:512 CT:36 DE:21 FL:257 GA:234 IA:299 ID:435 IL:270 IN:174 KS:411 KY:185 LA:224 MA:49 MD:63 ME:170 MI:343 MN:295 MO:264 MS:163 MT:467 NC:264 ND:199 NE:321 NH:42 NJ:50 NM:476 NV:436 NY:259 OH:185 OK:285 OR:449 PA:176 RI:4 SC:107 SD:324 TN:146 TX:1014 UT:328 VA:157 VT:33 WA:196 WI:252 WV:68 WY:398
[13000/13462] swept=13000 skipped=0 elapsed=77.9m eta=2.8m | AL:241 AR:237 AZ:499 CA:732 CO:512 CT:36 DE:21 FL:257 GA:234 IA:299 ID:445 IL:270 IN:174 KS:411 KY:185 LA:224 MA:49 MD:63 ME:170 MI:347 MN:353 MO:264 MS:163 MT:530 NC:264 ND:254 NE:321 NH:42 NJ:50 NM:476 NV:436 NY:259 OH:185 OK:285 OR:449 PA:176 RI:4 SC:107 SD:324 TN:146 TX:1014 UT:328 VA:157 VT:33 WA:256 WI:252 WV:68 WY:398
[13250/13462] swept=13250 skipped=0 elapsed=79.3m eta=1.3m | AL:241 AR:237 AZ:499 CA:732 CO:512 CT:36 DE:21 FL:257 GA:234 IA:299 ID:451 IL:270 IN:174 KS:411 KY:185 LA:224 MA:49 MD:63 ME:170 MI:350 MN:397 MO:264 MS:163 MT:626 NC:264 ND:308 NE:321 NH:42 NJ:50 NM:476 NV:436 NY:259 OH:185 OK:285 OR:449 PA:176 RI:4 SC:107 SD:324 TN:146 TX:1014 UT:328 VA:157 VT:33 WA:303 WI:252 WV:68 WY:398
[13462/13462] swept=13462 skipped=0 elapsed=80.3m eta=0.0m | AL:241 AR:237 AZ:499 CA:732 CO:512 CT:36 DE:21 FL:257 GA:234 IA:299 ID:461 IL:270 IN:174 KS:411 KY:185 LA:224 MA:49 MD:63 ME:170 MI:350 MN:423 MO:264 MS:163 MT:722 NC:264 ND:362 NE:321 NH:42 NJ:50 NM:476 NV:436 NY:259 OH:185 OK:285 OR:449 PA:176 RI:4 SC:107 SD:324 TN:146 TX:1014 UT:328 VA:157 VT:33 WA:329 WI:252 WV:68 WY:398

done in 80.4 min: 13462 grids, 13462 swept, 0 already done, 0 skipped
per state (grids / swept / skipped):
  AL    241   241     0
  AR    237   237     0
  AZ    499   499     0
  CA    732   732     0
  CO    512   512     0
  CT     36    36     0
  DE     21    21     0
  FL    257   257     0
  GA    234   234     0
  IA    299   299     0
  ID    461   461     0
  IL    270   270     0
  IN    174   174     0
  KS    411   411     0
  KY    185   185     0
  LA    224   224     0
  MA     49    49     0
  MD     63    63     0
  ME    170   170     0
  MI    350   350     0
  MN    423   423     0
  MO    264   264     0
  MS    163   163     0
  MT    722   722     0
  NC    264   264     0
  ND    362   362     0
  NE    321   321     0
  NH     42    42     0
  NJ     50    50     0
  NM    476   476     0
  NV    436   436     0
  NY    259   259     0
  OH    185   185     0
  OK    285   285     0
  OR    449   449     0
  PA    176   176     0
  RI      4     4     0
  SC    107   107     0
  SD    324   324     0
  TN    146   146     0
  TX   1014  1014     0
  UT    328   328     0
  VA    157   157     0
  VT     33    33     0
  WA    329   329     0
  WI    252   252     0
  WV     68    68     0
  WY    398   398     0
2026-08-06 11:03:26 done  Grazing @ 0.85 — prf_opt_best now 67310 rows
2026-08-06 11:03:28 skip  Grazing @ 0.90 — already complete (13462/13462 grids)
2026-08-06 11:03:28 sweep Haying @ 0.70  (have 0 of 12021 rated grids)
CONUS Haying: 13462 PRF grids from prf_grid_county
13462 to score, 0 already in prf_opt_best; estimated 157 min at 0.7 s/grid (~26 min with jobs=6)
[250/13462] swept=250 skipped=0 elapsed=1.7m eta=90.6m | FL:127 TX:123
[500/13462] swept=500 skipped=0 elapsed=3.2m eta=83.7m | FL:180 LA:44 TX:276
Process SpawnPoolWorker-3:
Traceback (most recent call last):
  File "/Users/rhondacolbert/anaconda3/lib/python3.10/multiprocessing/pool.py", line 131, in worker
    put((job, i, result))
  File "/Users/rhondacolbert/anaconda3/lib/python3.10/multiprocessing/queues.py", line 377, in put
    self._writer.send_bytes(obj)
  File "/Users/rhondacolbert/anaconda3/lib/python3.10/multiprocessing/connection.py", line 200, in send_bytes
    self._send_bytes(m[offset:offset + size])
  File "/Users/rhondacolbert/anaconda3/lib/python3.10/multiprocessing/connection.py", line 404, in _send_bytes
    self._send(header)
  File "/Users/rhondacolbert/anaconda3/lib/python3.10/multiprocessing/connection.py", line 368, in _send
    n = write(self._handle, buf)
BrokenPipeError: [Errno 32] Broken pipe

During handling of the above exception, another exception occurred:

Traceback (most recent call last):
  File "/Users/rhondacolbert/anaconda3/lib/python3.10/multiprocessing/process.py", line 314, in _bootstrap
    self.run()
  File "/Users/rhondacolbert/anaconda3/lib/python3.10/multiprocessing/process.py", line 108, in run
    self._target(*self._args, **self._kwargs)
  File "/Users/rhondacolbert/anaconda3/lib/python3.10/multiprocessing/pool.py", line 136, in worker
    put((job, i, (False, wrapped)))
  File "/Users/rhondacolbert/anaconda3/lib/python3.10/multiprocessing/queues.py", line 377, in put
    self._writer.send_bytes(obj)
  File "/Users/rhondacolbert/anaconda3/lib/python3.10/multiprocessing/connection.py", line 200, in send_bytes
    self._send_bytes(m[offset:offset + size])
  File "/Users/rhondacolbert/anaconda3/lib/python3.10/multiprocessing/connection.py", line 404, in _send_bytes
    self._send(header)
  File "/Users/rhondacolbert/anaconda3/lib/python3.10/multiprocessing/connection.py", line 368, in _send
    n = write(self._handle, buf)
BrokenPipeError: [Errno 32] Broken pipe
Process SpawnPoolWorker-5:
Traceback (most recent call last):
  File "/Users/rhondacolbert/anaconda3/lib/python3.10/multiprocessing/pool.py", line 131, in worker
    put((job, i, result))
  File "/Users/rhondacolbert/anaconda3/lib/python3.10/multiprocessing/queues.py", line 377, in put
    self._writer.send_bytes(obj)
  File "/Users/rhondacolbert/anaconda3/lib/python3.10/multiprocessing/connection.py", line 200, in send_bytes
    self._send_bytes(m[offset:offset + size])
  File "/Users/rhondacolbert/anaconda3/lib/python3.10/multiprocessing/connection.py", line 404, in _send_bytes
    self._send(header)
  File "/Users/rhondacolbert/anaconda3/lib/python3.10/multiprocessing/connection.py", line 368, in _send
    n = write(self._handle, buf)
BrokenPipeError: [Errno 32] Broken pipe

During handling of the above exception, another exception occurred:

Traceback (most recent call last):
  File "/Users/rhondacolbert/anaconda3/lib/python3.10/multiprocessing/process.py", line 314, in _bootstrap
    self.run()
  File "/Users/rhondacolbert/anaconda3/lib/python3.10/multiprocessing/process.py", line 108, in run
    self._target(*self._args, **self._kwargs)
  File "/Users/rhondacolbert/anaconda3/lib/python3.10/multiprocessing/pool.py", line 136, in worker
    put((job, i, (False, wrapped)))
  File "/Users/rhondacolbert/anaconda3/lib/python3.10/multiprocessing/queues.py", line 377, in put
    self._writer.send_bytes(obj)
  File "/Users/rhondacolbert/anaconda3/lib/python3.10/multiprocessing/connection.py", line 200, in send_bytes
    self._send_bytes(m[offset:offset + size])
  File "/Users/rhondacolbert/anaconda3/lib/python3.10/multiprocessing/connection.py", line 404, in _send_bytes
    self._send(header)
  File "/Users/rhondacolbert/anaconda3/lib/python3.10/multiprocessing/connection.py", line 368, in _send
    n = write(self._handle, buf)
BrokenPipeError: [Errno 32] Broken pipe
Process SpawnPoolWorker-1:
Traceback (most recent call last):
  File "/Users/rhondacolbert/anaconda3/lib/python3.10/multiprocessing/pool.py", line 131, in worker
    put((job, i, result))
  File "/Users/rhondacolbert/anaconda3/lib/python3.10/multiprocessing/queues.py", line 377, in put
    self._writer.send_bytes(obj)
  File "/Users/rhondacolbert/anaconda3/lib/python3.10/multiprocessing/connection.py", line 200, in send_bytes
    self._send_bytes(m[offset:offset + size])
  File "/Users/rhondacolbert/anaconda3/lib/python3.10/multiprocessing/connection.py", line 404, in _send_bytes
    self._send(header)
  File "/Users/rhondacolbert/anaconda3/lib/python3.10/multiprocessing/connection.py", line 368, in _send
    n = write(self._handle, buf)
BrokenPipeError: [Errno 32] Broken pipe

During handling of the above exception, another exception occurred:

Traceback (most recent call last):
  File "/Users/rhondacolbert/anaconda3/lib/python3.10/multiprocessing/process.py", line 314, in _bootstrap
    self.run()
  File "/Users/rhondacolbert/anaconda3/lib/python3.10/multiprocessing/process.py", line 108, in run
    self._target(*self._args, **self._kwargs)
  File "/Users/rhondacolbert/anaconda3/lib/python3.10/multiprocessing/pool.py", line 136, in worker
    put((job, i, (False, wrapped)))
  File "/Users/rhondacolbert/anaconda3/lib/python3.10/multiprocessing/queues.py", line 377, in put
    self._writer.send_bytes(obj)
  File "/Users/rhondacolbert/anaconda3/lib/python3.10/multiprocessing/connection.py", line 200, in send_bytes
    self._send_bytes(m[offset:offset + size])
  File "/Users/rhondacolbert/anaconda3/lib/python3.10/multiprocessing/connection.py", line 404, in _send_bytes
    self._send(header)
  File "/Users/rhondacolbert/anaconda3/lib/python3.10/multiprocessing/connection.py", line 368, in _send
    n = write(self._handle, buf)
BrokenPipeError: [Errno 32] Broken pipe
Process SpawnPoolWorker-4:
Traceback (most recent call last):
  File "/Users/rhondacolbert/anaconda3/lib/python3.10/multiprocessing/pool.py", line 131, in worker
    put((job, i, result))
  File "/Users/rhondacolbert/anaconda3/lib/python3.10/multiprocessing/queues.py", line 377, in put
    self._writer.send_bytes(obj)
  File "/Users/rhondacolbert/anaconda3/lib/python3.10/multiprocessing/connection.py", line 200, in send_bytes
    self._send_bytes(m[offset:offset + size])
  File "/Users/rhondacolbert/anaconda3/lib/python3.10/multiprocessing/connection.py", line 404, in _send_bytes
    self._send(header)
  File "/Users/rhondacolbert/anaconda3/lib/python3.10/multiprocessing/connection.py", line 368, in _send
    n = write(self._handle, buf)
BrokenPipeError: [Errno 32] Broken pipe

During handling of the above exception, another exception occurred:

Traceback (most recent call last):
  File "/Users/rhondacolbert/anaconda3/lib/python3.10/multiprocessing/process.py", line 314, in _bootstrap
    self.run()
  File "/Users/rhondacolbert/anaconda3/lib/python3.10/multiprocessing/process.py", line 108, in run
    self._target(*self._args, **self._kwargs)
  File "/Users/rhondacolbert/anaconda3/lib/python3.10/multiprocessing/pool.py", line 136, in worker
    put((job, i, (False, wrapped)))
  File "/Users/rhondacolbert/anaconda3/lib/python3.10/multiprocessing/queues.py", line 377, in put
    self._writer.send_bytes(obj)
  File "/Users/rhondacolbert/anaconda3/lib/python3.10/multiprocessing/connection.py", line 200, in send_bytes
    self._send_bytes(m[offset:offset + size])
  File "/Users/rhondacolbert/anaconda3/lib/python3.10/multiprocessing/connection.py", line 404, in _send_bytes
    self._send(header)
  File "/Users/rhondacolbert/anaconda3/lib/python3.10/multiprocessing/connection.py", line 368, in _send
    n = write(self._handle, buf)
BrokenPipeError: [Errno 32] Broken pipe
Process SpawnPoolWorker-2:
Traceback (most recent call last):
  File "/Users/rhondacolbert/anaconda3/lib/python3.10/multiprocessing/pool.py", line 131, in worker
    put((job, i, result))
  File "/Users/rhondacolbert/anaconda3/lib/python3.10/multiprocessing/queues.py", line 377, in put
    self._writer.send_bytes(obj)
  File "/Users/rhondacolbert/anaconda3/lib/python3.10/multiprocessing/connection.py", line 200, in send_bytes
    self._send_bytes(m[offset:offset + size])
  File "/Users/rhondacolbert/anaconda3/lib/python3.10/multiprocessing/connection.py", line 404, in _send_bytes
    self._send(header)
  File "/Users/rhondacolbert/anaconda3/lib/python3.10/multiprocessing/connection.py", line 368, in _send
    n = write(self._handle, buf)
BrokenPipeError: [Errno 32] Broken pipe

During handling of the above exception, another exception occurred:

Traceback (most recent call last):
  File "/Users/rhondacolbert/anaconda3/lib/python3.10/multiprocessing/process.py", line 314, in _bootstrap
    self.run()
  File "/Users/rhondacolbert/anaconda3/lib/python3.10/multiprocessing/process.py", line 108, in run
    self._target(*self._args, **self._kwargs)
  File "/Users/rhondacolbert/anaconda3/lib/python3.10/multiprocessing/pool.py", line 136, in worker
    put((job, i, (False, wrapped)))
  File "/Users/rhondacolbert/anaconda3/lib/python3.10/multiprocessing/queues.py", line 377, in put
    self._writer.send_bytes(obj)
  File "/Users/rhondacolbert/anaconda3/lib/python3.10/multiprocessing/connection.py", line 200, in send_bytes
    self._send_bytes(m[offset:offset + size])
  File "/Users/rhondacolbert/anaconda3/lib/python3.10/multiprocessing/connection.py", line 404, in _send_bytes
    self._send(header)
  File "/Users/rhondacolbert/anaconda3/lib/python3.10/multiprocessing/connection.py", line 368, in _send
    n = write(self._handle, buf)
BrokenPipeError: [Errno 32] Broken pipe
Process SpawnPoolWorker-6:
Traceback (most recent call last):
  File "/Users/rhondacolbert/anaconda3/lib/python3.10/multiprocessing/pool.py", line 131, in worker
    put((job, i, result))
  File "/Users/rhondacolbert/anaconda3/lib/python3.10/multiprocessing/queues.py", line 377, in put
    self._writer.send_bytes(obj)
  File "/Users/rhondacolbert/anaconda3/lib/python3.10/multiprocessing/connection.py", line 200, in send_bytes
    self._send_bytes(m[offset:offset + size])
  File "/Users/rhondacolbert/anaconda3/lib/python3.10/multiprocessing/connection.py", line 404, in _send_bytes
    self._send(header)
  File "/Users/rhondacolbert/anaconda3/lib/python3.10/multiprocessing/connection.py", line 368, in _send
    n = write(self._handle, buf)
BrokenPipeError: [Errno 32] Broken pipe

During handling of the above exception, another exception occurred:

Traceback (most recent call last):
  File "/Users/rhondacolbert/anaconda3/lib/python3.10/multiprocessing/process.py", line 314, in _bootstrap
    self.run()
  File "/Users/rhondacolbert/anaconda3/lib/python3.10/multiprocessing/process.py", line 108, in run
    self._target(*self._args, **self._kwargs)
  File "/Users/rhondacolbert/anaconda3/lib/python3.10/multiprocessing/pool.py", line 136, in worker
    put((job, i, (False, wrapped)))
  File "/Users/rhondacolbert/anaconda3/lib/python3.10/multiprocessing/queues.py", line 377, in put
    self._writer.send_bytes(obj)
  File "/Users/rhondacolbert/anaconda3/lib/python3.10/multiprocessing/connection.py", line 200, in send_bytes
    self._send_bytes(m[offset:offset + size])
  File "/Users/rhondacolbert/anaconda3/lib/python3.10/multiprocessing/connection.py", line 404, in _send_bytes
    self._send(header)
  File "/Users/rhondacolbert/anaconda3/lib/python3.10/multiprocessing/connection.py", line 368, in _send
    n = write(self._handle, buf)
BrokenPipeError: [Errno 32] Broken pipe
/Users/rhondacolbert/anaconda3/lib/python3.10/multiprocessing/resource_tracker.py:224: UserWarning: resource_tracker: There appear to be 6 leaked semaphore objects to clean up at shutdown
  warnings.warn('resource_tracker: There appear to be %d '
2026-08-06 11:08:27 === full matrix sweep starting (jobs=6, 13462 grids per combo) ===
2026-08-06 11:08:30 skip  Grazing @ 0.70 — already complete (13462/13462 grids)
2026-08-06 11:08:32 skip  Grazing @ 0.75 — already complete (13462/13462 grids)
2026-08-06 11:08:34 skip  Grazing @ 0.80 — already complete (13462/13462 grids)
2026-08-06 11:08:36 skip  Grazing @ 0.85 — already complete (13462/13462 grids)
2026-08-06 11:08:38 skip  Grazing @ 0.90 — already complete (13462/13462 grids)
2026-08-06 11:08:40 sweep Haying @ 0.70  (have 624 of 12021 rated grids)
CONUS Haying: 13462 PRF grids from prf_grid_county
12838 to score, 624 already in prf_opt_best; estimated 150 min at 0.7 s/grid (~25 min with jobs=6)
[250/12838] swept=250 skipped=0 elapsed=1.4m eta=68.1m | AL:23 FL:50 GA:10 LA:52 MS:12 TX:103
[500/12838] swept=481 skipped=19 elapsed=2.6m eta=64.3m | AL:52 AZ:2 FL:53 GA:41 LA:75 MS:31 NM:6 TX:221
[750/12838] swept=700 skipped=50 elapsed=3.8m eta=61.3m | AL:80 AZ:4 FL:53 GA:74 LA:99 MS:52 NM:40 TX:298
[1000/12838] swept=902 skipped=98 elapsed=5.0m eta=59.0m | AL:110 AZ:6 CA:0 FL:53 GA:99 LA:127 MS:70 NM:67 SC:2 TX:368
[1250/12838] swept=1107 skipped=143 elapsed=6.2m eta=57.3m | AL:125 AZ:7 CA:0 FL:53 GA:120 LA:154 MS:89 NM:112 SC:9 TX:438
[1500/12838] swept=1297 skipped=203 elapsed=7.3m eta=55.3m | AL:153 AR:13 AZ:9 CA:0 FL:53 GA:150 LA:154 MS:99 NM:160 SC:25 TX:481
[1750/12838] swept=1478 skipped=272 elapsed=8.3m eta=52.6m | AL:176 AR:40 AZ:10 CA:0 FL:53 GA:164 LA:154 MS:119 NM:184 OK:5 SC:36 TX:537
[2000/12838] swept=1677 skipped=323 elapsed=9.5m eta=51.2m | AL:191 AR:55 AZ:12 CA:0 FL:53 GA:191 LA:154 MS:129 NC:4 NM:232 OK:24 SC:61 TX:571
[2250/12838] swept=1848 skipped=402 elapsed=10.4m eta=49.0m | AL:208 AR:86 AZ:13 CA:0 FL:53 GA:202 LA:154 MS:148 NC:10 NM:256 OK:61 SC:74 TX:583
[2500/12838] swept=2040 skipped=460 elapsed=11.6m eta=48.1m | AL:226 AR:103 AZ:15 CA:0 FL:53 GA:223 LA:154 MS:156 NC:31 NM:302 OK:84 SC:99 TX:594
[2750/12838] swept=2245 skipped=505 elapsed=12.7m eta=46.7m | AL:241 AR:139 AZ:17 CA:1 FL:53 GA:233 LA:154 MS:163 NC:50 NM:328 OK:130 SC:107 TN:13 TX:616
[3000/12838] swept=2412 skipped=588 elapsed=13.6m eta=44.6m | AL:241 AR:157 AZ:20 CA:6 FL:53 GA:234 LA:154 MS:163 NC:103 NM:352 NV:2 OK:153 SC:107 TN:40 TX:627
[3250/12838] swept=2615 skipped=635 elapsed=14.7m eta=43.3m | AL:241 AR:176 AZ:23 CA:8 FL:53 GA:234 LA:154 MS:163 NC:154 NM:400 NV:5 OK:185 SC:107 TN:63 TX:649
[3500/12838] swept=2812 skipped=688 elapsed=15.8m eta=42.0m | AL:241 AR:218 AZ:28 CA:10 FL:53 GA:234 LA:154 MS:163 NC:185 NM:424 NV:8 OK:220 SC:107 TN:107 TX:660
[3750/12838] swept=2998 skipped=752 elapsed=16.8m eta=40.8m | AL:241 AR:237 AZ:30 CA:15 FL:53 GA:234 KY:4 LA:154 MO:1 MS:163 NC:238 NM:448 NV:19 OK:249 SC:107 TN:141 TX:664
[4000/12838] swept=3206 skipped=794 elapsed=18.2m eta=40.1m | AL:241 AR:237 AZ:34 CA:17 CO:24 FL:53 GA:234 KS:21 KY:31 LA:154 MO:21 MS:163 NC:264 NM:476 NV:34 OK:285 SC:107 TN:146 TX:664
[4250/12838] swept=3405 skipped=845 elapsed=19.4m eta=39.1m | AL:241 AR:237 AZ:35 CA:20 CO:53 FL:53 GA:234 IL:7 KS:57 KY:72 LA:154 MO:61 MS:163 NC:264 NM:476 NV:45 OK:285 SC:107 TN:146 TX:664 UT:0 VA:31
[4500/12838] swept=3596 skipped=904 elapsed=20.5m eta=38.0m | AL:241 AR:237 AZ:35 CA:24 CO:88 FL:53 GA:234 IL:14 KS:87 KY:104 LA:154 MO:80 MS:163 NC:264 NM:476 NV:63 OK:285 SC:107 TN:146 TX:664 UT:0 VA:77
[4750/12838] swept=3810 skipped=940 elapsed=21.7m eta=37.0m | AL:241 AR:237 AZ:35 CA:27 CO:140 FL:53 GA:234 IL:21 KS:144 KY:129 LA:154 MO:99 MS:163 NC:264 NM:476 NV:90 OK:285 SC:107 TN:146 TX:664 UT:0 VA:96 WV:5
[5000/12838] swept=4017 skipped=983 elapsed=22.9m eta=36.0m | AL:241 AR:237 AZ:35 CA:29 CO:169 FL:53 GA:234 IL:41 IN:16 KS:177 KY:157 LA:154 MD:2 MO:132 MS:163 NC:264 NM:476 NV:108 OK:285 SC:107 TN:146 TX:664 UT:0 VA:114 WV:13
[5250/12838] swept=4212 skipped=1038 elapsed=24.2m eta=34.9m | AL:241 AR:237 AZ:35 CA:34 CO:200 DE:3 FL:53 GA:234 IL:53 IN:25 KS:207 KY:168 LA:154 MD:16 MO:148 MS:163 NC:264 NM:476 NV:131 OH:1 OK:285 SC:107 TN:146 TX:664 UT:0 VA:136 WV:31
[5500/12838] swept=4424 skipped=1076 elapsed=25.4m eta=33.9m | AL:241 AR:237 AZ:35 CA:37 CO:256 DE:6 FL:53 GA:234 IL:66 IN:34 KS:243 KY:178 LA:154 MD:23 MO:164 MS:163 NC:264 NM:476 NV:170 OH:3 OK:285 SC:107 TN:146 TX:664 UT:0 VA:144 WV:41
[5750/12838] swept=4641 skipped=1109 elapsed=26.6m eta=32.7m | AL:241 AR:237 AZ:35 CA:38 CO:285 DE:9 FL:53 GA:234 IL:93 IN:46 KS:297 KY:183 LA:154 MD:30 MO:194 MS:163 NC:264 NJ:1 NM:476 NV:194 OH:10 OK:285 SC:107 TN:146 TX:664 UT:0 VA:151 WV:51
[6000/12838] swept=4843 skipped=1157 elapsed=27.7m eta=31.6m | AL:241 AR:237 AZ:35 CA:40 CO:314 DE:12 FL:53 GA:234 IL:108 IN:66 KS:326 KY:185 LA:154 MD:41 MO:208 MS:163 NC:264 NJ:4 NM:476 NV:219 OH:36 OK:285 SC:107 TN:146 TX:664 UT:0 VA:157 WV:68
[6250/12838] swept=5041 skipped=1209 elapsed=28.8m eta=30.4m | AL:241 AR:237 AZ:35 CA:42 CO:343 DE:18 FL:53 GA:234 IL:124 IN:77 KS:355 KY:185 LA:154 MD:63 MO:221 MS:163 NC:264 NJ:13 NM:476 NV:259 OH:52 OK:285 PA:5 SC:107 TN:146 TX:664 UT:0 VA:157 WV:68
[6500/12838] swept=5252 skipped=1248 elapsed=30.0m eta=29.3m | AL:241 AR:237 AZ:35 CA:43 CO:401 DE:21 FL:53 GA:234 IL:140 IN:88 KS:395 KY:185 LA:154 MD:63 MO:234 MS:163 NC:264 NJ:18 NM:476 NV:288 OH:69 OK:285 PA:23 SC:107 TN:146 TX:664 UT:0 VA:157 WV:68
[6750/12838] swept=5465 skipped=1285 elapsed=31.3m eta=28.2m | AL:241 AR:237 AZ:35 CA:44 CO:430 DE:21 FL:53 GA:234 IA:2 IL:172 IN:99 KS:411 KY:185 LA:154 MD:63 MO:264 MS:163 NC:264 NE:25 NJ:24 NM:476 NV:311 OH:86 OK:285 PA:44 SC:107 TN:146 TX:664 UT:0 VA:157 WV:68
[7000/12838] swept=5665 skipped=1335 elapsed=32.4m eta=27.0m | AL:241 AR:237 AZ:35 CA:45 CO:459 DE:21 FL:53 GA:234 IA:22 IL:186 IN:121 KS:411 KY:185 LA:154 MD:63 MO:264 MS:163 NC:264 NE:49 NJ:30 NM:476 NV:334 NY:3 OH:120 OK:285 PA:68 SC:107 TN:146 TX:664 UT:0 VA:157 WV:68
[7250/12838] swept=5875 skipped=1375 elapsed=33.6m eta=25.9m | AL:241 AR:237 AZ:35 CA:47 CO:488 CT:1 DE:21 FL:53 GA:234 IA:43 IL:199 IN:132 KS:411 KY:185 LA:154 MD:63 MO:264 MS:163 NC:264 NE:73 NJ:41 NM:476 NV:361 NY:10 OH:137 OK:285 PA:107 SC:107 TN:146 TX:664 UT:8 VA:157 WV:68
[7500/12838] swept=6094 skipped=1406 elapsed=34.9m eta=24.8m | AL:241 AR:237 AZ:35 CA:48 CO:512 CT:5 DE:21 FL:53 GA:234 IA:64 IL:212 IN:143 KS:411 KY:185 LA:154 MD:63 MO:264 MS:163 NC:264 NE:97 NJ:47 NM:476 NV:403 NY:13 OH:154 OK:285 PA:128 SC:107 TN:146 TX:664 UT:11 VA:157 WV:68 WY:29
[7750/12838] swept=6316 skipped=1434 elapsed=36.1m eta=23.7m | AL:241 AR:237 AZ:35 CA:49 CO:512 CT:13 DE:21 FL:53 GA:234 IA:87 IL:224 IN:154 KS:411 KY:185 LA:154 MA:4 MD:63 MO:264 MS:163 NC:264 NE:154 NJ:50 NM:476 NV:426 NY:15 OH:171 OK:285 PA:150 RI:2 SC:107 TN:146 TX:664 UT:12 VA:157 WV:68 WY:65
[8000/12838] swept=6559 skipped=1441 elapsed=37.3m eta=22.6m | AL:241 AR:237 AZ:35 CA:61 CO:512 CT:21 DE:21 FL:53 GA:234 IA:136 ID:23 IL:236 IN:165 KS:411 KY:185 LA:154 MA:11 MD:63 MI:6 MO:264 MS:163 NC:264 NE:193 NJ:50 NM:476 NV:436 NY:21 OH:181 OK:285 PA:171 RI:3 SC:107 TN:146 TX:664 UT:13 VA:157 WV:68 WY:92
[8250/12838] swept=6809 skipped=1441 elapsed=38.6m eta=21.5m | AL:241 AR:237 AZ:35 CA:70 CO:512 CT:29 DE:21 FL:53 GA:234 IA:162 ID:48 IL:255 IN:174 KS:411 KY:185 LA:154 MA:17 MD:63 MI:27 MO:264 MS:163 NC:264 NE:224 NJ:50 NM:476 NV:436 NY:60 OH:185 OK:285 OR:20 PA:176 RI:4 SC:107 TN:146 TX:664 UT:13 VA:157 WV:68 WY:119
[8500/12838] swept=7059 skipped=1441 elapsed=40.1m eta=20.5m | AL:241 AR:237 AZ:35 CA:70 CO:512 CT:36 DE:21 FL:53 GA:234 IA:187 ID:73 IL:265 IN:174 KS:411 KY:185 LA:154 MA:35 MD:63 MI:41 MO:264 MS:163 NC:264 NE:255 NJ:50 NM:476 NV:436 NY:96 OH:185 OK:285 OR:77 PA:176 RI:4 SC:107 TN:146 TX:664 UT:13 VA:157 WV:68 WY:146
[8750/12838] swept=7309 skipped=1441 elapsed=41.4m eta=19.3m | AL:241 AR:237 AZ:35 CA:70 CO:512 CT:36 DE:21 FL:53 GA:234 IA:212 ID:123 IL:270 IN:174 KS:411 KY:185 LA:154 MA:47 MD:63 MI:56 MO:264 MS:163 NC:264 NE:285 NJ:50 NM:476 NV:436 NY:120 OH:185 OK:285 OR:107 PA:176 RI:4 SC:107 TN:146 TX:664 UT:13 VA:157 WI:6 WV:68 WY:199
[9000/12838] swept=7559 skipped=1441 elapsed=42.6m eta=18.2m | AL:241 AR:237 AZ:35 CA:70 CO:512 CT:36 DE:21 FL:53 GA:234 IA:258 ID:148 IL:270 IN:174 KS:411 KY:185 LA:154 MA:49 MD:63 MI:71 MO:264 MS:163 NC:264 NE:321 NH:6 NJ:50 NM:476 NV:436 NY:143 OH:185 OK:285 OR:136 PA:176 RI:4 SC:107 SD:24 TN:146 TX:664 UT:13 VA:157 VT:2 WI:20 WV:68 WY:227
[9250/12838] swept=7809 skipped=1441 elapsed=43.9m eta=17.0m | AL:241 AR:237 AZ:35 CA:70 CO:512 CT:36 DE:21 FL:53 GA:234 IA:281 ID:173 IL:270 IN:174 KS:411 KY:185 LA:154 MA:49 MD:63 ME:2 MI:104 MO:264 MS:163 NC:264 NE:321 NH:12 NJ:50 NM:476 NV:436 NY:190 OH:185 OK:285 OR:165 PA:176 RI:4 SC:107 SD:54 TN:146 TX:664 UT:13 VA:157 VT:5 WI:45 WV:68 WY:254
[9500/12838] swept=8059 skipped=1441 elapsed=45.1m eta=15.8m | AL:241 AR:237 AZ:35 CA:70 CO:512 CT:36 DE:21 FL:53 GA:234 IA:299 ID:219 IL:270 IN:174 KS:411 KY:185 LA:154 MA:49 MD:63 ME:9 MI:121 MN:5 MO:264 MS:163 NC:264 NE:321 NH:24 NJ:50 NM:476 NV:436 NY:204 OH:185 OK:285 OR:221 PA:176 RI:4 SC:107 SD:84 TN:146 TX:664 UT:13 VA:157 VT:9 WI:59 WV:68 WY:281
[9750/12838] swept=8309 skipped=1441 elapsed=46.5m eta=14.7m | AL:241 AR:237 AZ:35 CA:70 CO:512 CT:36 DE:21 FL:53 GA:234 IA:299 ID:248 IL:270 IN:174 KS:411 KY:185 LA:154 MA:49 MD:63 ME:17 MI:137 MN:27 MO:264 MS:163 NC:264 NE:321 NH:29 NJ:50 NM:476 NV:436 NY:217 OH:185 OK:285 OR:249 PA:176 RI:4 SC:107 SD:141 TN:146 TX:664 UT:13 VA:157 VT:13 WI:73 WV:68 WY:335
[10000/12838] swept=8559 skipped=1441 elapsed=47.8m eta=13.6m | AL:241 AR:237 AZ:35 CA:70 CO:512 CT:36 DE:21 FL:53 GA:234 IA:299 ID:273 IL:270 IN:174 KS:411 KY:185 LA:154 MA:49 MD:63 ME:27 MI:165 MN:67 MO:264 MS:163 NC:264 NE:321 NH:33 NJ:50 NM:476 NV:436 NY:232 OH:185 OK:285 OR:277 PA:176 RI:4 SC:107 SD:177 TN:146 TX:664 UT:13 VA:157 VT:17 WI:106 WV:68 WY:362
[10250/12838] swept=8809 skipped=1441 elapsed=49.1m eta=12.4m | AL:241 AR:237 AZ:35 CA:70 CO:512 CT:36 DE:21 FL:53 GA:234 IA:299 ID:297 IL:270 IN:174 KS:411 KY:185 LA:154 MA:49 MD:63 ME:58 MI:178 MN:84 MO:264 MS:163 MT:1 NC:264 NE:321 NH:39 NJ:50 NM:476 NV:436 NY:251 OH:185 OK:285 OR:328 PA:176 RI:4 SC:107 SD:208 TN:146 TX:664 UT:13 VA:157 VT:27 WI:126 WV:68 WY:389
[10500/12838] swept=9059 skipped=1441 elapsed=50.4m eta=11.2m | AL:241 AR:237 AZ:35 CA:70 CO:512 CT:36 DE:21 FL:53 GA:234 IA:299 ID:330 IL:270 IN:174 KS:411 KY:185 LA:154 MA:49 MD:63 ME:75 MI:190 MN:99 MO:264 MS:163 MT:63 NC:264 NE:321 NH:41 NJ:50 NM:476 NV:436 NY:259 OH:185 OK:285 OR:361 PA:176 RI:4 SC:107 SD:238 TN:146 TX:664 UT:13 VA:157 VT:33 WI:149 WV:68 WY:398
[10750/12838] swept=9309 skipped=1441 elapsed=51.7m eta=10.0m | AL:241 AR:237 AZ:35 CA:70 CO:512 CT:36 DE:21 FL:53 GA:234 IA:299 ID:343 IL:270 IN:174 KS:411 KY:185 LA:154 MA:49 MD:63 ME:92 MI:208 MN:133 MO:264 MS:163 MT:102 NC:264 NE:321 NH:42 NJ:50 NM:476 NV:436 NY:259 OH:185 OK:285 OR:390 PA:176 RI:4 SC:107 SD:296 TN:146 TX:664 UT:13 VA:157 VT:33 WI:190 WV:68 WY:398
[11000/12838] swept=9559 skipped=1441 elapsed=53.3m eta=8.9m | AL:241 AR:237 AZ:35 CA:70 CO:512 CT:36 DE:21 FL:53 GA:234 IA:299 ID:366 IL:270 IN:174 KS:411 KY:185 LA:154 MA:49 MD:63 ME:116 MI:230 MN:151 MO:264 MS:163 MT:162 NC:264 NE:321 NH:42 NJ:50 NM:476 NV:436 NY:259 OH:185 OK:285 OR:437 PA:176 RI:4 SC:107 SD:324 TN:146 TX:664 UT:13 VA:157 VT:33 WA:10 WI:208 WV:68 WY:398
[11250/12838] swept=9809 skipped=1441 elapsed=54.6m eta=7.7m | AL:241 AR:237 AZ:35 CA:70 CO:512 CT:36 DE:21 FL:53 GA:234 IA:299 ID:377 IL:270 IN:174 KS:411 KY:185 LA:154 MA:49 MD:63 ME:126 MI:252 MN:187 MO:264 MS:163 MT:223 NC:264 ND:58 NE:321 NH:42 NJ:50 NM:476 NV:436 NY:259 OH:185 OK:285 OR:447 PA:176 RI:4 SC:107 SD:324 TN:146 TX:664 UT:13 VA:157 VT:33 WA:28 WI:232 WV:68 WY:398
[11500/12838] swept=10059 skipped=1441 elapsed=56.0m eta=6.5m | AL:241 AR:237 AZ:35 CA:70 CO:512 CT:36 DE:21 FL:53 GA:234 IA:299 ID:401 IL:270 IN:174 KS:411 KY:185 LA:154 MA:49 MD:63 ME:146 MI:298 MN:205 MO:264 MS:163 MT:272 NC:264 ND:87 NE:321 NH:42 NJ:50 NM:476 NV:436 NY:259 OH:185 OK:285 OR:449 PA:176 RI:4 SC:107 SD:324 TN:146 TX:664 UT:13 VA:157 VT:33 WA:82 WI:240 WV:68 WY:398
[11750/12838] swept=10309 skipped=1441 elapsed=57.5m eta=5.3m | AL:241 AR:237 AZ:35 CA:70 CO:512 CT:36 DE:21 FL:53 GA:234 IA:299 ID:411 IL:270 IN:174 KS:411 KY:185 LA:154 MA:49 MD:63 ME:155 MI:321 MN:247 MO:264 MS:163 MT:348 NC:264 ND:143 NE:321 NH:42 NJ:50 NM:476 NV:436 NY:259 OH:185 OK:285 OR:449 PA:176 RI:4 SC:107 SD:324 TN:146 TX:664 UT:13 VA:157 VT:33 WA:110 WI:246 WV:68 WY:398
[12000/12838] swept=10559 skipped=1441 elapsed=59.1m eta=4.1m | AL:241 AR:237 AZ:35 CA:70 CO:512 CT:36 DE:21 FL:53 GA:234 IA:299 ID:428 IL:270 IN:174 KS:411 KY:185 LA:154 MA:49 MD:63 ME:169 MI:338 MN:270 MO:264 MS:163 MT:436 NC:264 ND:171 NE:321 NH:42 NJ:50 NM:476 NV:436 NY:259 OH:185 OK:285 OR:449 PA:176 RI:4 SC:107 SD:324 TN:146 TX:664 UT:13 VA:157 VT:33 WA:167 WI:252 WV:68 WY:398
[12250/12838] swept=10809 skipped=1441 elapsed=60.7m eta=2.9m | AL:241 AR:237 AZ:35 CA:70 CO:512 CT:36 DE:21 FL:53 GA:234 IA:299 ID:441 IL:270 IN:174 KS:411 KY:185 LA:154 MA:49 MD:63 ME:170 MI:343 MN:322 MO:264 MS:163 MT:500 NC:264 ND:227 NE:321 NH:42 NJ:50 NM:476 NV:436 NY:259 OH:185 OK:285 OR:449 PA:176 RI:4 SC:107 SD:324 TN:146 TX:664 UT:13 VA:157 VT:33 WA:226 WI:252 WV:68 WY:398
[12500/12838] swept=11059 skipped=1441 elapsed=61.9m eta=1.7m | AL:241 AR:237 AZ:35 CA:70 CO:512 CT:36 DE:21 FL:53 GA:234 IA:299 ID:446 IL:270 IN:174 KS:411 KY:185 LA:154 MA:49 MD:63 ME:170 MI:350 MN:378 MO:264 MS:163 MT:578 NC:264 ND:281 NE:321 NH:42 NJ:50 NM:476 NV:436 NY:259 OH:185 OK:285 OR:449 PA:176 RI:4 SC:107 SD:324 TN:146 TX:664 UT:13 VA:157 VT:33 WA:276 WI:252 WV:68 WY:398
[12750/12838] swept=11309 skipped=1441 elapsed=63.1m eta=0.4m | AL:241 AR:237 AZ:35 CA:70 CO:512 CT:36 DE:21 FL:53 GA:234 IA:299 ID:460 IL:270 IN:174 KS:411 KY:185 LA:154 MA:49 MD:63 ME:170 MI:350 MN:411 MO:264 MS:163 MT:674 NC:264 ND:335 NE:321 NH:42 NJ:50 NM:476 NV:436 NY:259 OH:185 OK:285 OR:449 PA:176 RI:4 SC:107 SD:324 TN:146 TX:664 UT:13 VA:157 VT:33 WA:329 WI:252 WV:68 WY:398
[12838/12838] swept=11397 skipped=1441 elapsed=63.5m eta=0.0m | AL:241 AR:237 AZ:35 CA:70 CO:512 CT:36 DE:21 FL:53 GA:234 IA:299 ID:461 IL:270 IN:174 KS:411 KY:185 LA:154 MA:49 MD:63 ME:170 MI:350 MN:423 MO:264 MS:163 MT:722 NC:264 ND:362 NE:321 NH:42 NJ:50 NM:476 NV:436 NY:259 OH:185 OK:285 OR:449 PA:176 RI:4 SC:107 SD:324 TN:146 TX:664 UT:13 VA:157 VT:33 WA:329 WI:252 WV:68 WY:398

done in 63.6 min: 13462 grids, 11397 swept, 624 already done, 1441 skipped
skip reasons:
   1441  no Haying rates at coverage 0.70
per state (grids / swept / skipped):
  AL    241   241     0
  AR    237   237     0
  AZ    499    35   464
  CA    732    70   662
  CO    512   512     0
  CT     36    36     0
  DE     21    21     0
  FL    257    53     0
  GA    234   234     0
  IA    299   299     0
  ID    461   461     0
  IL    270   270     0
  IN    174   174     0
  KS    411   411     0
  KY    185   185     0
  LA    224   154     0
  MA     49    49     0
  MD     63    63     0
  ME    170   170     0
  MI    350   350     0
  MN    423   423     0
  MO    264   264     0
  MS    163   163     0
  MT    722   722     0
  NC    264   264     0
  ND    362   362     0
  NE    321   321     0
  NH     42    42     0
  NJ     50    50     0
  NM    476   476     0
  NV    436   436     0
  NY    259   259     0
  OH    185   185     0
  OK    285   285     0
  OR    449   449     0
  PA    176   176     0
  RI      4     4     0
  SC    107   107     0
  SD    324   324     0
  TN    146   146     0
  TX   1014   664     0
  UT    328    13   315
  VA    157   157     0
  VT     33    33     0
  WA    329   329     0
  WI    252   252     0
  WV     68    68     0
  WY    398   398     0
2026-08-06 12:12:16 done  Haying @ 0.70 — prf_opt_best now 79331 rows
2026-08-06 12:12:18 sweep Haying @ 0.75  (have 0 of 12021 rated grids)
CONUS Haying: 13462 PRF grids from prf_grid_county
13462 to score, 0 already in prf_opt_best; estimated 157 min at 0.7 s/grid (~26 min with jobs=6)
[250/13462] swept=250 skipped=0 elapsed=1.4m eta=75.8m | FL:127 TX:123
[500/13462] swept=500 skipped=0 elapsed=2.6m eta=68.1m | FL:177 LA:48 TX:275
[750/13462] swept=750 skipped=0 elapsed=3.8m eta=64.8m | AL:5 FL:228 LA:105 MS:6 TX:406
[1000/13462] swept=992 skipped=8 elapsed=5.0m eta=62.6m | AL:38 AZ:1 FL:257 GA:25 LA:135 MS:20 NM:3 TX:513
[1250/13462] swept=1217 skipped=33 elapsed=6.2m eta=60.5m | AL:66 AZ:3 FL:257 GA:57 LA:156 MS:42 NM:16 TX:620
[1500/13462] swept=1429 skipped=71 elapsed=7.2m eta=57.3m | AL:95 AZ:5 FL:257 GA:90 LA:183 MS:61 NM:54 SC:1 TX:683
[1750/13462] swept=1624 skipped=126 elapsed=8.1m eta=54.2m | AL:119 AZ:6 CA:0 FL:257 GA:105 LA:211 MS:79 NM:88 SC:6 TX:753
[2000/13462] swept=1833 skipped=167 elapsed=9.2m eta=52.9m | AL:139 AR:6 AZ:8 CA:0 FL:257 GA:135 LA:224 MS:89 NM:136 SC:16 TX:823
[2250/13462] swept=2010 skipped=240 elapsed=10.2m eta=51.0m | AL:166 AR:26 AZ:10 CA:0 FL:257 GA:164 LA:224 MS:109 NM:160 SC:36 TX:858
[2500/13462] swept=2220 skipped=280 elapsed=11.4m eta=50.1m | AL:187 AR:55 AZ:11 CA:0 FL:257 GA:178 LA:224 MS:126 NM:208 OK:20 SC:48 TX:906
[2750/13462] swept=2382 skipped=368 elapsed=12.4m eta=48.4m | AL:203 AR:70 AZ:13 CA:0 FL:257 GA:202 LA:224 MS:139 NC:8 NM:232 OK:39 SC:74 TX:921
[3000/13462] swept=2586 skipped=414 elapsed=13.6m eta=47.5m | AL:215 AR:103 AZ:14 CA:0 FL:257 GA:213 LA:224 MS:148 NC:18 NM:280 OK:84 SC:86 TX:944
[3250/13462] swept=2750 skipped=500 elapsed=14.5m eta=45.7m | AL:237 AR:121 AZ:15 CA:1 FL:257 GA:233 LA:224 MS:163 NC:32 NM:304 OK:107 SC:101 TX:955
[3500/13462] swept=2952 skipped=548 elapsed=15.7m eta=44.7m | AL:241 AR:139 AZ:19 CA:4 FL:257 GA:234 LA:224 MS:163 NC:83 NM:352 OK:134 SC:107 TN:18 TX:977
[3750/13462] swept=3152 skipped=598 elapsed=16.8m eta=43.4m | AL:241 AR:176 AZ:21 CA:6 FL:257 GA:234 LA:224 MS:163 NC:119 NM:376 NV:2 OK:176 SC:107 TN:62 TX:988
[4000/13462] swept=3324 skipped=676 elapsed=17.8m eta=42.2m | AL:241 AR:197 AZ:28 CA:10 FL:257 GA:234 LA:224 MS:163 NC:169 NM:401 NV:8 OK:198 SC:107 TN:88 TX:999
[4250/13462] swept=3534 skipped=716 elapsed=19.2m eta=41.7m | AL:241 AR:218 AZ:30 CA:13 FL:257 GA:234 LA:224 MS:163 NC:215 NM:448 NV:15 OK:241 SC:107 TN:114 TX:1014
[4500/13462] swept=3729 skipped=771 elapsed=20.3m eta=40.4m | AL:241 AR:237 AZ:32 CA:15 FL:257 GA:234 KY:25 LA:224 MO:21 MS:163 NC:240 NM:472 NV:24 OK:282 SC:107 TN:141 TX:1014
[4750/13462] swept=3920 skipped=830 elapsed=21.3m eta=39.0m | AL:241 AR:237 AZ:35 CA:20 CO:26 FL:257 GA:234 IL:2 KS:27 KY:56 LA:224 MO:41 MS:163 NC:264 NM:476 NV:37 OK:285 SC:107 TN:146 TX:1014 UT:0 VA:28
[5000/13462] swept=4131 skipped=869 elapsed=22.6m eta=38.2m | AL:241 AR:237 AZ:35 CA:22 CO:82 FL:257 GA:234 IL:7 KS:84 KY:80 LA:224 MO:61 MS:163 NC:264 NM:476 NV:59 OK:285 SC:107 TN:146 TX:1014 UT:0 VA:53
[5250/13462] swept=4329 skipped=921 elapsed=23.8m eta=37.3m | AL:241 AR:237 AZ:35 CA:24 CO:111 FL:257 GA:234 IL:21 KS:117 KY:123 LA:224 MO:99 MS:163 NC:264 NM:476 NV:74 OK:285 SC:107 TN:146 TX:1014 UT:0 VA:77
[5500/13462] swept=4525 skipped=975 elapsed=25.1m eta=36.3m | AL:241 AR:237 AZ:35 CA:29 CO:144 FL:257 GA:234 IL:30 IN:8 KS:147 KY:144 LA:224 MD:2 MO:116 MS:163 NC:264 NM:476 NV:96 OK:285 SC:107 TN:146 TX:1014 UT:0 VA:114 WV:12
[5750/13462] swept=4741 skipped=1009 elapsed=26.4m eta=35.4m | AL:241 AR:237 AZ:35 CA:32 CO:198 FL:257 GA:234 IL:41 IN:16 KS:198 KY:157 LA:224 MD:9 MO:132 MS:163 NC:264 NM:476 NV:127 OK:285 SC:107 TN:146 TX:1014 UT:0 VA:126 WV:22
[6000/13462] swept=4949 skipped=1051 elapsed=27.8m eta=34.5m | AL:241 AR:237 AZ:35 CA:34 CO:227 DE:3 FL:257 GA:234 IL:66 IN:34 KS:237 KY:169 LA:224 MD:16 MO:164 MS:163 NC:264 NM:476 NV:148 OH:1 OK:285 SC:107 TN:146 TX:1014 UT:0 VA:136 WV:31
[6250/13462] swept=5147 skipped=1103 elapsed=29.1m eta=33.5m | AL:241 AR:237 AZ:35 CA:37 CO:256 DE:8 FL:257 GA:234 IL:80 IN:44 KS:267 KY:183 LA:224 MD:25 MO:179 MS:163 NC:264 NJ:1 NM:476 NV:172 OH:10 OK:285 SC:107 TN:146 TX:1014 UT:0 VA:151 WV:51
[6500/13462] swept=5357 skipped=1143 elapsed=30.3m eta=32.4m | AL:241 AR:237 AZ:35 CA:39 CO:302 DE:12 FL:257 GA:234 IL:93 IN:55 KS:297 KY:185 LA:224 MD:38 MO:194 MS:163 NC:264 NJ:4 NM:476 NV:218 OH:21 OK:285 SC:107 TN:146 TX:1014 UT:0 VA:155 WV:61
[6750/13462] swept=5573 skipped=1177 elapsed=31.6m eta=31.4m | AL:241 AR:237 AZ:35 CA:40 CO:343 DE:15 FL:257 GA:234 IL:108 IN:66 KS:355 KY:185 LA:224 MD:49 MO:218 MS:163 NC:264 NJ:8 NM:476 NV:242 OH:36 OK:285 SC:107 TN:146 TX:1014 UT:0 VA:157 WV:68
[7000/13462] swept=5773 skipped=1227 elapsed=32.8m eta=30.3m | AL:241 AR:237 AZ:35 CA:42 CO:372 DE:18 FL:257 GA:234 IL:140 IN:88 KS:384 KY:185 LA:224 MD:63 MO:234 MS:163 NC:264 NJ:13 NM:476 NV:265 OH:56 OK:285 PA:5 SC:107 TN:146 TX:1014 UT:0 VA:157 WV:68
[7250/13462] swept=5976 skipped=1274 elapsed=34.0m eta=29.1m | AL:241 AR:237 AZ:35 CA:44 CO:401 DE:21 FL:257 GA:234 IL:157 IN:99 KS:411 KY:185 LA:224 MD:63 MO:248 MS:163 NC:264 NJ:20 NM:476 NV:291 OH:86 OK:285 PA:42 SC:107 TN:146 TX:1014 UT:0 VA:157 WV:68
[7500/13462] swept=6178 skipped=1322 elapsed=35.2m eta=28.0m | AL:241 AR:237 AZ:35 CA:45 CO:440 DE:21 FL:257 GA:234 IA:2 IL:172 IN:110 KS:411 KY:185 LA:224 MD:63 MO:264 MS:163 NC:264 NE:25 NJ:30 NM:476 NV:334 OH:103 OK:285 PA:65 SC:107 TN:146 TX:1014 UT:0 VA:157 WV:68
[7750/13462] swept=6400 skipped=1350 elapsed=36.4m eta=26.8m | AL:241 AR:237 AZ:35 CA:46 CO:488 DE:21 FL:257 GA:234 IA:24 IL:186 IN:121 KS:411 KY:185 LA:224 MD:63 MO:264 MS:163 NC:264 NE:73 NJ:35 NM:476 NV:357 NY:4 OH:120 OK:285 PA:86 SC:107 TN:146 TX:1014 UT:8 VA:157 WV:68
[8000/13462] swept=6622 skipped=1378 elapsed=37.6m eta=25.7m | AL:241 AR:237 AZ:35 CA:47 CO:512 CT:1 DE:21 FL:257 GA:234 IA:64 IL:212 IN:141 KS:411 KY:185 LA:224 MD:63 MO:264 MS:163 NC:264 NE:97 NJ:41 NM:476 NV:380 NY:10 OH:137 OK:285 PA:107 SC:107 TN:146 TX:1014 UT:10 VA:157 WV:68 WY:11
[8250/13462] swept=6836 skipped=1414 elapsed=38.7m eta=24.5m | AL:241 AR:237 AZ:35 CA:48 CO:512 CT:5 DE:21 FL:257 GA:234 IA:87 IL:224 IN:154 KS:411 KY:185 LA:224 MD:63 MO:264 MS:163 NC:264 NE:129 NJ:47 NM:476 NV:403 NY:13 OH:171 OK:285 PA:142 SC:107 TN:146 TX:1014 UT:11 VA:157 WV:68 WY:38
[8500/13462] swept=7060 skipped=1440 elapsed=39.9m eta=23.3m | AL:241 AR:237 AZ:35 CA:53 CO:512 CT:21 DE:21 FL:257 GA:234 IA:111 ID:4 IL:235 IN:165 KS:411 KY:185 LA:224 MA:11 MD:63 MI:6 MO:264 MS:163 NC:264 NE:161 NJ:50 NM:476 NV:426 NY:21 OH:181 OK:285 PA:171 RI:3 SC:107 TN:146 TX:1014 UT:12 VA:157 WV:68 WY:65
[8750/13462] swept=7309 skipped=1441 elapsed=41.0m eta=22.1m | AL:241 AR:237 AZ:35 CA:70 CO:512 CT:29 DE:21 FL:257 GA:234 IA:136 ID:48 IL:245 IN:174 KS:411 KY:185 LA:224 MA:17 MD:63 MI:13 MO:264 MS:163 NC:264 NE:193 NJ:50 NM:476 NV:436 NY:45 OH:185 OK:285 OR:20 PA:174 RI:4 SC:107 TN:146 TX:1014 UT:13 VA:157 WV:68 WY:93
[9000/13462] swept=7559 skipped=1441 elapsed=42.2m eta=20.9m | AL:241 AR:237 AZ:35 CA:70 CO:512 CT:36 DE:21 FL:257 GA:234 IA:162 ID:73 IL:255 IN:174 KS:411 KY:185 LA:224 MA:24 MD:63 MI:27 MO:264 MS:163 NC:264 NE:245 NJ:50 NM:476 NV:436 NY:70 OH:185 OK:285 OR:49 PA:176 RI:4 SC:107 TN:146 TX:1014 UT:13 VA:157 WV:68 WY:146
[9250/13462] swept=7809 skipped=1441 elapsed=43.6m eta=19.9m | AL:241 AR:237 AZ:35 CA:70 CO:512 CT:36 DE:21 FL:257 GA:234 IA:212 ID:98 IL:270 IN:174 KS:411 KY:185 LA:224 MA:35 MD:63 MI:48 MO:264 MS:163 NC:264 NE:285 NJ:50 NM:476 NV:436 NY:96 OH:185 OK:285 OR:78 PA:176 RI:4 SC:107 TN:146 TX:1014 UT:13 VA:157 WI:6 WV:68 WY:173
[9500/13462] swept=8059 skipped=1441 elapsed=45.2m eta=18.8m | AL:241 AR:237 AZ:35 CA:70 CO:512 CT:36 DE:21 FL:257 GA:234 IA:235 ID:123 IL:270 IN:174 KS:411 KY:185 LA:224 MA:49 MD:63 MI:71 MO:264 MS:163 NC:264 NE:315 NH:6 NJ:50 NM:476 NV:436 NY:143 OH:185 OK:285 OR:118 PA:176 RI:4 SC:107 TN:146 TX:1014 UT:13 VA:157 VT:2 WI:19 WV:68 WY:200
[9750/13462] swept=8309 skipped=1441 elapsed=46.6m eta=17.8m | AL:241 AR:237 AZ:35 CA:70 CO:512 CT:36 DE:21 FL:257 GA:234 IA:258 ID:173 IL:270 IN:174 KS:411 KY:185 LA:224 MA:49 MD:63 ME:2 MI:88 MO:264 MS:163 NC:264 NE:321 NH:12 NJ:50 NM:476 NV:436 NY:166 OH:185 OK:285 OR:165 PA:176 RI:4 SC:107 SD:24 TN:146 TX:1014 UT:13 VA:157 VT:5 WI:32 WV:68 WY:236
[10000/13462] swept=8559 skipped=1441 elapsed=47.9m eta=16.6m | AL:241 AR:237 AZ:35 CA:70 CO:512 CT:36 DE:21 FL:257 GA:234 IA:285 ID:198 IL:270 IN:174 KS:411 KY:185 LA:224 MA:49 MD:63 ME:5 MI:104 MN:1 MO:264 MS:163 NC:264 NE:321 NH:18 NJ:50 NM:476 NV:436 NY:190 OH:185 OK:285 OR:193 PA:176 RI:4 SC:107 SD:84 TN:146 TX:1014 UT:13 VA:157 VT:7 WI:45 WV:68 WY:281
[10250/13462] swept=8809 skipped=1441 elapsed=49.2m eta=15.4m | AL:241 AR:237 AZ:35 CA:70 CO:512 CT:36 DE:21 FL:257 GA:234 IA:299 ID:223 IL:270 IN:174 KS:411 KY:185 LA:224 MA:49 MD:63 ME:9 MI:137 MN:27 MO:264 MS:163 NC:264 NE:321 NH:24 NJ:50 NM:476 NV:436 NY:216 OH:185 OK:285 OR:221 PA:176 RI:4 SC:107 SD:115 TN:146 TX:1014 UT:13 VA:157 VT:9 WI:73 WV:68 WY:308
[10500/13462] swept=9059 skipped=1441 elapsed=50.5m eta=14.3m | AL:241 AR:237 AZ:35 CA:70 CO:512 CT:36 DE:21 FL:257 GA:234 IA:299 ID:259 IL:270 IN:174 KS:411 KY:185 LA:224 MA:49 MD:63 ME:27 MI:152 MN:48 MO:264 MS:163 NC:264 NE:321 NH:33 NJ:50 NM:476 NV:436 NY:230 OH:185 OK:285 OR:277 PA:176 RI:4 SC:107 SD:146 TN:146 TX:1014 UT:13 VA:157 VT:17 WI:88 WV:68 WY:335
[10750/13462] swept=9309 skipped=1441 elapsed=51.8m eta=13.1m | AL:241 AR:237 AZ:35 CA:70 CO:512 CT:36 DE:21 FL:257 GA:234 IA:299 ID:297 IL:270 IN:174 KS:411 KY:185 LA:224 MA:49 MD:63 ME:41 MI:165 MN:67 MO:264 MS:163 MT:1 NC:264 NE:321 NH:37 NJ:50 NM:476 NV:436 NY:241 OH:185 OK:285 OR:305 PA:176 RI:4 SC:107 SD:192 TN:146 TX:1014 UT:13 VA:157 VT:21 WI:106 WV:68 WY:389
[11000/13462] swept=9559 skipped=1441 elapsed=53.0m eta=11.9m | AL:241 AR:237 AZ:35 CA:70 CO:512 CT:36 DE:21 FL:257 GA:234 IA:299 ID:315 IL:270 IN:174 KS:411 KY:185 LA:224 MA:49 MD:63 ME:58 MI:178 MN:99 MO:264 MS:163 MT:27 NC:264 NE:321 NH:39 NJ:50 NM:476 NV:436 NY:251 OH:185 OK:285 OR:333 PA:176 RI:4 SC:107 SD:238 TN:146 TX:1014 UT:13 VA:157 VT:27 WI:149 WV:68 WY:398
[11250/13462] swept=9809 skipped=1441 elapsed=54.2m eta=10.7m | AL:241 AR:237 AZ:35 CA:70 CO:512 CT:36 DE:21 FL:257 GA:234 IA:299 ID:330 IL:270 IN:174 KS:411 KY:185 LA:224 MA:49 MD:63 ME:92 MI:204 MN:115 MO:264 MS:163 MT:64 NC:264 NE:321 NH:42 NJ:50 NM:476 NV:436 NY:259 OH:185 OK:285 OR:387 PA:176 RI:4 SC:107 SD:268 TN:146 TX:1014 UT:13 VA:157 VT:33 WI:170 WV:68 WY:398
[11500/13462] swept=10059 skipped=1441 elapsed=55.4m eta=9.4m | AL:241 AR:237 AZ:35 CA:70 CO:512 CT:36 DE:21 FL:257 GA:234 IA:299 ID:355 IL:270 IN:174 KS:411 KY:185 LA:224 MA:49 MD:63 ME:105 MI:216 MN:133 MO:264 MS:163 MT:141 NC:264 NE:321 NH:42 NJ:50 NM:476 NV:436 NY:259 OH:185 OK:285 OR:419 PA:176 RI:4 SC:107 SD:321 TN:146 TX:1014 UT:13 VA:157 VT:33 WI:190 WV:68 WY:398
[11750/13462] swept=10309 skipped=1441 elapsed=56.6m eta=8.3m | AL:241 AR:237 AZ:35 CA:70 CO:512 CT:36 DE:21 FL:257 GA:234 IA:299 ID:366 IL:270 IN:174 KS:411 KY:185 LA:224 MA:49 MD:63 ME:126 MI:251 MN:169 MO:264 MS:163 MT:182 NC:264 ND:29 NE:321 NH:42 NJ:50 NM:476 NV:436 NY:259 OH:185 OK:285 OR:442 PA:176 RI:4 SC:107 SD:324 TN:146 TX:1014 UT:13 VA:157 VT:33 WA:19 WI:222 WV:68 WY:398
[12000/13462] swept=10559 skipped=1441 elapsed=58.1m eta=7.1m | AL:241 AR:237 AZ:35 CA:70 CO:512 CT:36 DE:21 FL:257 GA:234 IA:299 ID:389 IL:270 IN:174 KS:411 KY:185 LA:224 MA:49 MD:63 ME:136 MI:274 MN:187 MO:264 MS:163 MT:264 NC:264 ND:71 NE:321 NH:42 NJ:50 NM:476 NV:436 NY:259 OH:185 OK:285 OR:449 PA:176 RI:4 SC:107 SD:324 TN:146 TX:1014 UT:13 VA:157 VT:33 WA:54 WI:232 WV:68 WY:398
[12250/13462] swept=10809 skipped=1441 elapsed=59.8m eta=5.9m | AL:241 AR:237 AZ:35 CA:70 CO:512 CT:36 DE:21 FL:257 GA:234 IA:299 ID:401 IL:270 IN:174 KS:411 KY:185 LA:224 MA:49 MD:63 ME:155 MI:321 MN:225 MO:264 MS:163 MT:305 NC:264 ND:115 NE:321 NH:42 NJ:50 NM:476 NV:436 NY:259 OH:185 OK:285 OR:449 PA:176 RI:4 SC:107 SD:324 TN:146 TX:1014 UT:13 VA:157 VT:33 WA:89 WI:246 WV:68 WY:398
[12500/13462] swept=11059 skipped=1441 elapsed=61.0m eta=4.7m | AL:241 AR:237 AZ:35 CA:70 CO:512 CT:36 DE:21 FL:257 GA:234 IA:299 ID:420 IL:270 IN:174 KS:411 KY:185 LA:224 MA:49 MD:63 ME:163 MI:333 MN:247 MO:264 MS:163 MT:392 NC:264 ND:163 NE:321 NH:42 NJ:50 NM:476 NV:436 NY:259 OH:185 OK:285 OR:449 PA:176 RI:4 SC:107 SD:324 TN:146 TX:1014 UT:13 VA:157 VT:33 WA:138 WI:251 WV:68 WY:398
[12750/13462] swept=11309 skipped=1441 elapsed=62.3m eta=3.5m | AL:241 AR:237 AZ:35 CA:70 CO:512 CT:36 DE:21 FL:257 GA:234 IA:299 ID:435 IL:270 IN:174 KS:411 KY:185 LA:224 MA:49 MD:63 ME:170 MI:343 MN:295 MO:264 MS:163 MT:467 NC:264 ND:199 NE:321 NH:42 NJ:50 NM:476 NV:436 NY:259 OH:185 OK:285 OR:449 PA:176 RI:4 SC:107 SD:324 TN:146 TX:1014 UT:13 VA:157 VT:33 WA:196 WI:252 WV:68 WY:398
[13000/13462] swept=11559 skipped=1441 elapsed=63.5m eta=2.3m | AL:241 AR:237 AZ:35 CA:70 CO:512 CT:36 DE:21 FL:257 GA:234 IA:299 ID:445 IL:270 IN:174 KS:411 KY:185 LA:224 MA:49 MD:63 ME:170 MI:347 MN:353 MO:264 MS:163 MT:530 NC:264 ND:254 NE:321 NH:42 NJ:50 NM:476 NV:436 NY:259 OH:185 OK:285 OR:449 PA:176 RI:4 SC:107 SD:324 TN:146 TX:1014 UT:13 VA:157 VT:33 WA:256 WI:252 WV:68 WY:398
[13250/13462] swept=11809 skipped=1441 elapsed=64.7m eta=1.0m | AL:241 AR:237 AZ:35 CA:70 CO:512 CT:36 DE:21 FL:257 GA:234 IA:299 ID:451 IL:270 IN:174 KS:411 KY:185 LA:224 MA:49 MD:63 ME:170 MI:350 MN:397 MO:264 MS:163 MT:626 NC:264 ND:308 NE:321 NH:42 NJ:50 NM:476 NV:436 NY:259 OH:185 OK:285 OR:449 PA:176 RI:4 SC:107 SD:324 TN:146 TX:1014 UT:13 VA:157 VT:33 WA:303 WI:252 WV:68 WY:398
[13462/13462] swept=12021 skipped=1441 elapsed=65.6m eta=0.0m | AL:241 AR:237 AZ:35 CA:70 CO:512 CT:36 DE:21 FL:257 GA:234 IA:299 ID:461 IL:270 IN:174 KS:411 KY:185 LA:224 MA:49 MD:63 ME:170 MI:350 MN:423 MO:264 MS:163 MT:722 NC:264 ND:362 NE:321 NH:42 NJ:50 NM:476 NV:436 NY:259 OH:185 OK:285 OR:449 PA:176 RI:4 SC:107 SD:324 TN:146 TX:1014 UT:13 VA:157 VT:33 WA:329 WI:252 WV:68 WY:398

done in 65.7 min: 13462 grids, 12021 swept, 0 already done, 1441 skipped
skip reasons:
   1441  no Haying rates at coverage 0.75
per state (grids / swept / skipped):
  AL    241   241     0
  AR    237   237     0
  AZ    499    35   464
  CA    732    70   662
  CO    512   512     0
  CT     36    36     0
  DE     21    21     0
  FL    257   257     0
  GA    234   234     0
  IA    299   299     0
  ID    461   461     0
  IL    270   270     0
  IN    174   174     0
  KS    411   411     0
  KY    185   185     0
  LA    224   224     0
  MA     49    49     0
  MD     63    63     0
  ME    170   170     0
  MI    350   350     0
  MN    423   423     0
  MO    264   264     0
  MS    163   163     0
  MT    722   722     0
  NC    264   264     0
  ND    362   362     0
  NE    321   321     0
  NH     42    42     0
  NJ     50    50     0
  NM    476   476     0
  NV    436   436     0
  NY    259   259     0
  OH    185   185     0
  OK    285   285     0
  OR    449   449     0
  PA    176   176     0
  RI      4     4     0
  SC    107   107     0
  SD    324   324     0
  TN    146   146     0
  TX   1014  1014     0
  UT    328    13   315
  VA    157   157     0
  VT     33    33     0
  WA    329   329     0
  WI    252   252     0
  WV     68    68     0
  WY    398   398     0
2026-08-06 13:18:00 done  Haying @ 0.75 — prf_opt_best now 91352 rows
2026-08-06 13:18:02 sweep Haying @ 0.80  (have 0 of 12021 rated grids)
CONUS Haying: 13462 PRF grids from prf_grid_county
13462 to score, 0 already in prf_opt_best; estimated 157 min at 0.7 s/grid (~26 min with jobs=6)
[250/13462] swept=250 skipped=0 elapsed=1.4m eta=74.7m | FL:127 TX:123
[500/13462] swept=500 skipped=0 elapsed=2.6m eta=66.2m | FL:174 LA:51 TX:275
[750/13462] swept=750 skipped=0 elapsed=3.7m eta=62.6m | AL:5 FL:228 LA:105 MS:6 TX:406
[1000/13462] swept=992 skipped=8 elapsed=4.8m eta=60.0m | AL:38 AZ:1 FL:257 GA:25 LA:135 MS:20 NM:3 TX:513
[1250/13462] swept=1217 skipped=33 elapsed=6.0m eta=58.4m | AL:66 AZ:3 FL:257 GA:57 LA:156 MS:42 NM:16 TX:620
[1500/13462] swept=1429 skipped=71 elapsed=7.0m eta=55.6m | AL:95 AZ:5 FL:257 GA:90 LA:183 MS:61 NM:54 SC:1 TX:683
[1750/13462] swept=1624 skipped=126 elapsed=7.9m eta=52.7m | AL:119 AZ:6 CA:0 FL:257 GA:105 LA:211 MS:79 NM:88 SC:6 TX:753
[2000/13462] swept=1833 skipped=167 elapsed=8.9m eta=50.8m | AL:139 AR:6 AZ:8 CA:0 FL:257 GA:135 LA:224 MS:89 NM:136 SC:16 TX:823
[2250/13462] swept=2010 skipped=240 elapsed=9.7m eta=48.3m | AL:166 AR:26 AZ:10 CA:0 FL:257 GA:164 LA:224 MS:109 NM:160 SC:36 TX:858
[2500/13462] swept=2220 skipped=280 elapsed=10.6m eta=46.7m | AL:184 AR:55 AZ:11 CA:0 FL:257 GA:178 LA:224 MS:129 NM:208 OK:20 SC:48 TX:906
[2750/13462] swept=2382 skipped=368 elapsed=11.4m eta=44.5m | AL:203 AR:70 AZ:13 CA:0 FL:257 GA:202 LA:224 MS:139 NC:8 NM:232 OK:39 SC:74 TX:921
[3000/13462] swept=2586 skipped=414 elapsed=12.4m eta=43.2m | AL:215 AR:103 AZ:14 CA:0 FL:257 GA:213 LA:224 MS:148 NC:18 NM:280 OK:84 SC:86 TX:944
[3250/13462] swept=2745 skipped=505 elapsed=13.2m eta=41.3m | AL:237 AR:121 AZ:16 CA:1 FL:257 GA:229 LA:224 MS:163 NC:32 NM:304 OK:107 SC:99 TX:955
[3500/13462] swept=2952 skipped=548 elapsed=14.2m eta=40.5m | AL:241 AR:139 AZ:19 CA:4 FL:257 GA:234 LA:224 MS:163 NC:83 NM:352 OK:134 SC:107 TN:18 TX:977
[3750/13462] swept=3152 skipped=598 elapsed=15.2m eta=39.3m | AL:241 AR:176 AZ:21 CA:6 FL:257 GA:234 LA:224 MS:163 NC:119 NM:376 NV:2 OK:176 SC:107 TN:62 TX:988
[4000/13462] swept=3324 skipped=676 elapsed=16.0m eta=37.9m | AL:241 AR:197 AZ:28 CA:10 FL:257 GA:234 LA:224 MS:163 NC:169 NM:401 NV:8 OK:198 SC:107 TN:88 TX:999
[4250/13462] swept=3534 skipped=716 elapsed=17.2m eta=37.2m | AL:241 AR:218 AZ:30 CA:13 FL:257 GA:234 LA:224 MS:163 NC:215 NM:448 NV:15 OK:241 SC:107 TN:114 TX:1014
[4500/13462] swept=3729 skipped=771 elapsed=18.2m eta=36.2m | AL:241 AR:237 AZ:32 CA:15 FL:257 GA:234 KY:25 LA:224 MO:21 MS:163 NC:240 NM:472 NV:24 OK:282 SC:107 TN:141 TX:1014
[4750/13462] swept=3920 skipped=830 elapsed=19.1m eta=34.9m | AL:241 AR:237 AZ:35 CA:20 CO:26 FL:257 GA:234 IL:2 KS:27 KY:56 LA:224 MO:41 MS:163 NC:264 NM:476 NV:37 OK:285 SC:107 TN:146 TX:1014 UT:0 VA:28
[5000/13462] swept=4131 skipped=869 elapsed=20.3m eta=34.3m | AL:241 AR:237 AZ:35 CA:22 CO:82 FL:257 GA:234 IL:7 KS:84 KY:80 LA:224 MO:61 MS:163 NC:264 NM:476 NV:59 OK:285 SC:107 TN:146 TX:1014 UT:0 VA:53
[5250/13462] swept=4329 skipped=921 elapsed=21.3m eta=33.4m | AL:241 AR:237 AZ:35 CA:24 CO:111 FL:257 GA:234 IL:21 KS:117 KY:123 LA:224 MO:99 MS:163 NC:264 NM:476 NV:74 OK:285 SC:107 TN:146 TX:1014 UT:0 VA:77
[5500/13462] swept=4525 skipped=975 elapsed=22.4m eta=32.5m | AL:241 AR:237 AZ:35 CA:29 CO:144 FL:257 GA:234 IL:30 IN:8 KS:147 KY:144 LA:224 MD:2 MO:116 MS:163 NC:264 NM:476 NV:96 OK:285 SC:107 TN:146 TX:1014 UT:0 VA:114 WV:12
[5750/13462] swept=4741 skipped=1009 elapsed=23.4m eta=31.4m | AL:241 AR:237 AZ:35 CA:32 CO:198 FL:257 GA:234 IL:41 IN:16 KS:198 KY:157 LA:224 MD:9 MO:132 MS:163 NC:264 NM:476 NV:127 OK:285 SC:107 TN:146 TX:1014 UT:0 VA:126 WV:22
[6000/13462] swept=4949 skipped=1051 elapsed=24.5m eta=30.5m | AL:241 AR:237 AZ:35 CA:34 CO:227 DE:3 FL:257 GA:234 IL:66 IN:34 KS:237 KY:169 LA:224 MD:16 MO:164 MS:163 NC:264 NM:476 NV:148 OH:1 OK:285 SC:107 TN:146 TX:1014 UT:0 VA:136 WV:31
[6250/13462] swept=5147 skipped=1103 elapsed=25.5m eta=29.4m | AL:241 AR:237 AZ:35 CA:37 CO:256 DE:8 FL:257 GA:234 IL:80 IN:44 KS:267 KY:183 LA:224 MD:25 MO:179 MS:163 NC:264 NJ:1 NM:476 NV:172 OH:10 OK:285 SC:107 TN:146 TX:1014 UT:0 VA:151 WV:51
[6500/13462] swept=5357 skipped=1143 elapsed=26.6m eta=28.5m | AL:241 AR:237 AZ:35 CA:39 CO:302 DE:12 FL:257 GA:234 IL:93 IN:55 KS:297 KY:185 LA:224 MD:38 MO:194 MS:163 NC:264 NJ:4 NM:476 NV:218 OH:21 OK:285 SC:107 TN:146 TX:1014 UT:0 VA:155 WV:61
[6750/13462] swept=5573 skipped=1177 elapsed=27.6m eta=27.4m | AL:241 AR:237 AZ:35 CA:40 CO:343 DE:15 FL:257 GA:234 IL:108 IN:66 KS:355 KY:185 LA:224 MD:49 MO:218 MS:163 NC:264 NJ:8 NM:476 NV:242 OH:36 OK:285 SC:107 TN:146 TX:1014 UT:0 VA:157 WV:68
[7000/13462] swept=5773 skipped=1227 elapsed=28.5m eta=26.4m | AL:241 AR:237 AZ:35 CA:42 CO:372 DE:18 FL:257 GA:234 IL:140 IN:88 KS:384 KY:185 LA:224 MD:63 MO:234 MS:163 NC:264 NJ:13 NM:476 NV:265 OH:56 OK:285 PA:5 SC:107 TN:146 TX:1014 UT:0 VA:157 WV:68
[7250/13462] swept=5974 skipped=1276 elapsed=29.5m eta=25.3m | AL:241 AR:237 AZ:35 CA:44 CO:401 DE:21 FL:257 GA:234 IL:157 IN:99 KS:411 KY:185 LA:224 MD:63 MO:248 MS:163 NC:264 NJ:20 NM:476 NV:291 OH:86 OK:285 PA:40 SC:107 TN:146 TX:1014 UT:0 VA:157 WV:68
[7500/13462] swept=6178 skipped=1322 elapsed=30.5m eta=24.2m | AL:241 AR:237 AZ:35 CA:45 CO:440 DE:21 FL:257 GA:234 IA:2 IL:172 IN:110 KS:411 KY:185 LA:224 MD:63 MO:264 MS:163 NC:264 NE:25 NJ:30 NM:476 NV:334 OH:103 OK:285 PA:65 SC:107 TN:146 TX:1014 UT:0 VA:157 WV:68
[7750/13462] swept=6400 skipped=1350 elapsed=31.6m eta=23.3m | AL:241 AR:237 AZ:35 CA:46 CO:488 DE:21 FL:257 GA:234 IA:24 IL:186 IN:121 KS:411 KY:185 LA:224 MD:63 MO:264 MS:163 NC:264 NE:73 NJ:35 NM:476 NV:357 NY:4 OH:120 OK:285 PA:86 SC:107 TN:146 TX:1014 UT:8 VA:157 WV:68
[8000/13462] swept=6622 skipped=1378 elapsed=32.6m eta=22.3m | AL:241 AR:237 AZ:35 CA:47 CO:512 CT:1 DE:21 FL:257 GA:234 IA:64 IL:212 IN:141 KS:411 KY:185 LA:224 MD:63 MO:264 MS:163 NC:264 NE:97 NJ:41 NM:476 NV:380 NY:10 OH:137 OK:285 PA:107 SC:107 TN:146 TX:1014 UT:10 VA:157 WV:68 WY:11
[8250/13462] swept=6836 skipped=1414 elapsed=33.6m eta=21.2m | AL:241 AR:237 AZ:35 CA:48 CO:512 CT:5 DE:21 FL:257 GA:234 IA:87 IL:224 IN:154 KS:411 KY:185 LA:224 MD:63 MO:264 MS:163 NC:264 NE:129 NJ:47 NM:476 NV:403 NY:13 OH:171 OK:285 PA:142 SC:107 TN:146 TX:1014 UT:11 VA:157 WV:68 WY:38
[8500/13462] swept=7060 skipped=1440 elapsed=34.6m eta=20.2m | AL:241 AR:237 AZ:35 CA:57 CO:512 CT:21 DE:21 FL:257 GA:234 IA:111 IL:235 IN:165 KS:411 KY:185 LA:224 MA:11 MD:63 MI:6 MO:264 MS:163 NC:264 NE:161 NJ:50 NM:476 NV:426 NY:21 OH:181 OK:285 PA:171 RI:3 SC:107 TN:146 TX:1014 UT:12 VA:157 WV:68 WY:65
[8750/13462] swept=7309 skipped=1441 elapsed=35.8m eta=19.3m | AL:241 AR:237 AZ:35 CA:70 CO:512 CT:29 DE:21 FL:257 GA:234 IA:136 ID:46 IL:245 IN:174 KS:411 KY:185 LA:224 MA:17 MD:63 MI:13 MO:264 MS:163 NC:264 NE:193 NJ:50 NM:476 NV:436 NY:45 OH:185 OK:285 OR:20 PA:174 RI:4 SC:107 TN:146 TX:1014 UT:13 VA:157 WV:68 WY:95
[9000/13462] swept=7559 skipped=1441 elapsed=37.3m eta=18.5m | AL:241 AR:237 AZ:35 CA:70 CO:512 CT:36 DE:21 FL:257 GA:234 IA:162 ID:73 IL:255 IN:174 KS:411 KY:185 LA:224 MA:24 MD:63 MI:27 MO:264 MS:163 NC:264 NE:245 NJ:50 NM:476 NV:436 NY:70 OH:185 OK:285 OR:49 PA:176 RI:4 SC:107 TN:146 TX:1014 UT:13 VA:157 WV:68 WY:146
[9250/13462] swept=7809 skipped=1441 elapsed=38.8m eta=17.7m | AL:241 AR:237 AZ:35 CA:70 CO:512 CT:36 DE:21 FL:257 GA:234 IA:212 ID:98 IL:270 IN:174 KS:411 KY:185 LA:224 MA:35 MD:63 MI:48 MO:264 MS:163 NC:264 NE:285 NJ:50 NM:476 NV:436 NY:96 OH:185 OK:285 OR:78 PA:176 RI:4 SC:107 TN:146 TX:1014 UT:13 VA:157 WI:6 WV:68 WY:173
[9500/13462] swept=8059 skipped=1441 elapsed=40.4m eta=16.8m | AL:241 AR:237 AZ:35 CA:70 CO:512 CT:36 DE:21 FL:257 GA:234 IA:235 ID:123 IL:270 IN:174 KS:411 KY:185 LA:224 MA:49 MD:63 MI:71 MO:264 MS:163 NC:264 NE:315 NH:6 NJ:50 NM:476 NV:436 NY:143 OH:185 OK:285 OR:118 PA:176 RI:4 SC:107 TN:146 TX:1014 UT:13 VA:157 VT:2 WI:19 WV:68 WY:200
[9750/13462] swept=8309 skipped=1441 elapsed=42.0m eta=16.0m | AL:241 AR:237 AZ:35 CA:70 CO:512 CT:36 DE:21 FL:257 GA:234 IA:258 ID:173 IL:270 IN:174 KS:411 KY:185 LA:224 MA:49 MD:63 ME:2 MI:88 MO:264 MS:163 NC:264 NE:321 NH:12 NJ:50 NM:476 NV:436 NY:166 OH:185 OK:285 OR:165 PA:176 RI:4 SC:107 SD:24 TN:146 TX:1014 UT:13 VA:157 VT:5 WI:32 WV:68 WY:236
[10000/13462] swept=8559 skipped=1441 elapsed=43.4m eta=15.0m | AL:241 AR:237 AZ:35 CA:70 CO:512 CT:36 DE:21 FL:257 GA:234 IA:285 ID:198 IL:270 IN:174 KS:411 KY:185 LA:224 MA:49 MD:63 ME:5 MI:104 MN:1 MO:264 MS:163 NC:264 NE:321 NH:18 NJ:50 NM:476 NV:436 NY:190 OH:185 OK:285 OR:193 PA:176 RI:4 SC:107 SD:84 TN:146 TX:1014 UT:13 VA:157 VT:7 WI:45 WV:68 WY:281
[10250/13462] swept=8809 skipped=1441 elapsed=44.8m eta=14.0m | AL:241 AR:237 AZ:35 CA:70 CO:512 CT:36 DE:21 FL:257 GA:234 IA:299 ID:223 IL:270 IN:174 KS:411 KY:185 LA:224 MA:49 MD:63 ME:9 MI:137 MN:27 MO:264 MS:163 NC:264 NE:321 NH:24 NJ:50 NM:476 NV:436 NY:216 OH:185 OK:285 OR:221 PA:176 RI:4 SC:107 SD:115 TN:146 TX:1014 UT:13 VA:157 VT:9 WI:73 WV:68 WY:308
[10500/13462] swept=9059 skipped=1441 elapsed=46.1m eta=13.0m | AL:241 AR:237 AZ:35 CA:70 CO:512 CT:36 DE:21 FL:257 GA:234 IA:299 ID:259 IL:270 IN:174 KS:411 KY:185 LA:224 MA:49 MD:63 ME:27 MI:152 MN:48 MO:264 MS:163 NC:264 NE:321 NH:33 NJ:50 NM:476 NV:436 NY:230 OH:185 OK:285 OR:277 PA:176 RI:4 SC:107 SD:146 TN:146 TX:1014 UT:13 VA:157 VT:17 WI:88 WV:68 WY:335
[10750/13462] swept=9309 skipped=1441 elapsed=47.7m eta=12.0m | AL:241 AR:237 AZ:35 CA:70 CO:512 CT:36 DE:21 FL:257 GA:234 IA:299 ID:297 IL:270 IN:174 KS:411 KY:185 LA:224 MA:49 MD:63 ME:41 MI:165 MN:67 MO:264 MS:163 MT:1 NC:264 NE:321 NH:37 NJ:50 NM:476 NV:436 NY:241 OH:185 OK:285 OR:305 PA:176 RI:4 SC:107 SD:192 TN:146 TX:1014 UT:13 VA:157 VT:21 WI:106 WV:68 WY:389
[11000/13462] swept=9559 skipped=1441 elapsed=49.3m eta=11.0m | AL:241 AR:237 AZ:35 CA:70 CO:512 CT:36 DE:21 FL:257 GA:234 IA:299 ID:315 IL:270 IN:174 KS:411 KY:185 LA:224 MA:49 MD:63 ME:58 MI:178 MN:99 MO:264 MS:163 MT:27 NC:264 NE:321 NH:39 NJ:50 NM:476 NV:436 NY:251 OH:185 OK:285 OR:333 PA:176 RI:4 SC:107 SD:238 TN:146 TX:1014 UT:13 VA:157 VT:27 WI:149 WV:68 WY:398
[11250/13462] swept=9809 skipped=1441 elapsed=50.8m eta=10.0m | AL:241 AR:237 AZ:35 CA:70 CO:512 CT:36 DE:21 FL:257 GA:234 IA:299 ID:332 IL:270 IN:174 KS:411 KY:185 LA:224 MA:49 MD:63 ME:92 MI:204 MN:115 MO:264 MS:163 MT:64 NC:264 NE:321 NH:42 NJ:50 NM:476 NV:436 NY:259 OH:185 OK:285 OR:385 PA:176 RI:4 SC:107 SD:268 TN:146 TX:1014 UT:13 VA:157 VT:33 WI:170 WV:68 WY:398
[11500/13462] swept=10059 skipped=1441 elapsed=52.2m eta=8.9m | AL:241 AR:237 AZ:35 CA:70 CO:512 CT:36 DE:21 FL:257 GA:234 IA:299 ID:355 IL:270 IN:174 KS:411 KY:185 LA:224 MA:49 MD:63 ME:105 MI:216 MN:133 MO:264 MS:163 MT:141 NC:264 NE:321 NH:42 NJ:50 NM:476 NV:436 NY:259 OH:185 OK:285 OR:419 PA:176 RI:4 SC:107 SD:321 TN:146 TX:1014 UT:13 VA:157 VT:33 WI:190 WV:68 WY:398
[11750/13462] swept=10309 skipped=1441 elapsed=53.7m eta=7.8m | AL:241 AR:237 AZ:35 CA:70 CO:512 CT:36 DE:21 FL:257 GA:234 IA:299 ID:366 IL:270 IN:174 KS:411 KY:185 LA:224 MA:49 MD:63 ME:126 MI:251 MN:169 MO:264 MS:163 MT:182 NC:264 ND:29 NE:321 NH:42 NJ:50 NM:476 NV:436 NY:259 OH:185 OK:285 OR:442 PA:176 RI:4 SC:107 SD:324 TN:146 TX:1014 UT:13 VA:157 VT:33 WA:19 WI:222 WV:68 WY:398
[12000/13462] swept=10559 skipped=1441 elapsed=55.2m eta=6.7m | AL:241 AR:237 AZ:35 CA:70 CO:512 CT:36 DE:21 FL:257 GA:234 IA:299 ID:389 IL:270 IN:174 KS:411 KY:185 LA:224 MA:49 MD:63 ME:136 MI:274 MN:187 MO:264 MS:163 MT:264 NC:264 ND:71 NE:321 NH:42 NJ:50 NM:476 NV:436 NY:259 OH:185 OK:285 OR:449 PA:176 RI:4 SC:107 SD:324 TN:146 TX:1014 UT:13 VA:157 VT:33 WA:54 WI:232 WV:68 WY:398
[12250/13462] swept=10809 skipped=1441 elapsed=56.8m eta=5.6m | AL:241 AR:237 AZ:35 CA:70 CO:512 CT:36 DE:21 FL:257 GA:234 IA:299 ID:401 IL:270 IN:174 KS:411 KY:185 LA:224 MA:49 MD:63 ME:155 MI:321 MN:225 MO:264 MS:163 MT:305 NC:264 ND:115 NE:321 NH:42 NJ:50 NM:476 NV:436 NY:259 OH:185 OK:285 OR:449 PA:176 RI:4 SC:107 SD:324 TN:146 TX:1014 UT:13 VA:157 VT:33 WA:89 WI:246 WV:68 WY:398
[12500/13462] swept=11059 skipped=1441 elapsed=58.3m eta=4.5m | AL:241 AR:237 AZ:35 CA:70 CO:512 CT:36 DE:21 FL:257 GA:234 IA:299 ID:420 IL:270 IN:174 KS:411 KY:185 LA:224 MA:49 MD:63 ME:163 MI:333 MN:247 MO:264 MS:163 MT:392 NC:264 ND:163 NE:321 NH:42 NJ:50 NM:476 NV:436 NY:259 OH:185 OK:285 OR:449 PA:176 RI:4 SC:107 SD:324 TN:146 TX:1014 UT:13 VA:157 VT:33 WA:138 WI:251 WV:68 WY:398
[12750/13462] swept=11309 skipped=1441 elapsed=59.8m eta=3.3m | AL:241 AR:237 AZ:35 CA:70 CO:512 CT:36 DE:21 FL:257 GA:234 IA:299 ID:435 IL:270 IN:174 KS:411 KY:185 LA:224 MA:49 MD:63 ME:170 MI:343 MN:295 MO:264 MS:163 MT:467 NC:264 ND:199 NE:321 NH:42 NJ:50 NM:476 NV:436 NY:259 OH:185 OK:285 OR:449 PA:176 RI:4 SC:107 SD:324 TN:146 TX:1014 UT:13 VA:157 VT:33 WA:196 WI:252 WV:68 WY:398
[13000/13462] swept=11559 skipped=1441 elapsed=61.4m eta=2.2m | AL:241 AR:237 AZ:35 CA:70 CO:512 CT:36 DE:21 FL:257 GA:234 IA:299 ID:445 IL:270 IN:174 KS:411 KY:185 LA:224 MA:49 MD:63 ME:170 MI:347 MN:353 MO:264 MS:163 MT:530 NC:264 ND:254 NE:321 NH:42 NJ:50 NM:476 NV:436 NY:259 OH:185 OK:285 OR:449 PA:176 RI:4 SC:107 SD:324 TN:146 TX:1014 UT:13 VA:157 VT:33 WA:256 WI:252 WV:68 WY:398
[13250/13462] swept=11809 skipped=1441 elapsed=62.9m eta=1.0m | AL:241 AR:237 AZ:35 CA:70 CO:512 CT:36 DE:21 FL:257 GA:234 IA:299 ID:451 IL:270 IN:174 KS:411 KY:185 LA:224 MA:49 MD:63 ME:170 MI:350 MN:397 MO:264 MS:163 MT:626 NC:264 ND:308 NE:321 NH:42 NJ:50 NM:476 NV:436 NY:259 OH:185 OK:285 OR:449 PA:176 RI:4 SC:107 SD:324 TN:146 TX:1014 UT:13 VA:157 VT:33 WA:303 WI:252 WV:68 WY:398
[13462/13462] swept=12021 skipped=1441 elapsed=63.9m eta=0.0m | AL:241 AR:237 AZ:35 CA:70 CO:512 CT:36 DE:21 FL:257 GA:234 IA:299 ID:461 IL:270 IN:174 KS:411 KY:185 LA:224 MA:49 MD:63 ME:170 MI:350 MN:423 MO:264 MS:163 MT:722 NC:264 ND:362 NE:321 NH:42 NJ:50 NM:476 NV:436 NY:259 OH:185 OK:285 OR:449 PA:176 RI:4 SC:107 SD:324 TN:146 TX:1014 UT:13 VA:157 VT:33 WA:329 WI:252 WV:68 WY:398

done in 64.0 min: 13462 grids, 12021 swept, 0 already done, 1441 skipped
skip reasons:
   1441  no Haying rates at coverage 0.80
per state (grids / swept / skipped):
  AL    241   241     0
  AR    237   237     0
  AZ    499    35   464
  CA    732    70   662
  CO    512   512     0
  CT     36    36     0
  DE     21    21     0
  FL    257   257     0
  GA    234   234     0
  IA    299   299     0
  ID    461   461     0
  IL    270   270     0
  IN    174   174     0
  KS    411   411     0
  KY    185   185     0
  LA    224   224     0
  MA     49    49     0
  MD     63    63     0
  ME    170   170     0
  MI    350   350     0
  MN    423   423     0
  MO    264   264     0
  MS    163   163     0
  MT    722   722     0
  NC    264   264     0
  ND    362   362     0
  NE    321   321     0
  NH     42    42     0
  NJ     50    50     0
  NM    476   476     0
  NV    436   436     0
  NY    259   259     0
  OH    185   185     0
  OK    285   285     0
  OR    449   449     0
  PA    176   176     0
  RI      4     4     0
  SC    107   107     0
  SD    324   324     0
  TN    146   146     0
  TX   1014  1014     0
  UT    328    13   315
  VA    157   157     0
  VT     33    33     0
  WA    329   329     0
  WI    252   252     0
  WV     68    68     0
  WY    398   398     0
2026-08-06 14:22:04 done  Haying @ 0.80 — prf_opt_best now 103373 rows
2026-08-06 14:22:07 sweep Haying @ 0.85  (have 0 of 12021 rated grids)
CONUS Haying: 13462 PRF grids from prf_grid_county
13462 to score, 0 already in prf_opt_best; estimated 157 min at 0.7 s/grid (~26 min with jobs=6)
[250/13462] swept=250 skipped=0 elapsed=1.6m eta=86.0m | FL:127 TX:123
[500/13462] swept=500 skipped=0 elapsed=3.0m eta=76.9m | FL:177 LA:48 TX:275
[750/13462] swept=750 skipped=0 elapsed=4.3m eta=73.4m | AL:5 FL:228 LA:105 MS:6 TX:406
[1000/13462] swept=992 skipped=8 elapsed=5.7m eta=70.7m | AL:38 AZ:1 FL:257 GA:25 LA:135 MS:20 NM:3 TX:513
[1250/13462] swept=1217 skipped=33 elapsed=7.0m eta=68.8m | AL:66 AZ:3 FL:257 GA:57 LA:156 MS:42 NM:16 TX:620
[1500/13462] swept=1429 skipped=71 elapsed=8.2m eta=65.6m | AL:95 AZ:5 FL:257 GA:90 LA:183 MS:61 NM:54 SC:1 TX:683
[1750/13462] swept=1624 skipped=126 elapsed=9.3m eta=62.2m | AL:119 AZ:6 CA:0 FL:257 GA:105 LA:211 MS:79 NM:88 SC:6 TX:753
[2000/13462] swept=1833 skipped=167 elapsed=10.5m eta=60.1m | AL:139 AR:6 AZ:8 CA:0 FL:257 GA:135 LA:224 MS:89 NM:136 SC:16 TX:823
[2250/13462] swept=2010 skipped=240 elapsed=11.5m eta=57.4m | AL:166 AR:26 AZ:10 CA:0 FL:257 GA:164 LA:224 MS:109 NM:160 SC:36 TX:858
[2500/13462] swept=2220 skipped=280 elapsed=12.7m eta=55.6m | AL:184 AR:55 AZ:11 CA:0 FL:257 GA:178 LA:224 MS:129 NM:208 OK:20 SC:48 TX:906
[2750/13462] swept=2382 skipped=368 elapsed=13.6m eta=53.0m | AL:203 AR:70 AZ:13 CA:0 FL:257 GA:202 LA:224 MS:139 NC:8 NM:232 OK:39 SC:74 TX:921
[3000/13462] swept=2586 skipped=414 elapsed=14.7m eta=51.4m | AL:215 AR:103 AZ:14 CA:0 FL:257 GA:213 LA:224 MS:148 NC:18 NM:280 OK:84 SC:86 TX:944
[3250/13462] swept=2745 skipped=505 elapsed=15.6m eta=49.1m | AL:237 AR:121 AZ:16 CA:1 FL:257 GA:229 LA:224 MS:163 NC:32 NM:304 OK:107 SC:99 TX:955
[3500/13462] swept=2952 skipped=548 elapsed=16.8m eta=47.9m | AL:241 AR:139 AZ:19 CA:4 FL:257 GA:234 LA:224 MS:163 NC:83 NM:352 OK:134 SC:107 TN:18 TX:977
[3750/13462] swept=3152 skipped=598 elapsed=18.0m eta=46.5m | AL:241 AR:176 AZ:21 CA:6 FL:257 GA:234 LA:224 MS:163 NC:119 NM:376 NV:2 OK:176 SC:107 TN:62 TX:988
[4000/13462] swept=3324 skipped=676 elapsed=19.1m eta=45.3m | AL:241 AR:197 AZ:28 CA:10 FL:257 GA:234 LA:224 MS:163 NC:169 NM:401 NV:8 OK:198 SC:107 TN:88 TX:999
[4250/13462] swept=3534 skipped=716 elapsed=20.7m eta=44.9m | AL:241 AR:218 AZ:30 CA:13 FL:257 GA:234 LA:224 MS:163 NC:215 NM:448 NV:15 OK:241 SC:107 TN:114 TX:1014
[4500/13462] swept=3729 skipped=771 elapsed=21.8m eta=43.4m | AL:241 AR:237 AZ:32 CA:15 FL:257 GA:234 KY:25 LA:224 MO:21 MS:163 NC:240 NM:472 NV:24 OK:282 SC:107 TN:141 TX:1014
[4750/13462] swept=3920 skipped=830 elapsed=22.8m eta=41.9m | AL:241 AR:237 AZ:35 CA:20 CO:26 FL:257 GA:234 IL:2 KS:27 KY:56 LA:224 MO:41 MS:163 NC:264 NM:476 NV:37 OK:285 SC:107 TN:146 TX:1014 UT:0 VA:28
[5000/13462] swept=4131 skipped=869 elapsed=24.1m eta=40.9m | AL:241 AR:237 AZ:35 CA:22 CO:82 FL:257 GA:234 IL:7 KS:84 KY:80 LA:224 MO:61 MS:163 NC:264 NM:476 NV:59 OK:285 SC:107 TN:146 TX:1014 UT:0 VA:53
[5250/13462] swept=4329 skipped=921 elapsed=25.3m eta=39.6m | AL:241 AR:237 AZ:35 CA:24 CO:111 FL:257 GA:234 IL:21 KS:117 KY:123 LA:224 MO:99 MS:163 NC:264 NM:476 NV:74 OK:285 SC:107 TN:146 TX:1014 UT:0 VA:77
[5500/13462] swept=4525 skipped=975 elapsed=26.7m eta=38.6m | AL:241 AR:237 AZ:35 CA:29 CO:144 FL:257 GA:234 IL:30 IN:8 KS:147 KY:144 LA:224 MD:2 MO:116 MS:163 NC:264 NM:476 NV:96 OK:285 SC:107 TN:146 TX:1014 UT:0 VA:114 WV:12
[5750/13462] swept=4741 skipped=1009 elapsed=28.2m eta=37.8m | AL:241 AR:237 AZ:35 CA:32 CO:198 FL:257 GA:234 IL:41 IN:16 KS:198 KY:157 LA:224 MD:9 MO:132 MS:163 NC:264 NM:476 NV:127 OK:285 SC:107 TN:146 TX:1014 UT:0 VA:126 WV:22
[6000/13462] swept=4949 skipped=1051 elapsed=29.7m eta=37.0m | AL:241 AR:237 AZ:35 CA:34 CO:227 DE:3 FL:257 GA:234 IL:66 IN:34 KS:237 KY:169 LA:224 MD:16 MO:164 MS:163 NC:264 NM:476 NV:148 OH:1 OK:285 SC:107 TN:146 TX:1014 UT:0 VA:136 WV:31
[6250/13462] swept=5146 skipped=1104 elapsed=31.1m eta=35.9m | AL:241 AR:237 AZ:35 CA:38 CO:256 DE:8 FL:257 GA:234 IL:80 IN:44 KS:267 KY:183 LA:224 MD:23 MO:179 MS:163 NC:264 NJ:1 NM:476 NV:172 OH:10 OK:285 SC:107 TN:146 TX:1014 UT:0 VA:151 WV:51
[6500/13462] swept=5357 skipped=1143 elapsed=32.6m eta=34.9m | AL:241 AR:237 AZ:35 CA:39 CO:302 DE:12 FL:257 GA:234 IL:93 IN:55 KS:297 KY:185 LA:224 MD:38 MO:194 MS:163 NC:264 NJ:4 NM:476 NV:218 OH:21 OK:285 SC:107 TN:146 TX:1014 UT:0 VA:155 WV:61
[6750/13462] swept=5573 skipped=1177 elapsed=34.1m eta=33.9m | AL:241 AR:237 AZ:35 CA:40 CO:343 DE:15 FL:257 GA:234 IL:108 IN:66 KS:355 KY:185 LA:224 MD:49 MO:218 MS:163 NC:264 NJ:8 NM:476 NV:242 OH:36 OK:285 SC:107 TN:146 TX:1014 UT:0 VA:157 WV:68
[7000/13462] swept=5773 skipped=1227 elapsed=35.3m eta=32.6m | AL:241 AR:237 AZ:35 CA:42 CO:372 DE:18 FL:257 GA:234 IL:140 IN:88 KS:384 KY:185 LA:224 MD:63 MO:234 MS:163 NC:264 NJ:13 NM:476 NV:265 OH:56 OK:285 PA:5 SC:107 TN:146 TX:1014 UT:0 VA:157 WV:68
[7250/13462] swept=5974 skipped=1276 elapsed=36.5m eta=31.2m | AL:241 AR:237 AZ:35 CA:44 CO:401 DE:21 FL:257 GA:234 IL:157 IN:99 KS:411 KY:185 LA:224 MD:63 MO:248 MS:163 NC:264 NJ:20 NM:476 NV:291 OH:86 OK:285 PA:40 SC:107 TN:146 TX:1014 UT:0 VA:157 WV:68
[7500/13462] swept=6178 skipped=1322 elapsed=37.6m eta=29.9m | AL:241 AR:237 AZ:35 CA:45 CO:440 DE:21 FL:257 GA:234 IA:2 IL:172 IN:110 KS:411 KY:185 LA:224 MD:63 MO:264 MS:163 NC:264 NE:25 NJ:30 NM:476 NV:334 OH:103 OK:285 PA:65 SC:107 TN:146 TX:1014 UT:0 VA:157 WV:68
[7750/13462] swept=6400 skipped=1350 elapsed=38.9m eta=28.7m | AL:241 AR:237 AZ:35 CA:46 CO:488 DE:21 FL:257 GA:234 IA:28 IL:186 IN:121 KS:411 KY:185 LA:224 MD:63 MO:264 MS:163 NC:264 NE:69 NJ:35 NM:476 NV:357 NY:4 OH:120 OK:285 PA:86 SC:107 TN:146 TX:1014 UT:8 VA:157 WV:68
[8000/13462] swept=6622 skipped=1378 elapsed=40.1m eta=27.4m | AL:241 AR:237 AZ:35 CA:47 CO:512 CT:1 DE:21 FL:257 GA:234 IA:64 IL:212 IN:141 KS:411 KY:185 LA:224 MD:63 MO:264 MS:163 NC:264 NE:97 NJ:41 NM:476 NV:380 NY:10 OH:137 OK:285 PA:107 SC:107 TN:146 TX:1014 UT:10 VA:157 WV:68 WY:11
[8250/13462] swept=6833 skipped=1417 elapsed=41.4m eta=26.1m | AL:241 AR:237 AZ:35 CA:48 CO:512 CT:5 DE:21 FL:257 GA:234 IA:87 IL:224 IN:154 KS:411 KY:185 LA:224 MA:4 MD:63 MO:264 MS:163 NC:264 NE:129 NJ:47 NM:476 NV:403 NY:13 OH:171 OK:285 PA:134 RI:1 SC:107 TN:146 TX:1014 UT:11 VA:157 WV:68 WY:38
[8500/13462] swept=7060 skipped=1440 elapsed=42.9m eta=25.1m | AL:241 AR:237 AZ:35 CA:57 CO:512 CT:21 DE:21 FL:257 GA:234 IA:111 IL:235 IN:165 KS:411 KY:185 LA:224 MA:11 MD:63 MI:6 MO:264 MS:163 NC:264 NE:161 NJ:50 NM:476 NV:426 NY:21 OH:181 OK:285 PA:171 RI:3 SC:107 TN:146 TX:1014 UT:12 VA:157 WV:68 WY:65
[8750/13462] swept=7309 skipped=1441 elapsed=44.2m eta=23.8m | AL:241 AR:237 AZ:35 CA:70 CO:512 CT:29 DE:21 FL:257 GA:234 IA:136 ID:48 IL:245 IN:174 KS:411 KY:185 LA:224 MA:17 MD:63 MI:13 MO:264 MS:163 NC:264 NE:193 NJ:50 NM:476 NV:436 NY:45 OH:185 OK:285 OR:20 PA:174 RI:4 SC:107 TN:146 TX:1014 UT:13 VA:157 WV:68 WY:93
[9000/13462] swept=7559 skipped=1441 elapsed=45.3m eta=22.5m | AL:241 AR:237 AZ:35 CA:70 CO:512 CT:36 DE:21 FL:257 GA:234 IA:162 ID:73 IL:255 IN:174 KS:411 KY:185 LA:224 MA:24 MD:63 MI:27 MO:264 MS:163 NC:264 NE:245 NJ:50 NM:476 NV:436 NY:70 OH:185 OK:285 OR:49 PA:176 RI:4 SC:107 TN:146 TX:1014 UT:13 VA:157 WV:68 WY:146
[9250/13462] swept=7809 skipped=1441 elapsed=46.5m eta=21.2m | AL:241 AR:237 AZ:35 CA:70 CO:512 CT:36 DE:21 FL:257 GA:234 IA:212 ID:98 IL:270 IN:174 KS:411 KY:185 LA:224 MA:35 MD:63 MI:48 MO:264 MS:163 NC:264 NE:285 NJ:50 NM:476 NV:436 NY:96 OH:185 OK:285 OR:78 PA:176 RI:4 SC:107 TN:146 TX:1014 UT:13 VA:157 WI:6 WV:68 WY:173
[9500/13462] swept=8059 skipped=1441 elapsed=47.7m eta=19.9m | AL:241 AR:237 AZ:35 CA:70 CO:512 CT:36 DE:21 FL:257 GA:234 IA:235 ID:123 IL:270 IN:174 KS:411 KY:185 LA:224 MA:49 MD:63 MI:71 MO:264 MS:163 NC:264 NE:315 NH:6 NJ:50 NM:476 NV:436 NY:143 OH:185 OK:285 OR:118 PA:176 RI:4 SC:107 TN:146 TX:1014 UT:13 VA:157 VT:2 WI:19 WV:68 WY:200
[9750/13462] swept=8309 skipped=1441 elapsed=49.0m eta=18.6m | AL:241 AR:237 AZ:35 CA:70 CO:512 CT:36 DE:21 FL:257 GA:234 IA:258 ID:173 IL:270 IN:174 KS:411 KY:185 LA:224 MA:49 MD:63 ME:2 MI:88 MO:264 MS:163 NC:264 NE:321 NH:12 NJ:50 NM:476 NV:436 NY:166 OH:185 OK:285 OR:165 PA:176 RI:4 SC:107 SD:24 TN:146 TX:1014 UT:13 VA:157 VT:5 WI:32 WV:68 WY:236
[10000/13462] swept=8559 skipped=1441 elapsed=50.1m eta=17.4m | AL:241 AR:237 AZ:35 CA:70 CO:512 CT:36 DE:21 FL:257 GA:234 IA:285 ID:198 IL:270 IN:174 KS:411 KY:185 LA:224 MA:49 MD:63 ME:5 MI:104 MN:1 MO:264 MS:163 NC:264 NE:321 NH:18 NJ:50 NM:476 NV:436 NY:190 OH:185 OK:285 OR:193 PA:176 RI:4 SC:107 SD:84 TN:146 TX:1014 UT:13 VA:157 VT:7 WI:45 WV:68 WY:281
[10250/13462] swept=8809 skipped=1441 elapsed=51.5m eta=16.1m | AL:241 AR:237 AZ:35 CA:70 CO:512 CT:36 DE:21 FL:257 GA:234 IA:299 ID:223 IL:270 IN:174 KS:411 KY:185 LA:224 MA:49 MD:63 ME:9 MI:137 MN:27 MO:264 MS:163 NC:264 NE:321 NH:24 NJ:50 NM:476 NV:436 NY:216 OH:185 OK:285 OR:221 PA:176 RI:4 SC:107 SD:115 TN:146 TX:1014 UT:13 VA:157 VT:9 WI:73 WV:68 WY:308
[10500/13462] swept=9059 skipped=1441 elapsed=52.8m eta=14.9m | AL:241 AR:237 AZ:35 CA:70 CO:512 CT:36 DE:21 FL:257 GA:234 IA:299 ID:259 IL:270 IN:174 KS:411 KY:185 LA:224 MA:49 MD:63 ME:27 MI:152 MN:48 MO:264 MS:163 NC:264 NE:321 NH:33 NJ:50 NM:476 NV:436 NY:230 OH:185 OK:285 OR:277 PA:176 RI:4 SC:107 SD:146 TN:146 TX:1014 UT:13 VA:157 VT:17 WI:88 WV:68 WY:335
[10750/13462] swept=9309 skipped=1441 elapsed=54.3m eta=13.7m | AL:241 AR:237 AZ:35 CA:70 CO:512 CT:36 DE:21 FL:257 GA:234 IA:299 ID:297 IL:270 IN:174 KS:411 KY:185 LA:224 MA:49 MD:63 ME:41 MI:165 MN:67 MO:264 MS:163 MT:1 NC:264 NE:321 NH:37 NJ:50 NM:476 NV:436 NY:241 OH:185 OK:285 OR:305 PA:176 RI:4 SC:107 SD:192 TN:146 TX:1014 UT:13 VA:157 VT:21 WI:106 WV:68 WY:389
[11000/13462] swept=9559 skipped=1441 elapsed=55.9m eta=12.5m | AL:241 AR:237 AZ:35 CA:70 CO:512 CT:36 DE:21 FL:257 GA:234 IA:299 ID:315 IL:270 IN:174 KS:411 KY:185 LA:224 MA:49 MD:63 ME:58 MI:178 MN:99 MO:264 MS:163 MT:27 NC:264 NE:321 NH:39 NJ:50 NM:476 NV:436 NY:251 OH:185 OK:285 OR:333 PA:176 RI:4 SC:107 SD:238 TN:146 TX:1014 UT:13 VA:157 VT:27 WI:149 WV:68 WY:398
[11250/13462] swept=9809 skipped=1441 elapsed=57.3m eta=11.3m | AL:241 AR:237 AZ:35 CA:70 CO:512 CT:36 DE:21 FL:257 GA:234 IA:299 ID:333 IL:270 IN:174 KS:411 KY:185 LA:224 MA:49 MD:63 ME:92 MI:204 MN:115 MO:264 MS:163 MT:64 NC:264 NE:321 NH:42 NJ:50 NM:476 NV:436 NY:259 OH:185 OK:285 OR:384 PA:176 RI:4 SC:107 SD:268 TN:146 TX:1014 UT:13 VA:157 VT:33 WI:170 WV:68 WY:398
[11500/13462] swept=10059 skipped=1441 elapsed=58.8m eta=10.0m | AL:241 AR:237 AZ:35 CA:70 CO:512 CT:36 DE:21 FL:257 GA:234 IA:299 ID:355 IL:270 IN:174 KS:411 KY:185 LA:224 MA:49 MD:63 ME:105 MI:216 MN:133 MO:264 MS:163 MT:141 NC:264 NE:321 NH:42 NJ:50 NM:476 NV:436 NY:259 OH:185 OK:285 OR:419 PA:176 RI:4 SC:107 SD:321 TN:146 TX:1014 UT:13 VA:157 VT:33 WI:190 WV:68 WY:398
[11750/13462] swept=10309 skipped=1441 elapsed=60.2m eta=8.8m | AL:241 AR:237 AZ:35 CA:70 CO:512 CT:36 DE:21 FL:257 GA:234 IA:299 ID:366 IL:270 IN:174 KS:411 KY:185 LA:224 MA:49 MD:63 ME:126 MI:251 MN:169 MO:264 MS:163 MT:182 NC:264 ND:29 NE:321 NH:42 NJ:50 NM:476 NV:436 NY:259 OH:185 OK:285 OR:442 PA:176 RI:4 SC:107 SD:324 TN:146 TX:1014 UT:13 VA:157 VT:33 WA:19 WI:222 WV:68 WY:398
[12000/13462] swept=10559 skipped=1441 elapsed=61.6m eta=7.5m | AL:241 AR:237 AZ:35 CA:70 CO:512 CT:36 DE:21 FL:257 GA:234 IA:299 ID:389 IL:270 IN:174 KS:411 KY:185 LA:224 MA:49 MD:63 ME:136 MI:274 MN:187 MO:264 MS:163 MT:264 NC:264 ND:71 NE:321 NH:42 NJ:50 NM:476 NV:436 NY:259 OH:185 OK:285 OR:449 PA:176 RI:4 SC:107 SD:324 TN:146 TX:1014 UT:13 VA:157 VT:33 WA:54 WI:232 WV:68 WY:398
[12250/13462] swept=10809 skipped=1441 elapsed=63.4m eta=6.3m | AL:241 AR:237 AZ:35 CA:70 CO:512 CT:36 DE:21 FL:257 GA:234 IA:299 ID:401 IL:270 IN:174 KS:411 KY:185 LA:224 MA:49 MD:63 ME:155 MI:321 MN:225 MO:264 MS:163 MT:305 NC:264 ND:115 NE:321 NH:42 NJ:50 NM:476 NV:436 NY:259 OH:185 OK:285 OR:449 PA:176 RI:4 SC:107 SD:324 TN:146 TX:1014 UT:13 VA:157 VT:33 WA:89 WI:246 WV:68 WY:398
[12500/13462] swept=11059 skipped=1441 elapsed=64.8m eta=5.0m | AL:241 AR:237 AZ:35 CA:70 CO:512 CT:36 DE:21 FL:257 GA:234 IA:299 ID:420 IL:270 IN:174 KS:411 KY:185 LA:224 MA:49 MD:63 ME:163 MI:333 MN:247 MO:264 MS:163 MT:392 NC:264 ND:163 NE:321 NH:42 NJ:50 NM:476 NV:436 NY:259 OH:185 OK:285 OR:449 PA:176 RI:4 SC:107 SD:324 TN:146 TX:1014 UT:13 VA:157 VT:33 WA:138 WI:251 WV:68 WY:398
[12750/13462] swept=11309 skipped=1441 elapsed=66.1m eta=3.7m | AL:241 AR:237 AZ:35 CA:70 CO:512 CT:36 DE:21 FL:257 GA:234 IA:299 ID:435 IL:270 IN:174 KS:411 KY:185 LA:224 MA:49 MD:63 ME:170 MI:343 MN:295 MO:264 MS:163 MT:467 NC:264 ND:199 NE:321 NH:42 NJ:50 NM:476 NV:436 NY:259 OH:185 OK:285 OR:449 PA:176 RI:4 SC:107 SD:324 TN:146 TX:1014 UT:13 VA:157 VT:33 WA:196 WI:252 WV:68 WY:398
[13000/13462] swept=11559 skipped=1441 elapsed=67.6m eta=2.4m | AL:241 AR:237 AZ:35 CA:70 CO:512 CT:36 DE:21 FL:257 GA:234 IA:299 ID:445 IL:270 IN:174 KS:411 KY:185 LA:224 MA:49 MD:63 ME:170 MI:347 MN:353 MO:264 MS:163 MT:530 NC:264 ND:254 NE:321 NH:42 NJ:50 NM:476 NV:436 NY:259 OH:185 OK:285 OR:449 PA:176 RI:4 SC:107 SD:324 TN:146 TX:1014 UT:13 VA:157 VT:33 WA:256 WI:252 WV:68 WY:398
[13250/13462] swept=11809 skipped=1441 elapsed=69.3m eta=1.1m | AL:241 AR:237 AZ:35 CA:70 CO:512 CT:36 DE:21 FL:257 GA:234 IA:299 ID:451 IL:270 IN:174 KS:411 KY:185 LA:224 MA:49 MD:63 ME:170 MI:350 MN:397 MO:264 MS:163 MT:626 NC:264 ND:308 NE:321 NH:42 NJ:50 NM:476 NV:436 NY:259 OH:185 OK:285 OR:449 PA:176 RI:4 SC:107 SD:324 TN:146 TX:1014 UT:13 VA:157 VT:33 WA:303 WI:252 WV:68 WY:398
[13462/13462] swept=12021 skipped=1441 elapsed=70.4m eta=0.0m | AL:241 AR:237 AZ:35 CA:70 CO:512 CT:36 DE:21 FL:257 GA:234 IA:299 ID:461 IL:270 IN:174 KS:411 KY:185 LA:224 MA:49 MD:63 ME:170 MI:350 MN:423 MO:264 MS:163 MT:722 NC:264 ND:362 NE:321 NH:42 NJ:50 NM:476 NV:436 NY:259 OH:185 OK:285 OR:449 PA:176 RI:4 SC:107 SD:324 TN:146 TX:1014 UT:13 VA:157 VT:33 WA:329 WI:252 WV:68 WY:398

done in 70.5 min: 13462 grids, 12021 swept, 0 already done, 1441 skipped
skip reasons:
   1441  no Haying rates at coverage 0.85
per state (grids / swept / skipped):
  AL    241   241     0
  AR    237   237     0
  AZ    499    35   464
  CA    732    70   662
  CO    512   512     0
  CT     36    36     0
  DE     21    21     0
  FL    257   257     0
  GA    234   234     0
  IA    299   299     0
  ID    461   461     0
  IL    270   270     0
  IN    174   174     0
  KS    411   411     0
  KY    185   185     0
  LA    224   224     0
  MA     49    49     0
  MD     63    63     0
  ME    170   170     0
  MI    350   350     0
  MN    423   423     0
  MO    264   264     0
  MS    163   163     0
  MT    722   722     0
  NC    264   264     0
  ND    362   362     0
  NE    321   321     0
  NH     42    42     0
  NJ     50    50     0
  NM    476   476     0
  NV    436   436     0
  NY    259   259     0
  OH    185   185     0
  OK    285   285     0
  OR    449   449     0
  PA    176   176     0
  RI      4     4     0
  SC    107   107     0
  SD    324   324     0
  TN    146   146     0
  TX   1014  1014     0
  UT    328    13   315
  VA    157   157     0
  VT     33    33     0
  WA    329   329     0
  WI    252   252     0
  WV     68    68     0
  WY    398   398     0
2026-08-06 15:32:36 done  Haying @ 0.85 — prf_opt_best now 115394 rows
2026-08-06 15:32:39 sweep Haying @ 0.90  (have 0 of 12021 rated grids)
CONUS Haying: 13462 PRF grids from prf_grid_county
13462 to score, 0 already in prf_opt_best; estimated 157 min at 0.7 s/grid (~26 min with jobs=6)
[250/13462] swept=250 skipped=0 elapsed=1.8m eta=94.6m | FL:127 TX:123
[500/13462] swept=500 skipped=0 elapsed=3.2m eta=81.8m | FL:174 LA:51 TX:275
[750/13462] swept=750 skipped=0 elapsed=4.5m eta=75.8m | AL:5 FL:228 LA:105 MS:6 TX:406
[1000/13462] swept=992 skipped=8 elapsed=5.9m eta=73.1m | AL:38 AZ:1 FL:257 GA:25 LA:135 MS:20 NM:3 TX:513
[1250/13462] swept=1217 skipped=33 elapsed=7.2m eta=70.4m | AL:66 AZ:3 FL:257 GA:57 LA:156 MS:42 NM:16 TX:620
[1500/13462] swept=1429 skipped=71 elapsed=8.4m eta=67.4m | AL:95 AZ:5 FL:257 GA:90 LA:183 MS:61 NM:54 SC:1 TX:683
[1750/13462] swept=1622 skipped=128 elapsed=9.6m eta=64.4m | AL:117 AZ:6 CA:0 FL:257 GA:105 LA:211 MS:79 NM:88 SC:6 TX:753
[2000/13462] swept=1833 skipped=167 elapsed=10.9m eta=62.5m | AL:139 AR:6 AZ:8 CA:0 FL:257 GA:135 LA:224 MS:89 NM:136 SC:16 TX:823
[2250/13462] swept=2010 skipped=240 elapsed=12.0m eta=59.8m | AL:166 AR:26 AZ:10 CA:0 FL:257 GA:164 LA:224 MS:109 NM:160 SC:36 TX:858
[2500/13462] swept=2220 skipped=280 elapsed=13.2m eta=58.0m | AL:184 AR:55 AZ:11 CA:0 FL:257 GA:178 LA:224 MS:129 NM:208 OK:20 SC:48 TX:906
[2750/13462] swept=2382 skipped=368 elapsed=14.2m eta=55.3m | AL:203 AR:70 AZ:13 CA:0 FL:257 GA:202 LA:224 MS:139 NC:8 NM:232 OK:39 SC:74 TX:921
[3000/13462] swept=2586 skipped=414 elapsed=15.5m eta=53.9m | AL:215 AR:103 AZ:14 CA:0 FL:257 GA:213 LA:224 MS:148 NC:18 NM:280 OK:84 SC:86 TX:944
[3250/13462] swept=2750 skipped=500 elapsed=16.4m eta=51.4m | AL:237 AR:121 AZ:15 CA:1 FL:257 GA:233 LA:224 MS:163 NC:32 NM:304 OK:107 SC:101 TX:955
[3500/13462] swept=2952 skipped=548 elapsed=17.6m eta=50.0m | AL:241 AR:139 AZ:19 CA:4 FL:257 GA:234 LA:224 MS:163 NC:83 NM:352 OK:134 SC:107 TN:18 TX:977
[3750/13462] swept=3152 skipped=598 elapsed=18.7m eta=48.4m | AL:241 AR:176 AZ:21 CA:6 FL:257 GA:234 LA:224 MS:163 NC:119 NM:376 NV:2 OK:176 SC:107 TN:62 TX:988
[4000/13462] swept=3330 skipped=670 elapsed=19.7m eta=46.6m | AL:241 AR:197 AZ:27 CA:10 FL:257 GA:234 LA:224 MS:163 NC:177 NM:400 NV:8 OK:198 SC:107 TN:88 TX:999
[4250/13462] swept=3534 skipped=716 elapsed=21.1m eta=45.7m | AL:241 AR:218 AZ:30 CA:13 FL:257 GA:234 LA:224 MS:163 NC:215 NM:448 NV:15 OK:241 SC:107 TN:114 TX:1014
[4500/13462] swept=3729 skipped=771 elapsed=22.2m eta=44.1m | AL:241 AR:237 AZ:32 CA:15 FL:257 GA:234 KY:25 LA:224 MO:21 MS:163 NC:240 NM:472 NV:24 OK:282 SC:107 TN:141 TX:1014
[4750/13462] swept=3920 skipped=830 elapsed=23.1m eta=42.4m | AL:241 AR:237 AZ:35 CA:20 CO:26 FL:257 GA:234 IL:2 KS:27 KY:56 LA:224 MO:41 MS:163 NC:264 NM:476 NV:37 OK:285 SC:107 TN:146 TX:1014 UT:0 VA:28
[5000/13462] swept=4131 skipped=869 elapsed=24.5m eta=41.4m | AL:241 AR:237 AZ:35 CA:22 CO:82 FL:257 GA:234 IL:7 KS:84 KY:80 LA:224 MO:61 MS:163 NC:264 NM:476 NV:59 OK:285 SC:107 TN:146 TX:1014 UT:0 VA:53
[5250/13462] swept=4329 skipped=921 elapsed=25.6m eta=40.1m | AL:241 AR:237 AZ:35 CA:24 CO:111 FL:257 GA:234 IL:21 KS:117 KY:123 LA:224 MO:99 MS:163 NC:264 NM:476 NV:74 OK:285 SC:107 TN:146 TX:1014 UT:0 VA:77
[5500/13462] swept=4525 skipped=975 elapsed=26.8m eta=38.7m | AL:241 AR:237 AZ:35 CA:29 CO:144 FL:257 GA:234 IL:30 IN:8 KS:147 KY:144 LA:224 MD:2 MO:116 MS:163 NC:264 NM:476 NV:96 OK:285 SC:107 TN:146 TX:1014 UT:0 VA:114 WV:12
[5750/13462] swept=4741 skipped=1009 elapsed=28.0m eta=37.5m | AL:241 AR:237 AZ:35 CA:32 CO:198 FL:257 GA:234 IL:41 IN:16 KS:198 KY:157 LA:224 MD:9 MO:132 MS:163 NC:264 NM:476 NV:127 OK:285 SC:107 TN:146 TX:1014 UT:0 VA:126 WV:22
[6000/13462] swept=4949 skipped=1051 elapsed=29.2m eta=36.3m | AL:241 AR:237 AZ:35 CA:34 CO:227 DE:3 FL:257 GA:234 IL:66 IN:34 KS:237 KY:169 LA:224 MD:16 MO:164 MS:163 NC:264 NM:476 NV:148 OH:1 OK:285 SC:107 TN:146 TX:1014 UT:0 VA:136 WV:31
[6250/13462] swept=5146 skipped=1104 elapsed=30.4m eta=35.0m | AL:241 AR:237 AZ:35 CA:38 CO:256 DE:8 FL:257 GA:234 IL:80 IN:44 KS:267 KY:183 LA:224 MD:23 MO:179 MS:163 NC:264 NJ:1 NM:476 NV:172 OH:10 OK:285 SC:107 TN:146 TX:1014 UT:0 VA:151 WV:51
[6500/13462] swept=5357 skipped=1143 elapsed=31.5m eta=33.8m | AL:241 AR:237 AZ:35 CA:39 CO:302 DE:12 FL:257 GA:234 IL:93 IN:55 KS:297 KY:185 LA:224 MD:38 MO:194 MS:163 NC:264 NJ:4 NM:476 NV:218 OH:21 OK:285 SC:107 TN:146 TX:1014 UT:0 VA:155 WV:61
[6750/13462] swept=5573 skipped=1177 elapsed=32.8m eta=32.6m | AL:241 AR:237 AZ:35 CA:40 CO:343 DE:15 FL:257 GA:234 IL:108 IN:66 KS:355 KY:185 LA:224 MD:49 MO:218 MS:163 NC:264 NJ:8 NM:476 NV:242 OH:36 OK:285 SC:107 TN:146 TX:1014 UT:0 VA:157 WV:68
[7000/13462] swept=5773 skipped=1227 elapsed=34.0m eta=31.3m | AL:241 AR:237 AZ:35 CA:42 CO:372 DE:18 FL:257 GA:234 IL:140 IN:88 KS:384 KY:185 LA:224 MD:63 MO:234 MS:163 NC:264 NJ:13 NM:476 NV:265 OH:56 OK:285 PA:5 SC:107 TN:146 TX:1014 UT:0 VA:157 WV:68
[7250/13462] swept=5969 skipped=1281 elapsed=35.2m eta=30.2m | AL:241 AR:237 AZ:35 CA:44 CO:402 DE:21 FL:257 GA:234 IL:157 IN:99 KS:411 KY:185 LA:224 MD:63 MO:248 MS:163 NC:264 NJ:20 NM:476 NV:291 OH:86 OK:285 PA:34 SC:107 TN:146 TX:1014 UT:0 VA:157 WV:68
[7500/13462] swept=6178 skipped=1322 elapsed=36.4m eta=28.9m | AL:241 AR:237 AZ:35 CA:45 CO:440 DE:21 FL:257 GA:234 IA:2 IL:172 IN:110 KS:411 KY:185 LA:224 MD:63 MO:264 MS:163 NC:264 NE:25 NJ:30 NM:476 NV:334 OH:103 OK:285 PA:65 SC:107 TN:146 TX:1014 UT:0 VA:157 WV:68
[7750/13462] swept=6400 skipped=1350 elapsed=37.8m eta=27.9m | AL:241 AR:237 AZ:35 CA:46 CO:488 DE:21 FL:257 GA:234 IA:24 IL:186 IN:121 KS:411 KY:185 LA:224 MD:63 MO:264 MS:163 NC:264 NE:73 NJ:35 NM:476 NV:357 NY:4 OH:120 OK:285 PA:86 SC:107 TN:146 TX:1014 UT:8 VA:157 WV:68
[8000/13462] swept=6622 skipped=1378 elapsed=39.1m eta=26.7m | AL:241 AR:237 AZ:35 CA:47 CO:512 CT:1 DE:21 FL:257 GA:234 IA:64 IL:212 IN:141 KS:411 KY:185 LA:224 MD:63 MO:264 MS:163 NC:264 NE:97 NJ:41 NM:476 NV:380 NY:10 OH:137 OK:285 PA:107 SC:107 TN:146 TX:1014 UT:10 VA:157 WV:68 WY:11
[8250/13462] swept=6836 skipped=1414 elapsed=40.5m eta=25.6m | AL:241 AR:237 AZ:35 CA:48 CO:512 CT:5 DE:21 FL:257 GA:234 IA:87 IL:224 IN:154 KS:411 KY:185 LA:224 MD:63 MO:264 MS:163 NC:264 NE:129 NJ:47 NM:476 NV:403 NY:13 OH:171 OK:285 PA:142 SC:107 TN:146 TX:1014 UT:11 VA:157 WV:68 WY:38
[8500/13462] swept=7060 skipped=1440 elapsed=41.8m eta=24.4m | AL:241 AR:237 AZ:35 CA:57 CO:512 CT:21 DE:21 FL:257 GA:234 IA:111 IL:235 IN:165 KS:411 KY:185 LA:224 MA:11 MD:63 MI:6 MO:264 MS:163 NC:264 NE:161 NJ:50 NM:476 NV:426 NY:21 OH:181 OK:285 PA:171 RI:3 SC:107 TN:146 TX:1014 UT:12 VA:157 WV:68 WY:65
[8750/13462] swept=7309 skipped=1441 elapsed=43.2m eta=23.3m | AL:241 AR:237 AZ:35 CA:70 CO:512 CT:29 DE:21 FL:257 GA:234 IA:136 ID:48 IL:245 IN:174 KS:411 KY:185 LA:224 MA:17 MD:63 MI:13 MO:264 MS:163 NC:264 NE:193 NJ:50 NM:476 NV:436 NY:45 OH:185 OK:285 OR:20 PA:174 RI:4 SC:107 TN:146 TX:1014 UT:13 VA:157 WV:68 WY:93
[9000/13462] swept=7559 skipped=1441 elapsed=44.6m eta=22.1m | AL:241 AR:237 AZ:35 CA:70 CO:512 CT:36 DE:21 FL:257 GA:234 IA:162 ID:73 IL:255 IN:174 KS:411 KY:185 LA:224 MA:24 MD:63 MI:27 MO:264 MS:163 NC:264 NE:245 NJ:50 NM:476 NV:436 NY:70 OH:185 OK:285 OR:49 PA:176 RI:4 SC:107 TN:146 TX:1014 UT:13 VA:157 WV:68 WY:146
[9250/13462] swept=7809 skipped=1441 elapsed=46.0m eta=20.9m | AL:241 AR:237 AZ:35 CA:70 CO:512 CT:36 DE:21 FL:257 GA:234 IA:212 ID:98 IL:270 IN:174 KS:411 KY:185 LA:224 MA:35 MD:63 MI:48 MO:264 MS:163 NC:264 NE:285 NJ:50 NM:476 NV:436 NY:96 OH:185 OK:285 OR:78 PA:176 RI:4 SC:107 TN:146 TX:1014 UT:13 VA:157 WI:6 WV:68 WY:173
[9500/13462] swept=8059 skipped=1441 elapsed=47.4m eta=19.8m | AL:241 AR:237 AZ:35 CA:70 CO:512 CT:36 DE:21 FL:257 GA:234 IA:235 ID:123 IL:270 IN:174 KS:411 KY:185 LA:224 MA:49 MD:63 MI:71 MO:264 MS:163 NC:264 NE:315 NH:6 NJ:50 NM:476 NV:436 NY:143 OH:185 OK:285 OR:118 PA:176 RI:4 SC:107 TN:146 TX:1014 UT:13 VA:157 VT:2 WI:19 WV:68 WY:200
[9750/13462] swept=8309 skipped=1441 elapsed=48.9m eta=18.6m | AL:241 AR:237 AZ:35 CA:70 CO:512 CT:36 DE:21 FL:257 GA:234 IA:258 ID:173 IL:270 IN:174 KS:411 KY:185 LA:224 MA:49 MD:63 ME:2 MI:88 MO:264 MS:163 NC:264 NE:321 NH:12 NJ:50 NM:476 NV:436 NY:166 OH:185 OK:285 OR:165 PA:176 RI:4 SC:107 SD:24 TN:146 TX:1014 UT:13 VA:157 VT:5 WI:32 WV:68 WY:236
[10000/13462] swept=8559 skipped=1441 elapsed=50.2m eta=17.4m | AL:241 AR:237 AZ:35 CA:70 CO:512 CT:36 DE:21 FL:257 GA:234 IA:285 ID:198 IL:270 IN:174 KS:411 KY:185 LA:224 MA:49 MD:63 ME:5 MI:104 MN:1 MO:264 MS:163 NC:264 NE:321 NH:18 NJ:50 NM:476 NV:436 NY:190 OH:185 OK:285 OR:193 PA:176 RI:4 SC:107 SD:84 TN:146 TX:1014 UT:13 VA:157 VT:7 WI:45 WV:68 WY:281
[10250/13462] swept=8809 skipped=1441 elapsed=51.6m eta=16.2m | AL:241 AR:237 AZ:35 CA:70 CO:512 CT:36 DE:21 FL:257 GA:234 IA:299 ID:223 IL:270 IN:174 KS:411 KY:185 LA:224 MA:49 MD:63 ME:9 MI:137 MN:27 MO:264 MS:163 NC:264 NE:321 NH:24 NJ:50 NM:476 NV:436 NY:216 OH:185 OK:285 OR:221 PA:176 RI:4 SC:107 SD:115 TN:146 TX:1014 UT:13 VA:157 VT:9 WI:73 WV:68 WY:308
[10500/13462] swept=9059 skipped=1441 elapsed=53.0m eta=14.9m | AL:241 AR:237 AZ:35 CA:70 CO:512 CT:36 DE:21 FL:257 GA:234 IA:299 ID:259 IL:270 IN:174 KS:411 KY:185 LA:224 MA:49 MD:63 ME:27 MI:152 MN:48 MO:264 MS:163 NC:264 NE:321 NH:33 NJ:50 NM:476 NV:436 NY:230 OH:185 OK:285 OR:277 PA:176 RI:4 SC:107 SD:146 TN:146 TX:1014 UT:13 VA:157 VT:17 WI:88 WV:68 WY:335
[10750/13462] swept=9309 skipped=1441 elapsed=54.3m eta=13.7m | AL:241 AR:237 AZ:35 CA:70 CO:512 CT:36 DE:21 FL:257 GA:234 IA:299 ID:297 IL:270 IN:174 KS:411 KY:185 LA:224 MA:49 MD:63 ME:41 MI:165 MN:67 MO:264 MS:163 MT:1 NC:264 NE:321 NH:37 NJ:50 NM:476 NV:436 NY:241 OH:185 OK:285 OR:305 PA:176 RI:4 SC:107 SD:192 TN:146 TX:1014 UT:13 VA:157 VT:21 WI:106 WV:68 WY:389
[11000/13462] swept=9559 skipped=1441 elapsed=55.9m eta=12.5m | AL:241 AR:237 AZ:35 CA:70 CO:512 CT:36 DE:21 FL:257 GA:234 IA:299 ID:315 IL:270 IN:174 KS:411 KY:185 LA:224 MA:49 MD:63 ME:58 MI:178 MN:99 MO:264 MS:163 MT:27 NC:264 NE:321 NH:39 NJ:50 NM:476 NV:436 NY:251 OH:185 OK:285 OR:333 PA:176 RI:4 SC:107 SD:238 TN:146 TX:1014 UT:13 VA:157 VT:27 WI:149 WV:68 WY:398
[11250/13462] swept=9809 skipped=1441 elapsed=57.2m eta=11.3m | AL:241 AR:237 AZ:35 CA:70 CO:512 CT:36 DE:21 FL:257 GA:234 IA:299 ID:330 IL:270 IN:174 KS:411 KY:185 LA:224 MA:49 MD:63 ME:92 MI:204 MN:115 MO:264 MS:163 MT:64 NC:264 NE:321 NH:42 NJ:50 NM:476 NV:436 NY:259 OH:185 OK:285 OR:387 PA:176 RI:4 SC:107 SD:268 TN:146 TX:1014 UT:13 VA:157 VT:33 WI:170 WV:68 WY:398
[11500/13462] swept=10059 skipped=1441 elapsed=58.6m eta=10.0m | AL:241 AR:237 AZ:35 CA:70 CO:512 CT:36 DE:21 FL:257 GA:234 IA:299 ID:355 IL:270 IN:174 KS:411 KY:185 LA:224 MA:49 MD:63 ME:105 MI:216 MN:133 MO:264 MS:163 MT:141 NC:264 NE:321 NH:42 NJ:50 NM:476 NV:436 NY:259 OH:185 OK:285 OR:419 PA:176 RI:4 SC:107 SD:321 TN:146 TX:1014 UT:13 VA:157 VT:33 WI:190 WV:68 WY:398
[11750/13462] swept=10309 skipped=1441 elapsed=60.0m eta=8.7m | AL:241 AR:237 AZ:35 CA:70 CO:512 CT:36 DE:21 FL:257 GA:234 IA:299 ID:366 IL:270 IN:174 KS:411 KY:185 LA:224 MA:49 MD:63 ME:126 MI:251 MN:169 MO:264 MS:163 MT:182 NC:264 ND:29 NE:321 NH:42 NJ:50 NM:476 NV:436 NY:259 OH:185 OK:285 OR:442 PA:176 RI:4 SC:107 SD:324 TN:146 TX:1014 UT:13 VA:157 VT:33 WA:19 WI:222 WV:68 WY:398
[12000/13462] swept=10559 skipped=1441 elapsed=61.4m eta=7.5m | AL:241 AR:237 AZ:35 CA:70 CO:512 CT:36 DE:21 FL:257 GA:234 IA:299 ID:389 IL:270 IN:174 KS:411 KY:185 LA:224 MA:49 MD:63 ME:136 MI:274 MN:187 MO:264 MS:163 MT:264 NC:264 ND:71 NE:321 NH:42 NJ:50 NM:476 NV:436 NY:259 OH:185 OK:285 OR:449 PA:176 RI:4 SC:107 SD:324 TN:146 TX:1014 UT:13 VA:157 VT:33 WA:54 WI:232 WV:68 WY:398
[12250/13462] swept=10809 skipped=1441 elapsed=62.8m eta=6.2m | AL:241 AR:237 AZ:35 CA:70 CO:512 CT:36 DE:21 FL:257 GA:234 IA:299 ID:401 IL:270 IN:174 KS:411 KY:185 LA:224 MA:49 MD:63 ME:155 MI:321 MN:225 MO:264 MS:163 MT:305 NC:264 ND:115 NE:321 NH:42 NJ:50 NM:476 NV:436 NY:259 OH:185 OK:285 OR:449 PA:176 RI:4 SC:107 SD:324 TN:146 TX:1014 UT:13 VA:157 VT:33 WA:89 WI:246 WV:68 WY:398
[12500/13462] swept=11059 skipped=1441 elapsed=64.3m eta=4.9m | AL:241 AR:237 AZ:35 CA:70 CO:512 CT:36 DE:21 FL:257 GA:234 IA:299 ID:420 IL:270 IN:174 KS:411 KY:185 LA:224 MA:49 MD:63 ME:163 MI:333 MN:247 MO:264 MS:163 MT:392 NC:264 ND:163 NE:321 NH:42 NJ:50 NM:476 NV:436 NY:259 OH:185 OK:285 OR:449 PA:176 RI:4 SC:107 SD:324 TN:146 TX:1014 UT:13 VA:157 VT:33 WA:138 WI:251 WV:68 WY:398
[12750/13462] swept=11309 skipped=1441 elapsed=65.7m eta=3.7m | AL:241 AR:237 AZ:35 CA:70 CO:512 CT:36 DE:21 FL:257 GA:234 IA:299 ID:435 IL:270 IN:174 KS:411 KY:185 LA:224 MA:49 MD:63 ME:170 MI:343 MN:295 MO:264 MS:163 MT:467 NC:264 ND:199 NE:321 NH:42 NJ:50 NM:476 NV:436 NY:259 OH:185 OK:285 OR:449 PA:176 RI:4 SC:107 SD:324 TN:146 TX:1014 UT:13 VA:157 VT:33 WA:196 WI:252 WV:68 WY:398
[13000/13462] swept=11559 skipped=1441 elapsed=67.1m eta=2.4m | AL:241 AR:237 AZ:35 CA:70 CO:512 CT:36 DE:21 FL:257 GA:234 IA:299 ID:445 IL:270 IN:174 KS:411 KY:185 LA:224 MA:49 MD:63 ME:170 MI:347 MN:353 MO:264 MS:163 MT:530 NC:264 ND:254 NE:321 NH:42 NJ:50 NM:476 NV:436 NY:259 OH:185 OK:285 OR:449 PA:176 RI:4 SC:107 SD:324 TN:146 TX:1014 UT:13 VA:157 VT:33 WA:256 WI:252 WV:68 WY:398
[13250/13462] swept=11809 skipped=1441 elapsed=68.5m eta=1.1m | AL:241 AR:237 AZ:35 CA:70 CO:512 CT:36 DE:21 FL:257 GA:234 IA:299 ID:451 IL:270 IN:174 KS:411 KY:185 LA:224 MA:49 MD:63 ME:170 MI:350 MN:397 MO:264 MS:163 MT:626 NC:264 ND:308 NE:321 NH:42 NJ:50 NM:476 NV:436 NY:259 OH:185 OK:285 OR:449 PA:176 RI:4 SC:107 SD:324 TN:146 TX:1014 UT:13 VA:157 VT:33 WA:303 WI:252 WV:68 WY:398
[13462/13462] swept=12021 skipped=1441 elapsed=69.6m eta=0.0m | AL:241 AR:237 AZ:35 CA:70 CO:512 CT:36 DE:21 FL:257 GA:234 IA:299 ID:461 IL:270 IN:174 KS:411 KY:185 LA:224 MA:49 MD:63 ME:170 MI:350 MN:423 MO:264 MS:163 MT:722 NC:264 ND:362 NE:321 NH:42 NJ:50 NM:476 NV:436 NY:259 OH:185 OK:285 OR:449 PA:176 RI:4 SC:107 SD:324 TN:146 TX:1014 UT:13 VA:157 VT:33 WA:329 WI:252 WV:68 WY:398

done in 69.7 min: 13462 grids, 12021 swept, 0 already done, 1441 skipped
skip reasons:
   1441  no Haying rates at coverage 0.90
per state (grids / swept / skipped):
  AL    241   241     0
  AR    237   237     0
  AZ    499    35   464
  CA    732    70   662
  CO    512   512     0
  CT     36    36     0
  DE     21    21     0
  FL    257   257     0
  GA    234   234     0
  IA    299   299     0
  ID    461   461     0
  IL    270   270     0
  IN    174   174     0
  KS    411   411     0
  KY    185   185     0
  LA    224   224     0
  MA     49    49     0
  MD     63    63     0
  ME    170   170     0
  MI    350   350     0
  MN    423   423     0
  MO    264   264     0
  MS    163   163     0
  MT    722   722     0
  NC    264   264     0
  ND    362   362     0
  NE    321   321     0
  NH     42    42     0
  NJ     50    50     0
  NM    476   476     0
  NV    436   436     0
  NY    259   259     0
  OH    185   185     0
  OK    285   285     0
  OR    449   449     0
  PA    176   176     0
  RI      4     4     0
  SC    107   107     0
  SD    324   324     0
  TN    146   146     0
  TX   1014  1014     0
  UT    328    13   315
  VA    157   157     0
  VT     33    33     0
  WA    329   329     0
  WI    252   252     0
  WV     68    68     0
  WY    398   398     0
2026-08-06 16:42:20 done  Haying @ 0.90 — prf_opt_best now 127415 rows
2026-08-06 16:42:22 sweep Haying-Irrigated @ 0.70  (have 0 of 13462 rated grids)
CONUS Haying-Irrigated: 13462 PRF grids from prf_grid_county
13462 to score, 0 already in prf_opt_best; estimated 157 min at 0.7 s/grid (~26 min with jobs=6)
[250/13462] swept=250 skipped=0 elapsed=1.6m eta=85.7m | FL:127 TX:123
[500/13462] swept=500 skipped=0 elapsed=2.9m eta=76.2m | FL:178 LA:47 TX:275
[750/13462] swept=750 skipped=0 elapsed=4.3m eta=72.4m | AL:5 FL:228 LA:105 MS:6 TX:406
[1000/13462] swept=1000 skipped=0 elapsed=5.7m eta=70.5m | AL:38 AZ:9 FL:257 GA:25 LA:135 MS:20 NM:3 TX:513
[1250/13462] swept=1250 skipped=0 elapsed=7.2m eta=70.2m | AL:66 AZ:36 FL:257 GA:57 LA:156 MS:42 NM:16 TX:620
[1500/13462] swept=1500 skipped=0 elapsed=8.5m eta=68.0m | AL:95 AZ:76 FL:257 GA:90 LA:183 MS:61 NM:54 SC:1 TX:683
[1750/13462] swept=1750 skipped=0 elapsed=9.7m eta=65.2m | AL:125 AZ:106 CA:18 FL:257 GA:107 LA:211 MS:79 NM:88 SC:6 TX:753
[2000/13462] swept=2000 skipped=0 elapsed=11.1m eta=63.4m | AL:139 AR:6 AZ:145 CA:30 FL:257 GA:135 LA:224 MS:89 NM:136 SC:16 TX:823
[2250/13462] swept=2250 skipped=0 elapsed=12.3m eta=61.4m | AL:166 AR:26 AZ:189 CA:59 FL:257 GA:164 LA:224 MS:109 NM:162 SC:36 TX:858
[2500/13462] swept=2500 skipped=0 elapsed=13.6m eta=59.8m | AL:180 AR:55 AZ:214 CA:80 FL:257 GA:178 LA:224 MS:129 NC:1 NM:208 OK:20 SC:48 TX:906
[2750/13462] swept=2750 skipped=0 elapsed=14.8m eta=57.7m | AL:203 AR:70 AZ:256 CA:123 FL:257 GA:202 LA:224 MS:139 NC:10 NM:232 OK:39 SC:74 TX:921
[3000/13462] swept=3000 skipped=0 elapsed=16.1m eta=56.0m | AL:215 AR:103 AZ:281 CA:147 FL:257 GA:213 LA:224 MS:148 NC:18 NM:280 OK:84 SC:86 TX:944
[3250/13462] swept=3250 skipped=0 elapsed=17.3m eta=54.5m | AL:237 AR:121 AZ:304 CA:196 FL:257 GA:233 LA:224 MS:163 NC:42 NM:304 OK:107 SC:107 TX:955
[3500/13462] swept=3500 skipped=0 elapsed=18.7m eta=53.2m | AL:241 AR:139 AZ:350 CA:221 FL:257 GA:234 LA:224 MS:163 NC:83 NM:352 OK:134 SC:107 TN:18 TX:977
[3750/13462] swept=3750 skipped=0 elapsed=19.9m eta=51.6m | AL:241 AR:176 AZ:373 CA:252 FL:257 GA:234 LA:224 MS:163 NC:119 NM:376 NV:2 OK:176 SC:107 TN:62 TX:988
[4000/13462] swept=4000 skipped=0 elapsed=21.2m eta=50.1m | AL:241 AR:197 AZ:405 CA:294 FL:257 GA:234 LA:224 MS:163 NC:185 NM:400 NV:8 OK:198 SC:107 TN:88 TX:999
[4250/13462] swept=4250 skipped=0 elapsed=22.5m eta=48.8m | AL:241 AR:218 AZ:441 CA:318 FL:257 GA:234 LA:224 MS:163 NC:215 NM:448 NV:15 OK:241 SC:107 TN:114 TX:1014
[4500/13462] swept=4500 skipped=0 elapsed=23.8m eta=47.4m | AL:241 AR:237 AZ:462 CA:356 FL:257 GA:234 KY:25 LA:224 MO:21 MS:163 NC:240 NM:472 NV:24 OK:282 SC:107 TN:141 TX:1014
[4750/13462] swept=4750 skipped=0 elapsed=25.1m eta=46.1m | AL:241 AR:237 AZ:495 CA:384 CO:24 FL:257 GA:234 IL:2 KS:27 KY:56 LA:224 MO:41 MS:163 NC:264 NM:476 NV:45 OK:285 SC:107 TN:146 TX:1014 VA:28
[5000/13462] swept=5000 skipped=0 elapsed=26.5m eta=44.9m | AL:241 AR:237 AZ:499 CA:404 CO:82 FL:257 GA:234 IL:7 KS:84 KY:80 LA:224 MO:61 MS:163 NC:264 NM:476 NV:59 OK:285 SC:107 TN:146 TX:1014 UT:23 VA:53
[5250/13462] swept=5250 skipped=0 elapsed=27.9m eta=43.7m | AL:241 AR:237 AZ:499 CA:433 CO:111 FL:257 GA:234 IL:21 KS:117 KY:129 LA:224 MO:99 MS:163 NC:264 NM:476 NV:74 OK:285 SC:107 TN:146 TX:1014 UT:42 VA:77
[5500/13462] swept=5500 skipped=0 elapsed=29.3m eta=42.5m | AL:241 AR:237 AZ:499 CA:460 CO:140 FL:257 GA:234 IL:30 IN:8 KS:147 KY:144 LA:224 MD:2 MO:116 MS:163 NC:264 NM:476 NV:108 OK:285 SC:107 TN:146 TX:1014 UT:72 VA:114 WV:12
[5750/13462] swept=5750 skipped=0 elapsed=30.7m eta=41.2m | AL:241 AR:237 AZ:499 CA:478 CO:198 FL:257 GA:234 IL:41 IN:16 KS:198 KY:157 LA:224 MD:9 MO:132 MS:163 NC:264 NM:476 NV:127 OK:285 SC:107 TN:146 TX:1014 UT:99 VA:126 WV:22
[6000/13462] swept=6000 skipped=0 elapsed=31.9m eta=39.7m | AL:241 AR:237 AZ:499 CA:503 CO:227 DE:3 FL:257 GA:234 IL:66 IN:34 KS:237 KY:169 LA:224 MD:16 MO:164 MS:163 NC:264 NM:476 NV:148 OH:1 OK:285 SC:107 TN:146 TX:1014 UT:118 VA:136 WV:31
[6250/13462] swept=6250 skipped=0 elapsed=33.1m eta=38.2m | AL:241 AR:237 AZ:499 CA:527 CO:256 DE:9 FL:257 GA:234 IL:80 IN:44 KS:267 KY:183 LA:224 MD:30 MO:179 MS:163 NC:264 NJ:1 NM:476 NV:178 OH:10 OK:285 SC:107 TN:146 TX:1014 UT:137 VA:151 WV:51
[6500/13462] swept=6500 skipped=0 elapsed=34.2m eta=36.6m | AL:241 AR:237 AZ:499 CA:543 CO:302 DE:12 FL:257 GA:234 IL:93 IN:55 KS:297 KY:185 LA:224 MD:38 MO:194 MS:163 NC:264 NJ:4 NM:476 NV:218 OH:21 OK:285 SC:107 TN:146 TX:1014 UT:175 VA:155 WV:61
[6750/13462] swept=6750 skipped=0 elapsed=35.4m eta=35.2m | AL:241 AR:237 AZ:499 CA:559 CO:343 DE:15 FL:257 GA:234 IL:113 IN:66 KS:355 KY:185 LA:224 MD:49 MO:213 MS:163 NC:264 NJ:8 NM:476 NV:242 OH:36 OK:285 SC:107 TN:146 TX:1014 UT:194 VA:157 WV:68
[7000/13462] swept=7000 skipped=0 elapsed=36.5m eta=33.7m | AL:241 AR:237 AZ:499 CA:584 CO:372 DE:18 FL:257 GA:234 IL:140 IN:88 KS:384 KY:185 LA:224 MD:63 MO:234 MS:163 NC:264 NJ:13 NM:476 NV:265 OH:64 OK:285 PA:5 SC:107 TN:146 TX:1014 UT:213 VA:157 WV:68
[7250/13462] swept=7250 skipped=0 elapsed=37.6m eta=32.2m | AL:241 AR:237 AZ:499 CA:614 CO:401 DE:21 FL:257 GA:234 IL:157 IN:99 KS:411 KY:185 LA:224 MD:63 MO:248 MS:163 NC:264 NJ:24 NM:476 NV:293 OH:86 OK:285 PA:44 SC:107 TN:146 TX:1014 UT:232 VA:157 WV:68
[7500/13462] swept=7500 skipped=0 elapsed=38.8m eta=30.8m | AL:241 AR:237 AZ:499 CA:633 CO:440 DE:21 FL:257 GA:234 IA:2 IL:172 IN:110 KS:411 KY:185 LA:224 MD:63 MO:264 MS:163 NC:264 NE:25 NJ:30 NM:476 NV:334 OH:103 OK:285 PA:65 SC:107 TN:146 TX:1014 UT:270 VA:157 WV:68
[7750/13462] swept=7750 skipped=0 elapsed=40.6m eta=29.9m | AL:241 AR:237 AZ:499 CA:651 CO:488 DE:21 FL:257 GA:234 IA:24 IL:186 IN:121 KS:411 KY:185 LA:224 MD:63 MO:264 MS:163 NC:264 NE:73 NJ:35 NM:476 NV:357 NY:4 OH:120 OK:285 PA:86 SC:107 TN:146 TX:1014 UT:289 VA:157 WV:68
[8000/13462] swept=8000 skipped=0 elapsed=42.3m eta=28.9m | AL:241 AR:237 AZ:499 CA:669 CO:512 CT:1 DE:21 FL:257 GA:234 IA:64 IL:212 IN:141 KS:411 KY:185 LA:224 MD:63 MO:264 MS:163 NC:264 NE:97 NJ:41 NM:476 NV:380 NY:10 OH:137 OK:285 PA:107 SC:107 TN:146 TX:1014 UT:302 VA:157 WV:68 WY:11
[8250/13462] swept=8250 skipped=0 elapsed=43.6m eta=27.5m | AL:241 AR:237 AZ:499 CA:687 CO:512 CT:5 DE:21 FL:257 GA:234 IA:87 IL:224 IN:154 KS:411 KY:185 LA:224 MD:63 MO:264 MS:163 NC:264 NE:129 NJ:47 NM:476 NV:403 NY:13 OH:171 OK:285 PA:150 SC:107 TN:146 TX:1014 UT:314 VA:157 WV:68 WY:38
[8500/13462] swept=8500 skipped=0 elapsed=44.8m eta=26.2m | AL:241 AR:237 AZ:499 CA:719 CO:512 CT:21 DE:21 FL:257 GA:234 IA:111 IL:235 IN:165 KS:411 KY:185 LA:224 MA:11 MD:63 MI:6 MO:264 MS:163 NC:264 NE:161 NJ:50 NM:476 NV:426 NY:21 OH:181 OK:285 PA:171 RI:3 SC:107 TN:146 TX:1014 UT:326 VA:157 WV:68 WY:65
[8750/13462] swept=8750 skipped=0 elapsed=46.0m eta=24.8m | AL:241 AR:237 AZ:499 CA:732 CO:512 CT:29 DE:21 FL:257 GA:234 IA:136 ID:48 IL:245 IN:174 KS:411 KY:185 LA:224 MA:17 MD:63 MI:13 MO:264 MS:163 NC:264 NE:193 NJ:50 NM:476 NV:436 NY:45 OH:185 OK:285 OR:20 PA:174 RI:4 SC:107 TN:146 TX:1014 UT:328 VA:157 WV:68 WY:93
[9000/13462] swept=9000 skipped=0 elapsed=47.2m eta=23.4m | AL:241 AR:237 AZ:499 CA:732 CO:512 CT:36 DE:21 FL:257 GA:234 IA:162 ID:73 IL:255 IN:174 KS:411 KY:185 LA:224 MA:24 MD:63 MI:27 MO:264 MS:163 NC:264 NE:245 NJ:50 NM:476 NV:436 NY:70 OH:185 OK:285 OR:49 PA:176 RI:4 SC:107 TN:146 TX:1014 UT:328 VA:157 WV:68 WY:146
[9250/13462] swept=9250 skipped=0 elapsed=48.4m eta=22.0m | AL:241 AR:237 AZ:499 CA:732 CO:512 CT:36 DE:21 FL:257 GA:234 IA:212 ID:98 IL:270 IN:174 KS:411 KY:185 LA:224 MA:35 MD:63 MI:48 MO:264 MS:163 NC:264 NE:285 NJ:50 NM:476 NV:436 NY:96 OH:185 OK:285 OR:78 PA:176 RI:4 SC:107 TN:146 TX:1014 UT:328 VA:157 WI:6 WV:68 WY:173
[9500/13462] swept=9500 skipped=0 elapsed=49.6m eta=20.7m | AL:241 AR:237 AZ:499 CA:732 CO:512 CT:36 DE:21 FL:257 GA:234 IA:235 ID:123 IL:270 IN:174 KS:411 KY:185 LA:224 MA:49 MD:63 MI:71 MO:264 MS:163 NC:264 NE:315 NH:6 NJ:50 NM:476 NV:436 NY:143 OH:185 OK:285 OR:118 PA:176 RI:4 SC:107 TN:146 TX:1014 UT:328 VA:157 VT:2 WI:19 WV:68 WY:200
[9750/13462] swept=9750 skipped=0 elapsed=50.8m eta=19.3m | AL:241 AR:237 AZ:499 CA:732 CO:512 CT:36 DE:21 FL:257 GA:234 IA:258 ID:173 IL:270 IN:174 KS:411 KY:185 LA:224 MA:49 MD:63 ME:2 MI:88 MO:264 MS:163 NC:264 NE:321 NH:12 NJ:50 NM:476 NV:436 NY:166 OH:185 OK:285 OR:165 PA:176 RI:4 SC:107 SD:24 TN:146 TX:1014 UT:328 VA:157 VT:5 WI:32 WV:68 WY:236
[10000/13462] swept=10000 skipped=0 elapsed=51.9m eta=18.0m | AL:241 AR:237 AZ:499 CA:732 CO:512 CT:36 DE:21 FL:257 GA:234 IA:285 ID:198 IL:270 IN:174 KS:411 KY:185 LA:224 MA:49 MD:63 ME:5 MI:104 MN:1 MO:264 MS:163 NC:264 NE:321 NH:18 NJ:50 NM:476 NV:436 NY:190 OH:185 OK:285 OR:193 PA:176 RI:4 SC:107 SD:84 TN:146 TX:1014 UT:328 VA:157 VT:7 WI:45 WV:68 WY:281
[10250/13462] swept=10250 skipped=0 elapsed=53.3m eta=16.7m | AL:241 AR:237 AZ:499 CA:732 CO:512 CT:36 DE:21 FL:257 GA:234 IA:299 ID:223 IL:270 IN:174 KS:411 KY:185 LA:224 MA:49 MD:63 ME:9 MI:137 MN:27 MO:264 MS:163 NC:264 NE:321 NH:24 NJ:50 NM:476 NV:436 NY:216 OH:185 OK:285 OR:221 PA:176 RI:4 SC:107 SD:115 TN:146 TX:1014 UT:328 VA:157 VT:9 WI:73 WV:68 WY:308
[10500/13462] swept=10500 skipped=0 elapsed=54.6m eta=15.4m | AL:241 AR:237 AZ:499 CA:732 CO:512 CT:36 DE:21 FL:257 GA:234 IA:299 ID:259 IL:270 IN:174 KS:411 KY:185 LA:224 MA:49 MD:63 ME:27 MI:152 MN:48 MO:264 MS:163 NC:264 NE:321 NH:33 NJ:50 NM:476 NV:436 NY:230 OH:185 OK:285 OR:277 PA:176 RI:4 SC:107 SD:146 TN:146 TX:1014 UT:328 VA:157 VT:17 WI:88 WV:68 WY:335
[10750/13462] swept=10750 skipped=0 elapsed=55.9m eta=14.1m | AL:241 AR:237 AZ:499 CA:732 CO:512 CT:36 DE:21 FL:257 GA:234 IA:299 ID:297 IL:270 IN:174 KS:411 KY:185 LA:224 MA:49 MD:63 ME:41 MI:165 MN:67 MO:264 MS:163 MT:1 NC:264 NE:321 NH:37 NJ:50 NM:476 NV:436 NY:241 OH:185 OK:285 OR:305 PA:176 RI:4 SC:107 SD:192 TN:146 TX:1014 UT:328 VA:157 VT:21 WI:106 WV:68 WY:389
[11000/13462] swept=11000 skipped=0 elapsed=57.3m eta=12.8m | AL:241 AR:237 AZ:499 CA:732 CO:512 CT:36 DE:21 FL:257 GA:234 IA:299 ID:315 IL:270 IN:174 KS:411 KY:185 LA:224 MA:49 MD:63 ME:58 MI:178 MN:99 MO:264 MS:163 MT:27 NC:264 NE:321 NH:39 NJ:50 NM:476 NV:436 NY:251 OH:185 OK:285 OR:333 PA:176 RI:4 SC:107 SD:238 TN:146 TX:1014 UT:328 VA:157 VT:27 WI:149 WV:68 WY:398
[11250/13462] swept=11250 skipped=0 elapsed=58.7m eta=11.5m | AL:241 AR:237 AZ:499 CA:732 CO:512 CT:36 DE:21 FL:257 GA:234 IA:299 ID:330 IL:270 IN:174 KS:411 KY:185 LA:224 MA:49 MD:63 ME:92 MI:204 MN:115 MO:264 MS:163 MT:64 NC:264 NE:321 NH:42 NJ:50 NM:476 NV:436 NY:259 OH:185 OK:285 OR:387 PA:176 RI:4 SC:107 SD:268 TN:146 TX:1014 UT:328 VA:157 VT:33 WI:170 WV:68 WY:398
[11500/13462] swept=11500 skipped=0 elapsed=60.0m eta=10.2m | AL:241 AR:237 AZ:499 CA:732 CO:512 CT:36 DE:21 FL:257 GA:234 IA:299 ID:355 IL:270 IN:174 KS:411 KY:185 LA:224 MA:49 MD:63 ME:105 MI:216 MN:133 MO:264 MS:163 MT:141 NC:264 NE:321 NH:42 NJ:50 NM:476 NV:436 NY:259 OH:185 OK:285 OR:419 PA:176 RI:4 SC:107 SD:321 TN:146 TX:1014 UT:328 VA:157 VT:33 WI:190 WV:68 WY:398
[11750/13462] swept=11750 skipped=0 elapsed=61.3m eta=8.9m | AL:241 AR:237 AZ:499 CA:732 CO:512 CT:36 DE:21 FL:257 GA:234 IA:299 ID:366 IL:270 IN:174 KS:411 KY:185 LA:224 MA:49 MD:63 ME:126 MI:251 MN:169 MO:264 MS:163 MT:182 NC:264 ND:29 NE:321 NH:42 NJ:50 NM:476 NV:436 NY:259 OH:185 OK:285 OR:442 PA:176 RI:4 SC:107 SD:324 TN:146 TX:1014 UT:328 VA:157 VT:33 WA:19 WI:222 WV:68 WY:398
[12000/13462] swept=12000 skipped=0 elapsed=62.6m eta=7.6m | AL:241 AR:237 AZ:499 CA:732 CO:512 CT:36 DE:21 FL:257 GA:234 IA:299 ID:389 IL:270 IN:174 KS:411 KY:185 LA:224 MA:49 MD:63 ME:136 MI:274 MN:187 MO:264 MS:163 MT:264 NC:264 ND:71 NE:321 NH:42 NJ:50 NM:476 NV:436 NY:259 OH:185 OK:285 OR:449 PA:176 RI:4 SC:107 SD:324 TN:146 TX:1014 UT:328 VA:157 VT:33 WA:54 WI:232 WV:68 WY:398
[12250/13462] swept=12250 skipped=0 elapsed=64.0m eta=6.3m | AL:241 AR:237 AZ:499 CA:732 CO:512 CT:36 DE:21 FL:257 GA:234 IA:299 ID:401 IL:270 IN:174 KS:411 KY:185 LA:224 MA:49 MD:63 ME:155 MI:321 MN:225 MO:264 MS:163 MT:305 NC:264 ND:115 NE:321 NH:42 NJ:50 NM:476 NV:436 NY:259 OH:185 OK:285 OR:449 PA:176 RI:4 SC:107 SD:324 TN:146 TX:1014 UT:328 VA:157 VT:33 WA:89 WI:246 WV:68 WY:398
[12500/13462] swept=12500 skipped=0 elapsed=65.4m eta=5.0m | AL:241 AR:237 AZ:499 CA:732 CO:512 CT:36 DE:21 FL:257 GA:234 IA:299 ID:420 IL:270 IN:174 KS:411 KY:185 LA:224 MA:49 MD:63 ME:163 MI:333 MN:247 MO:264 MS:163 MT:392 NC:264 ND:163 NE:321 NH:42 NJ:50 NM:476 NV:436 NY:259 OH:185 OK:285 OR:449 PA:176 RI:4 SC:107 SD:324 TN:146 TX:1014 UT:328 VA:157 VT:33 WA:138 WI:251 WV:68 WY:398
[12750/13462] swept=12750 skipped=0 elapsed=66.9m eta=3.7m | AL:241 AR:237 AZ:499 CA:732 CO:512 CT:36 DE:21 FL:257 GA:234 IA:299 ID:435 IL:270 IN:174 KS:411 KY:185 LA:224 MA:49 MD:63 ME:170 MI:343 MN:295 MO:264 MS:163 MT:467 NC:264 ND:199 NE:321 NH:42 NJ:50 NM:476 NV:436 NY:259 OH:185 OK:285 OR:449 PA:176 RI:4 SC:107 SD:324 TN:146 TX:1014 UT:328 VA:157 VT:33 WA:196 WI:252 WV:68 WY:398
[13000/13462] swept=13000 skipped=0 elapsed=68.3m eta=2.4m | AL:241 AR:237 AZ:499 CA:732 CO:512 CT:36 DE:21 FL:257 GA:234 IA:299 ID:445 IL:270 IN:174 KS:411 KY:185 LA:224 MA:49 MD:63 ME:170 MI:347 MN:353 MO:264 MS:163 MT:530 NC:264 ND:254 NE:321 NH:42 NJ:50 NM:476 NV:436 NY:259 OH:185 OK:285 OR:449 PA:176 RI:4 SC:107 SD:324 TN:146 TX:1014 UT:328 VA:157 VT:33 WA:256 WI:252 WV:68 WY:398
[13250/13462] swept=13250 skipped=0 elapsed=69.9m eta=1.1m | AL:241 AR:237 AZ:499 CA:732 CO:512 CT:36 DE:21 FL:257 GA:234 IA:299 ID:451 IL:270 IN:174 KS:411 KY:185 LA:224 MA:49 MD:63 ME:170 MI:350 MN:397 MO:264 MS:163 MT:626 NC:264 ND:308 NE:321 NH:42 NJ:50 NM:476 NV:436 NY:259 OH:185 OK:285 OR:449 PA:176 RI:4 SC:107 SD:324 TN:146 TX:1014 UT:328 VA:157 VT:33 WA:303 WI:252 WV:68 WY:398
[13462/13462] swept=13462 skipped=0 elapsed=71.0m eta=0.0m | AL:241 AR:237 AZ:499 CA:732 CO:512 CT:36 DE:21 FL:257 GA:234 IA:299 ID:461 IL:270 IN:174 KS:411 KY:185 LA:224 MA:49 MD:63 ME:170 MI:350 MN:423 MO:264 MS:163 MT:722 NC:264 ND:362 NE:321 NH:42 NJ:50 NM:476 NV:436 NY:259 OH:185 OK:285 OR:449 PA:176 RI:4 SC:107 SD:324 TN:146 TX:1014 UT:328 VA:157 VT:33 WA:329 WI:252 WV:68 WY:398

done in 71.1 min: 13462 grids, 13462 swept, 0 already done, 0 skipped
per state (grids / swept / skipped):
  AL    241   241     0
  AR    237   237     0
  AZ    499   499     0
  CA    732   732     0
  CO    512   512     0
  CT     36    36     0
  DE     21    21     0
  FL    257   257     0
  GA    234   234     0
  IA    299   299     0
  ID    461   461     0
  IL    270   270     0
  IN    174   174     0
  KS    411   411     0
  KY    185   185     0
  LA    224   224     0
  MA     49    49     0
  MD     63    63     0
  ME    170   170     0
  MI    350   350     0
  MN    423   423     0
  MO    264   264     0
  MS    163   163     0
  MT    722   722     0
  NC    264   264     0
  ND    362   362     0
  NE    321   321     0
  NH     42    42     0
  NJ     50    50     0
  NM    476   476     0
  NV    436   436     0
  NY    259   259     0
  OH    185   185     0
  OK    285   285     0
  OR    449   449     0
  PA    176   176     0
  RI      4     4     0
  SC    107   107     0
  SD    324   324     0
  TN    146   146     0
  TX   1014  1014     0
  UT    328   328     0
  VA    157   157     0
  VT     33    33     0
  WA    329   329     0
  WI    252   252     0
  WV     68    68     0
  WY    398   398     0
2026-08-06 17:53:28 done  Haying-Irrigated @ 0.70 — prf_opt_best now 140877 rows
2026-08-06 17:53:31 sweep Haying-Irrigated @ 0.75  (have 0 of 13462 rated grids)
CONUS Haying-Irrigated: 13462 PRF grids from prf_grid_county
13462 to score, 0 already in prf_opt_best; estimated 157 min at 0.7 s/grid (~26 min with jobs=6)
[250/13462] swept=250 skipped=0 elapsed=1.7m eta=90.1m | FL:127 TX:123
[500/13462] swept=500 skipped=0 elapsed=3.1m eta=81.2m | FL:174 LA:51 TX:275
[750/13462] swept=750 skipped=0 elapsed=4.6m eta=77.8m | AL:5 FL:228 LA:105 MS:6 TX:406
[1000/13462] swept=1000 skipped=0 elapsed=6.1m eta=75.6m | AL:38 AZ:9 FL:257 GA:25 LA:135 MS:20 NM:3 TX:513
[1250/13462] swept=1250 skipped=0 elapsed=7.7m eta=75.1m | AL:66 AZ:36 FL:257 GA:57 LA:156 MS:42 NM:16 TX:620
[1500/13462] swept=1500 skipped=0 elapsed=9.1m eta=72.4m | AL:95 AZ:76 FL:257 GA:90 LA:183 MS:61 NM:54 SC:1 TX:683
[1750/13462] swept=1750 skipped=0 elapsed=10.3m eta=69.1m | AL:125 AZ:108 CA:18 FL:257 GA:105 LA:211 MS:79 NM:88 SC:6 TX:753
[2000/13462] swept=2000 skipped=0 elapsed=11.7m eta=66.9m | AL:139 AR:6 AZ:145 CA:30 FL:257 GA:135 LA:224 MS:89 NM:136 SC:16 TX:823
[2250/13462] swept=2250 skipped=0 elapsed=12.9m eta=64.5m | AL:166 AR:26 AZ:191 CA:59 FL:257 GA:164 LA:224 MS:109 NM:160 SC:36 TX:858
[2500/13462] swept=2500 skipped=0 elapsed=14.2m eta=62.4m | AL:184 AR:55 AZ:214 CA:77 FL:257 GA:178 LA:224 MS:129 NM:208 OK:20 SC:48 TX:906
[2750/13462] swept=2750 skipped=0 elapsed=15.4m eta=60.2m | AL:203 AR:70 AZ:256 CA:123 FL:257 GA:202 LA:224 MS:139 NC:10 NM:232 OK:39 SC:74 TX:921
[3000/13462] swept=3000 skipped=0 elapsed=16.7m eta=58.2m | AL:215 AR:103 AZ:281 CA:147 FL:257 GA:213 LA:224 MS:148 NC:18 NM:280 OK:84 SC:86 TX:944
[3250/13462] swept=3250 skipped=0 elapsed=18.0m eta=56.7m | AL:237 AR:121 AZ:304 CA:196 FL:257 GA:233 LA:224 MS:163 NC:42 NM:304 OK:107 SC:107 TX:955
[3500/13462] swept=3500 skipped=0 elapsed=19.4m eta=55.2m | AL:241 AR:139 AZ:350 CA:221 FL:257 GA:234 LA:224 MS:163 NC:83 NM:352 OK:134 SC:107 TN:18 TX:977
[3750/13462] swept=3750 skipped=0 elapsed=20.6m eta=53.5m | AL:241 AR:176 AZ:373 CA:252 FL:257 GA:234 LA:224 MS:163 NC:119 NM:376 NV:2 OK:176 SC:107 TN:62 TX:988
[4000/13462] swept=4000 skipped=0 elapsed=21.9m eta=51.8m | AL:241 AR:197 AZ:405 CA:294 FL:257 GA:234 LA:224 MS:163 NC:185 NM:400 NV:8 OK:198 SC:107 TN:88 TX:999
[4250/13462] swept=4250 skipped=0 elapsed=23.2m eta=50.3m | AL:241 AR:218 AZ:441 CA:318 FL:257 GA:234 LA:224 MS:163 NC:215 NM:448 NV:15 OK:241 SC:107 TN:114 TX:1014
[4500/13462] swept=4500 skipped=0 elapsed=24.5m eta=48.8m | AL:241 AR:237 AZ:462 CA:356 FL:257 GA:234 KY:25 LA:224 MO:21 MS:163 NC:240 NM:472 NV:24 OK:282 SC:107 TN:141 TX:1014
[4750/13462] swept=4750 skipped=0 elapsed=25.8m eta=47.3m | AL:241 AR:237 AZ:495 CA:384 CO:24 FL:257 GA:234 IL:2 KS:27 KY:56 LA:224 MO:41 MS:163 NC:264 NM:476 NV:45 OK:285 SC:107 TN:146 TX:1014 VA:28
[5000/13462] swept=5000 skipped=0 elapsed=27.2m eta=46.0m | AL:241 AR:237 AZ:499 CA:404 CO:82 FL:257 GA:234 IL:7 KS:84 KY:80 LA:224 MO:61 MS:163 NC:264 NM:476 NV:59 OK:285 SC:107 TN:146 TX:1014 UT:23 VA:53
[5250/13462] swept=5250 skipped=0 elapsed=28.6m eta=44.8m | AL:241 AR:237 AZ:499 CA:431 CO:111 FL:257 GA:234 IL:21 KS:117 KY:129 LA:224 MO:99 MS:163 NC:264 NM:476 NV:74 OK:285 SC:107 TN:146 TX:1014 UT:42 VA:77 WV:2
[5500/13462] swept=5500 skipped=0 elapsed=30.0m eta=43.4m | AL:241 AR:237 AZ:499 CA:460 CO:140 FL:257 GA:234 IL:30 IN:8 KS:147 KY:144 LA:224 MD:2 MO:116 MS:163 NC:264 NM:476 NV:108 OK:285 SC:107 TN:146 TX:1014 UT:72 VA:114 WV:12
[5750/13462] swept=5750 skipped=0 elapsed=31.4m eta=42.1m | AL:241 AR:237 AZ:499 CA:478 CO:198 FL:257 GA:234 IL:41 IN:16 KS:198 KY:157 LA:224 MD:9 MO:132 MS:163 NC:264 NM:476 NV:127 OK:285 SC:107 TN:146 TX:1014 UT:99 VA:126 WV:22
[6000/13462] swept=6000 skipped=0 elapsed=32.8m eta=40.8m | AL:241 AR:237 AZ:499 CA:495 CO:227 DE:3 FL:257 GA:234 IL:66 IN:34 KS:237 KY:177 LA:224 MD:16 MO:164 MS:163 NC:264 NM:476 NV:148 OH:1 OK:285 SC:107 TN:146 TX:1014 UT:118 VA:136 WV:31
[6250/13462] swept=6250 skipped=0 elapsed=34.2m eta=39.5m | AL:241 AR:237 AZ:499 CA:527 CO:256 DE:9 FL:257 GA:234 IL:80 IN:44 KS:267 KY:183 LA:224 MD:30 MO:179 MS:163 NC:264 NJ:1 NM:476 NV:178 OH:10 OK:285 SC:107 TN:146 TX:1014 UT:137 VA:151 WV:51
[6500/13462] swept=6500 skipped=0 elapsed=35.6m eta=38.1m | AL:241 AR:237 AZ:499 CA:543 CO:302 DE:12 FL:257 GA:234 IL:93 IN:55 KS:297 KY:185 LA:224 MD:38 MO:194 MS:163 NC:264 NJ:4 NM:476 NV:218 OH:21 OK:285 SC:107 TN:146 TX:1014 UT:175 VA:155 WV:61
[6750/13462] swept=6750 skipped=0 elapsed=37.0m eta=36.7m | AL:241 AR:237 AZ:499 CA:559 CO:343 DE:15 FL:257 GA:234 IL:108 IN:66 KS:355 KY:185 LA:224 MD:49 MO:218 MS:163 NC:264 NJ:8 NM:476 NV:242 OH:36 OK:285 SC:107 TN:146 TX:1014 UT:194 VA:157 WV:68
[7000/13462] swept=7000 skipped=0 elapsed=38.3m eta=35.3m | AL:241 AR:237 AZ:499 CA:584 CO:372 DE:18 FL:257 GA:234 IL:140 IN:88 KS:384 KY:185 LA:224 MD:63 MO:234 MS:163 NC:264 NJ:13 NM:476 NV:265 OH:64 OK:285 PA:5 SC:107 TN:146 TX:1014 UT:213 VA:157 WV:68
[7250/13462] swept=7250 skipped=0 elapsed=39.7m eta=34.0m | AL:241 AR:237 AZ:499 CA:614 CO:401 DE:21 FL:257 GA:234 IL:157 IN:99 KS:411 KY:185 LA:224 MD:63 MO:248 MS:163 NC:264 NJ:24 NM:476 NV:293 OH:86 OK:285 PA:44 SC:107 TN:146 TX:1014 UT:232 VA:157 WV:68
[7500/13462] swept=7500 skipped=0 elapsed=41.1m eta=32.7m | AL:241 AR:237 AZ:499 CA:633 CO:440 DE:21 FL:257 GA:234 IA:2 IL:172 IN:110 KS:411 KY:185 LA:224 MD:63 MO:264 MS:163 NC:264 NE:25 NJ:30 NM:476 NV:334 OH:103 OK:285 PA:65 SC:107 TN:146 TX:1014 UT:270 VA:157 WV:68
[7750/13462] swept=7750 skipped=0 elapsed=42.4m eta=31.3m | AL:241 AR:237 AZ:499 CA:651 CO:488 DE:21 FL:257 GA:234 IA:24 IL:186 IN:121 KS:411 KY:185 LA:224 MD:63 MO:264 MS:163 NC:264 NE:73 NJ:35 NM:476 NV:357 NY:4 OH:120 OK:285 PA:86 SC:107 TN:146 TX:1014 UT:289 VA:157 WV:68
[8000/13462] swept=8000 skipped=0 elapsed=43.7m eta=29.8m | AL:241 AR:237 AZ:499 CA:669 CO:512 CT:1 DE:21 FL:257 GA:234 IA:64 IL:212 IN:141 KS:411 KY:185 LA:224 MD:63 MO:264 MS:163 NC:264 NE:97 NJ:41 NM:476 NV:380 NY:10 OH:137 OK:285 PA:107 SC:107 TN:146 TX:1014 UT:302 VA:157 WV:68 WY:11
[8250/13462] swept=8250 skipped=0 elapsed=45.1m eta=28.5m | AL:241 AR:237 AZ:499 CA:687 CO:512 CT:5 DE:21 FL:257 GA:234 IA:87 IL:224 IN:154 KS:411 KY:185 LA:224 MD:63 MO:264 MS:163 NC:264 NE:129 NJ:47 NM:476 NV:403 NY:13 OH:171 OK:285 PA:150 SC:107 TN:146 TX:1014 UT:314 VA:157 WV:68 WY:38
[8500/13462] swept=8500 skipped=0 elapsed=46.5m eta=27.2m | AL:241 AR:237 AZ:499 CA:719 CO:512 CT:21 DE:21 FL:257 GA:234 IA:111 IL:235 IN:165 KS:411 KY:185 LA:224 MA:11 MD:63 MI:6 MO:264 MS:163 NC:264 NE:161 NJ:50 NM:476 NV:426 NY:21 OH:181 OK:285 PA:171 RI:3 SC:107 TN:146 TX:1014 UT:326 VA:157 WV:68 WY:65
[8750/13462] swept=8750 skipped=0 elapsed=47.9m eta=25.8m | AL:241 AR:237 AZ:499 CA:732 CO:512 CT:29 DE:21 FL:257 GA:234 IA:136 ID:48 IL:245 IN:174 KS:411 KY:185 LA:224 MA:17 MD:63 MI:13 MO:264 MS:163 NC:264 NE:193 NJ:50 NM:476 NV:436 NY:45 OH:185 OK:285 OR:20 PA:174 RI:4 SC:107 TN:146 TX:1014 UT:328 VA:157 WV:68 WY:93
[9000/13462] swept=9000 skipped=0 elapsed=49.3m eta=24.4m | AL:241 AR:237 AZ:499 CA:732 CO:512 CT:36 DE:21 FL:257 GA:234 IA:162 ID:73 IL:255 IN:174 KS:411 KY:185 LA:224 MA:24 MD:63 MI:27 MO:264 MS:163 NC:264 NE:245 NJ:50 NM:476 NV:436 NY:70 OH:185 OK:285 OR:49 PA:176 RI:4 SC:107 TN:146 TX:1014 UT:328 VA:157 WV:68 WY:146
[9250/13462] swept=9250 skipped=0 elapsed=50.6m eta=23.0m | AL:241 AR:237 AZ:499 CA:732 CO:512 CT:36 DE:21 FL:257 GA:234 IA:212 ID:98 IL:270 IN:174 KS:411 KY:185 LA:224 MA:35 MD:63 MI:48 MO:264 MS:163 NC:264 NE:285 NJ:50 NM:476 NV:436 NY:96 OH:185 OK:285 OR:78 PA:176 RI:4 SC:107 TN:146 TX:1014 UT:328 VA:157 WI:6 WV:68 WY:173
[9500/13462] swept=9500 skipped=0 elapsed=51.7m eta=21.6m | AL:241 AR:237 AZ:499 CA:732 CO:512 CT:36 DE:21 FL:257 GA:234 IA:235 ID:123 IL:270 IN:174 KS:411 KY:185 LA:224 MA:49 MD:63 MI:71 MO:264 MS:163 NC:264 NE:315 NH:6 NJ:50 NM:476 NV:436 NY:143 OH:185 OK:285 OR:118 PA:176 RI:4 SC:107 TN:146 TX:1014 UT:328 VA:157 VT:2 WI:19 WV:68 WY:200
[9750/13462] swept=9750 skipped=0 elapsed=52.9m eta=20.1m | AL:241 AR:237 AZ:499 CA:732 CO:512 CT:36 DE:21 FL:257 GA:234 IA:258 ID:173 IL:270 IN:174 KS:411 KY:185 LA:224 MA:49 MD:63 ME:2 MI:88 MO:264 MS:163 NC:264 NE:321 NH:12 NJ:50 NM:476 NV:436 NY:166 OH:185 OK:285 OR:165 PA:176 RI:4 SC:107 SD:24 TN:146 TX:1014 UT:328 VA:157 VT:5 WI:32 WV:68 WY:236
[10000/13462] swept=10000 skipped=0 elapsed=53.9m eta=18.7m | AL:241 AR:237 AZ:499 CA:732 CO:512 CT:36 DE:21 FL:257 GA:234 IA:285 ID:198 IL:270 IN:174 KS:411 KY:185 LA:224 MA:49 MD:63 ME:5 MI:104 MN:1 MO:264 MS:163 NC:264 NE:321 NH:18 NJ:50 NM:476 NV:436 NY:190 OH:185 OK:285 OR:193 PA:176 RI:4 SC:107 SD:84 TN:146 TX:1014 UT:328 VA:157 VT:7 WI:45 WV:68 WY:281
[10250/13462] swept=10250 skipped=0 elapsed=55.1m eta=17.3m | AL:241 AR:237 AZ:499 CA:732 CO:512 CT:36 DE:21 FL:257 GA:234 IA:299 ID:223 IL:270 IN:174 KS:411 KY:185 LA:224 MA:49 MD:63 ME:9 MI:137 MN:27 MO:264 MS:163 NC:264 NE:321 NH:24 NJ:50 NM:476 NV:436 NY:216 OH:185 OK:285 OR:221 PA:176 RI:4 SC:107 SD:115 TN:146 TX:1014 UT:328 VA:157 VT:9 WI:73 WV:68 WY:308
[10500/13462] swept=10500 skipped=0 elapsed=56.3m eta=15.9m | AL:241 AR:237 AZ:499 CA:732 CO:512 CT:36 DE:21 FL:257 GA:234 IA:299 ID:259 IL:270 IN:174 KS:411 KY:185 LA:224 MA:49 MD:63 ME:27 MI:152 MN:48 MO:264 MS:163 NC:264 NE:321 NH:33 NJ:50 NM:476 NV:436 NY:230 OH:185 OK:285 OR:277 PA:176 RI:4 SC:107 SD:146 TN:146 TX:1014 UT:328 VA:157 VT:17 WI:88 WV:68 WY:335
[10750/13462] swept=10750 skipped=0 elapsed=57.4m eta=14.5m | AL:241 AR:237 AZ:499 CA:732 CO:512 CT:36 DE:21 FL:257 GA:234 IA:299 ID:297 IL:270 IN:174 KS:411 KY:185 LA:224 MA:49 MD:63 ME:41 MI:165 MN:67 MO:264 MS:163 MT:1 NC:264 NE:321 NH:37 NJ:50 NM:476 NV:436 NY:241 OH:185 OK:285 OR:305 PA:176 RI:4 SC:107 SD:192 TN:146 TX:1014 UT:328 VA:157 VT:21 WI:106 WV:68 WY:389
[11000/13462] swept=11000 skipped=0 elapsed=58.7m eta=13.1m | AL:241 AR:237 AZ:499 CA:732 CO:512 CT:36 DE:21 FL:257 GA:234 IA:299 ID:315 IL:270 IN:174 KS:411 KY:185 LA:224 MA:49 MD:63 ME:58 MI:178 MN:99 MO:264 MS:163 MT:27 NC:264 NE:321 NH:39 NJ:50 NM:476 NV:436 NY:251 OH:185 OK:285 OR:333 PA:176 RI:4 SC:107 SD:238 TN:146 TX:1014 UT:328 VA:157 VT:27 WI:149 WV:68 WY:398
[11250/13462] swept=11250 skipped=0 elapsed=60.0m eta=11.8m | AL:241 AR:237 AZ:499 CA:732 CO:512 CT:36 DE:21 FL:257 GA:234 IA:299 ID:330 IL:270 IN:174 KS:411 KY:185 LA:224 MA:49 MD:63 ME:92 MI:204 MN:115 MO:264 MS:163 MT:64 NC:264 NE:321 NH:42 NJ:50 NM:476 NV:436 NY:259 OH:185 OK:285 OR:387 PA:176 RI:4 SC:107 SD:268 TN:146 TX:1014 UT:328 VA:157 VT:33 WI:170 WV:68 WY:398
[11500/13462] swept=11500 skipped=0 elapsed=61.3m eta=10.4m | AL:241 AR:237 AZ:499 CA:732 CO:512 CT:36 DE:21 FL:257 GA:234 IA:299 ID:355 IL:270 IN:174 KS:411 KY:185 LA:224 MA:49 MD:63 ME:105 MI:216 MN:133 MO:264 MS:163 MT:141 NC:264 NE:321 NH:42 NJ:50 NM:476 NV:436 NY:259 OH:185 OK:285 OR:419 PA:176 RI:4 SC:107 SD:321 TN:146 TX:1014 UT:328 VA:157 VT:33 WI:190 WV:68 WY:398
[11750/13462] swept=11750 skipped=0 elapsed=62.5m eta=9.1m | AL:241 AR:237 AZ:499 CA:732 CO:512 CT:36 DE:21 FL:257 GA:234 IA:299 ID:366 IL:270 IN:174 KS:411 KY:185 LA:224 MA:49 MD:63 ME:126 MI:251 MN:169 MO:264 MS:163 MT:182 NC:264 ND:29 NE:321 NH:42 NJ:50 NM:476 NV:436 NY:259 OH:185 OK:285 OR:442 PA:176 RI:4 SC:107 SD:324 TN:146 TX:1014 UT:328 VA:157 VT:33 WA:19 WI:222 WV:68 WY:398
[12000/13462] swept=12000 skipped=0 elapsed=63.7m eta=7.8m | AL:241 AR:237 AZ:499 CA:732 CO:512 CT:36 DE:21 FL:257 GA:234 IA:299 ID:389 IL:270 IN:174 KS:411 KY:185 LA:224 MA:49 MD:63 ME:136 MI:274 MN:187 MO:264 MS:163 MT:264 NC:264 ND:71 NE:321 NH:42 NJ:50 NM:476 NV:436 NY:259 OH:185 OK:285 OR:449 PA:176 RI:4 SC:107 SD:324 TN:146 TX:1014 UT:328 VA:157 VT:33 WA:54 WI:232 WV:68 WY:398
[12250/13462] swept=12250 skipped=0 elapsed=65.0m eta=6.4m | AL:241 AR:237 AZ:499 CA:732 CO:512 CT:36 DE:21 FL:257 GA:234 IA:299 ID:401 IL:270 IN:174 KS:411 KY:185 LA:224 MA:49 MD:63 ME:155 MI:321 MN:225 MO:264 MS:163 MT:305 NC:264 ND:115 NE:321 NH:42 NJ:50 NM:476 NV:436 NY:259 OH:185 OK:285 OR:449 PA:176 RI:4 SC:107 SD:324 TN:146 TX:1014 UT:328 VA:157 VT:33 WA:89 WI:246 WV:68 WY:398
[12500/13462] swept=12500 skipped=0 elapsed=66.3m eta=5.1m | AL:241 AR:237 AZ:499 CA:732 CO:512 CT:36 DE:21 FL:257 GA:234 IA:299 ID:420 IL:270 IN:174 KS:411 KY:185 LA:224 MA:49 MD:63 ME:163 MI:333 MN:247 MO:264 MS:163 MT:392 NC:264 ND:163 NE:321 NH:42 NJ:50 NM:476 NV:436 NY:259 OH:185 OK:285 OR:449 PA:176 RI:4 SC:107 SD:324 TN:146 TX:1014 UT:328 VA:157 VT:33 WA:138 WI:251 WV:68 WY:398
[12750/13462] swept=12750 skipped=0 elapsed=67.5m eta=3.8m | AL:241 AR:237 AZ:499 CA:732 CO:512 CT:36 DE:21 FL:257 GA:234 IA:299 ID:435 IL:270 IN:174 KS:411 KY:185 LA:224 MA:49 MD:63 ME:170 MI:343 MN:295 MO:264 MS:163 MT:467 NC:264 ND:199 NE:321 NH:42 NJ:50 NM:476 NV:436 NY:259 OH:185 OK:285 OR:449 PA:176 RI:4 SC:107 SD:324 TN:146 TX:1014 UT:328 VA:157 VT:33 WA:196 WI:252 WV:68 WY:398
[13000/13462] swept=13000 skipped=0 elapsed=68.7m eta=2.4m | AL:241 AR:237 AZ:499 CA:732 CO:512 CT:36 DE:21 FL:257 GA:234 IA:299 ID:445 IL:270 IN:174 KS:411 KY:185 LA:224 MA:49 MD:63 ME:170 MI:347 MN:353 MO:264 MS:163 MT:530 NC:264 ND:254 NE:321 NH:42 NJ:50 NM:476 NV:436 NY:259 OH:185 OK:285 OR:449 PA:176 RI:4 SC:107 SD:324 TN:146 TX:1014 UT:328 VA:157 VT:33 WA:256 WI:252 WV:68 WY:398
[13250/13462] swept=13250 skipped=0 elapsed=70.1m eta=1.1m | AL:241 AR:237 AZ:499 CA:732 CO:512 CT:36 DE:21 FL:257 GA:234 IA:299 ID:451 IL:270 IN:174 KS:411 KY:185 LA:224 MA:49 MD:63 ME:170 MI:350 MN:397 MO:264 MS:163 MT:626 NC:264 ND:308 NE:321 NH:42 NJ:50 NM:476 NV:436 NY:259 OH:185 OK:285 OR:449 PA:176 RI:4 SC:107 SD:324 TN:146 TX:1014 UT:328 VA:157 VT:33 WA:303 WI:252 WV:68 WY:398
[13462/13462] swept=13462 skipped=0 elapsed=71.1m eta=0.0m | AL:241 AR:237 AZ:499 CA:732 CO:512 CT:36 DE:21 FL:257 GA:234 IA:299 ID:461 IL:270 IN:174 KS:411 KY:185 LA:224 MA:49 MD:63 ME:170 MI:350 MN:423 MO:264 MS:163 MT:722 NC:264 ND:362 NE:321 NH:42 NJ:50 NM:476 NV:436 NY:259 OH:185 OK:285 OR:449 PA:176 RI:4 SC:107 SD:324 TN:146 TX:1014 UT:328 VA:157 VT:33 WA:329 WI:252 WV:68 WY:398

done in 71.2 min: 13462 grids, 13462 swept, 0 already done, 0 skipped
per state (grids / swept / skipped):
  AL    241   241     0
  AR    237   237     0
  AZ    499   499     0
  CA    732   732     0
  CO    512   512     0
  CT     36    36     0
  DE     21    21     0
  FL    257   257     0
  GA    234   234     0
  IA    299   299     0
  ID    461   461     0
  IL    270   270     0
  IN    174   174     0
  KS    411   411     0
  KY    185   185     0
  LA    224   224     0
  MA     49    49     0
  MD     63    63     0
  ME    170   170     0
  MI    350   350     0
  MN    423   423     0
  MO    264   264     0
  MS    163   163     0
  MT    722   722     0
  NC    264   264     0
  ND    362   362     0
  NE    321   321     0
  NH     42    42     0
  NJ     50    50     0
  NM    476   476     0
  NV    436   436     0
  NY    259   259     0
  OH    185   185     0
  OK    285   285     0
  OR    449   449     0
  PA    176   176     0
  RI      4     4     0
  SC    107   107     0
  SD    324   324     0
  TN    146   146     0
  TX   1014  1014     0
  UT    328   328     0
  VA    157   157     0
  VT     33    33     0
  WA    329   329     0
  WI    252   252     0
  WV     68    68     0
  WY    398   398     0
2026-08-06 19:04:43 done  Haying-Irrigated @ 0.75 — prf_opt_best now 154339 rows
2026-08-06 19:04:45 sweep Haying-Irrigated @ 0.80  (have 0 of 13462 rated grids)
CONUS Haying-Irrigated: 13462 PRF grids from prf_grid_county
13462 to score, 0 already in prf_opt_best; estimated 157 min at 0.7 s/grid (~26 min with jobs=6)
[250/13462] swept=250 skipped=0 elapsed=1.5m eta=81.8m | FL:127 TX:123
[500/13462] swept=500 skipped=0 elapsed=2.9m eta=75.1m | FL:174 LA:51 TX:275
[750/13462] swept=750 skipped=0 elapsed=4.3m eta=72.7m | AL:10 FL:229 LA:101 MS:4 TX:406
[1000/13462] swept=1000 skipped=0 elapsed=5.6m eta=70.3m | AL:38 AZ:9 FL:257 GA:25 LA:135 MS:20 NM:3 TX:513
[1250/13462] swept=1250 skipped=0 elapsed=7.1m eta=69.6m | AL:66 AZ:36 FL:257 GA:57 LA:156 MS:42 NM:16 TX:620
[1500/13462] swept=1500 skipped=0 elapsed=8.5m eta=67.6m | AL:95 AZ:76 FL:257 GA:90 LA:183 MS:61 NM:54 SC:1 TX:683
[1750/13462] swept=1750 skipped=0 elapsed=9.7m eta=64.7m | AL:125 AZ:108 CA:18 FL:257 GA:105 LA:211 MS:79 NM:88 SC:6 TX:753
[2000/13462] swept=2000 skipped=0 elapsed=11.0m eta=62.9m | AL:139 AR:6 AZ:145 CA:30 FL:257 GA:135 LA:224 MS:89 NM:136 SC:16 TX:823
[2250/13462] swept=2250 skipped=0 elapsed=12.1m eta=60.5m | AL:166 AR:26 AZ:191 CA:59 FL:257 GA:164 LA:224 MS:109 NM:160 SC:36 TX:858
[2500/13462] swept=2500 skipped=0 elapsed=13.4m eta=58.7m | AL:180 AR:55 AZ:214 CA:80 FL:257 GA:178 LA:224 MS:129 NC:1 NM:208 OK:20 SC:48 TX:906
[2750/13462] swept=2750 skipped=0 elapsed=14.6m eta=56.7m | AL:203 AR:70 AZ:256 CA:123 FL:257 GA:202 LA:224 MS:139 NC:10 NM:232 OK:39 SC:74 TX:921
[3000/13462] swept=3000 skipped=0 elapsed=15.7m eta=54.8m | AL:215 AR:103 AZ:281 CA:147 FL:257 GA:213 LA:224 MS:148 NC:18 NM:280 OK:84 SC:86 TX:944
[3250/13462] swept=3250 skipped=0 elapsed=17.0m eta=53.4m | AL:237 AR:121 AZ:304 CA:196 FL:257 GA:233 LA:224 MS:163 NC:42 NM:304 OK:107 SC:107 TX:955
[3500/13462] swept=3500 skipped=0 elapsed=18.2m eta=51.9m | AL:241 AR:139 AZ:350 CA:221 FL:257 GA:234 LA:224 MS:163 NC:83 NM:352 OK:134 SC:107 TN:18 TX:977
[3750/13462] swept=3750 skipped=0 elapsed=19.5m eta=50.4m | AL:241 AR:176 AZ:373 CA:252 FL:257 GA:234 LA:224 MS:163 NC:119 NM:376 NV:2 OK:176 SC:107 TN:62 TX:988
[4000/13462] swept=4000 skipped=0 elapsed=20.7m eta=49.0m | AL:241 AR:197 AZ:405 CA:294 FL:257 GA:234 LA:224 MS:163 NC:185 NM:400 NV:8 OK:198 SC:107 TN:88 TX:999
[4250/13462] swept=4250 skipped=0 elapsed=22.0m eta=47.7m | AL:241 AR:218 AZ:441 CA:318 FL:257 GA:234 LA:224 MS:163 NC:215 NM:448 NV:15 OK:241 SC:107 TN:114 TX:1014
[4500/13462] swept=4500 skipped=0 elapsed=23.2m eta=46.2m | AL:241 AR:237 AZ:462 CA:348 FL:257 GA:234 KY:31 LA:224 MO:21 MS:163 NC:240 NM:472 NV:24 OK:282 SC:107 TN:143 TX:1014
[4750/13462] swept=4750 skipped=0 elapsed=24.5m eta=44.9m | AL:241 AR:237 AZ:495 CA:384 CO:24 FL:257 GA:234 IL:2 KS:27 KY:56 LA:224 MO:41 MS:163 NC:264 NM:476 NV:45 OK:285 SC:107 TN:146 TX:1014 VA:28
[5000/13462] swept=5000 skipped=0 elapsed=25.8m eta=43.7m | AL:241 AR:237 AZ:499 CA:404 CO:82 FL:257 GA:234 IL:7 KS:84 KY:80 LA:224 MO:61 MS:163 NC:264 NM:476 NV:59 OK:285 SC:107 TN:146 TX:1014 UT:23 VA:53
[5250/13462] swept=5250 skipped=0 elapsed=27.2m eta=42.6m | AL:241 AR:237 AZ:499 CA:433 CO:111 FL:257 GA:234 IL:21 KS:117 KY:129 LA:224 MO:99 MS:163 NC:264 NM:476 NV:74 OK:285 SC:107 TN:146 TX:1014 UT:42 VA:77
[5500/13462] swept=5500 skipped=0 elapsed=28.5m eta=41.3m | AL:241 AR:237 AZ:499 CA:460 CO:140 FL:257 GA:234 IL:30 IN:8 KS:147 KY:144 LA:224 MD:2 MO:116 MS:163 NC:264 NM:476 NV:108 OK:285 SC:107 TN:146 TX:1014 UT:72 VA:114 WV:12
[5750/13462] swept=5750 skipped=0 elapsed=29.9m eta=40.1m | AL:241 AR:237 AZ:499 CA:478 CO:198 FL:257 GA:234 IL:41 IN:16 KS:198 KY:157 LA:224 MD:9 MO:132 MS:163 NC:264 NM:476 NV:127 OK:285 SC:107 TN:146 TX:1014 UT:99 VA:126 WV:22
[6000/13462] swept=6000 skipped=0 elapsed=31.1m eta=38.7m | AL:241 AR:237 AZ:499 CA:503 CO:227 DE:3 FL:257 GA:234 IL:66 IN:34 KS:237 KY:169 LA:224 MD:16 MO:164 MS:163 NC:264 NM:476 NV:148 OH:1 OK:285 SC:107 TN:146 TX:1014 UT:118 VA:136 WV:31
[6250/13462] swept=6250 skipped=0 elapsed=32.5m eta=37.5m | AL:241 AR:237 AZ:499 CA:527 CO:256 DE:9 FL:257 GA:234 IL:80 IN:44 KS:267 KY:183 LA:224 MD:30 MO:179 MS:163 NC:264 NJ:1 NM:476 NV:178 OH:10 OK:285 SC:107 TN:146 TX:1014 UT:137 VA:151 WV:51
[6500/13462] swept=6500 skipped=0 elapsed=33.8m eta=36.2m | AL:241 AR:237 AZ:499 CA:543 CO:302 DE:12 FL:257 GA:234 IL:93 IN:55 KS:297 KY:185 LA:224 MD:38 MO:194 MS:163 NC:264 NJ:4 NM:476 NV:218 OH:21 OK:285 SC:107 TN:146 TX:1014 UT:175 VA:155 WV:61
[6750/13462] swept=6750 skipped=0 elapsed=35.1m eta=34.9m | AL:241 AR:237 AZ:499 CA:559 CO:343 DE:15 FL:257 GA:234 IL:108 IN:66 KS:355 KY:185 LA:224 MD:49 MO:218 MS:163 NC:264 NJ:8 NM:476 NV:242 OH:36 OK:285 SC:107 TN:146 TX:1014 UT:194 VA:157 WV:68
[7000/13462] swept=7000 skipped=0 elapsed=36.4m eta=33.6m | AL:241 AR:237 AZ:499 CA:584 CO:372 DE:18 FL:257 GA:234 IL:140 IN:88 KS:384 KY:185 LA:224 MD:63 MO:234 MS:163 NC:264 NJ:13 NM:476 NV:265 OH:64 OK:285 PA:5 SC:107 TN:146 TX:1014 UT:213 VA:157 WV:68
[7250/13462] swept=7250 skipped=0 elapsed=37.7m eta=32.3m | AL:241 AR:237 AZ:499 CA:614 CO:401 DE:21 FL:257 GA:234 IL:157 IN:99 KS:411 KY:185 LA:224 MD:63 MO:248 MS:163 NC:264 NJ:24 NM:476 NV:293 OH:86 OK:285 PA:44 SC:107 TN:146 TX:1014 UT:232 VA:157 WV:68
[7500/13462] swept=7500 skipped=0 elapsed=39.0m eta=31.0m | AL:241 AR:237 AZ:499 CA:633 CO:440 DE:21 FL:257 GA:234 IA:2 IL:172 IN:110 KS:411 KY:185 LA:224 MD:63 MO:264 MS:163 NC:264 NE:25 NJ:30 NM:476 NV:334 OH:103 OK:285 PA:65 SC:107 TN:146 TX:1014 UT:270 VA:157 WV:68
[7750/13462] swept=7750 skipped=0 elapsed=40.3m eta=29.7m | AL:241 AR:237 AZ:499 CA:651 CO:488 DE:21 FL:257 GA:234 IA:24 IL:186 IN:121 KS:411 KY:185 LA:224 MD:63 MO:264 MS:163 NC:264 NE:73 NJ:35 NM:476 NV:357 NY:4 OH:120 OK:285 PA:86 SC:107 TN:146 TX:1014 UT:289 VA:157 WV:68
[8000/13462] swept=8000 skipped=0 elapsed=41.5m eta=28.3m | AL:241 AR:237 AZ:499 CA:669 CO:512 CT:1 DE:21 FL:257 GA:234 IA:64 IL:212 IN:141 KS:411 KY:185 LA:224 MD:63 MO:264 MS:163 NC:264 NE:97 NJ:41 NM:476 NV:380 NY:10 OH:137 OK:285 PA:107 SC:107 TN:146 TX:1014 UT:302 VA:157 WV:68 WY:11
[8250/13462] swept=8250 skipped=0 elapsed=42.8m eta=27.1m | AL:241 AR:237 AZ:499 CA:687 CO:512 CT:5 DE:21 FL:257 GA:234 IA:87 IL:224 IN:154 KS:411 KY:185 LA:224 MD:63 MO:264 MS:163 NC:264 NE:129 NJ:47 NM:476 NV:403 NY:13 OH:171 OK:285 PA:150 SC:107 TN:146 TX:1014 UT:314 VA:157 WV:68 WY:38
[8500/13462] swept=8500 skipped=0 elapsed=44.1m eta=25.8m | AL:241 AR:237 AZ:499 CA:719 CO:512 CT:21 DE:21 FL:257 GA:234 IA:111 IL:235 IN:165 KS:411 KY:185 LA:224 MA:11 MD:63 MI:6 MO:264 MS:163 NC:264 NE:161 NJ:50 NM:476 NV:426 NY:21 OH:181 OK:285 PA:171 RI:3 SC:107 TN:146 TX:1014 UT:326 VA:157 WV:68 WY:65
[8750/13462] swept=8750 skipped=0 elapsed=45.4m eta=24.5m | AL:241 AR:237 AZ:499 CA:732 CO:512 CT:29 DE:21 FL:257 GA:234 IA:136 ID:48 IL:245 IN:174 KS:411 KY:185 LA:224 MA:17 MD:63 MI:13 MO:264 MS:163 NC:264 NE:193 NJ:50 NM:476 NV:436 NY:45 OH:185 OK:285 OR:20 PA:174 RI:4 SC:107 TN:146 TX:1014 UT:328 VA:157 WV:68 WY:93
[9000/13462] swept=9000 skipped=0 elapsed=46.7m eta=23.1m | AL:241 AR:237 AZ:499 CA:732 CO:512 CT:36 DE:21 FL:257 GA:234 IA:162 ID:73 IL:255 IN:174 KS:411 KY:185 LA:224 MA:24 MD:63 MI:27 MO:264 MS:163 NC:264 NE:245 NJ:50 NM:476 NV:436 NY:70 OH:185 OK:285 OR:49 PA:176 RI:4 SC:107 TN:146 TX:1014 UT:328 VA:157 WV:68 WY:146
[9250/13462] swept=9250 skipped=0 elapsed=47.9m eta=21.8m | AL:241 AR:237 AZ:499 CA:732 CO:512 CT:36 DE:21 FL:257 GA:234 IA:212 ID:98 IL:270 IN:174 KS:411 KY:185 LA:224 MA:35 MD:63 MI:49 MO:264 MS:163 NC:264 NE:285 NJ:50 NM:476 NV:436 NY:96 OH:185 OK:285 OR:78 PA:176 RI:4 SC:107 TN:146 TX:1014 UT:328 VA:157 WI:5 WV:68 WY:173
[9500/13462] swept=9500 skipped=0 elapsed=49.2m eta=20.5m | AL:241 AR:237 AZ:499 CA:732 CO:512 CT:36 DE:21 FL:257 GA:234 IA:235 ID:123 IL:270 IN:174 KS:411 KY:185 LA:224 MA:49 MD:63 MI:71 MO:264 MS:163 NC:264 NE:315 NH:6 NJ:50 NM:476 NV:436 NY:143 OH:185 OK:285 OR:118 PA:176 RI:4 SC:107 TN:146 TX:1014 UT:328 VA:157 VT:2 WI:19 WV:68 WY:200
[9750/13462] swept=9750 skipped=0 elapsed=50.5m eta=19.2m | AL:241 AR:237 AZ:499 CA:732 CO:512 CT:36 DE:21 FL:257 GA:234 IA:258 ID:173 IL:270 IN:174 KS:411 KY:185 LA:224 MA:49 MD:63 ME:2 MI:88 MO:264 MS:163 NC:264 NE:321 NH:12 NJ:50 NM:476 NV:436 NY:166 OH:185 OK:285 OR:165 PA:176 RI:4 SC:107 SD:24 TN:146 TX:1014 UT:328 VA:157 VT:5 WI:32 WV:68 WY:236
[10000/13462] swept=10000 skipped=0 elapsed=51.9m eta=18.0m | AL:241 AR:237 AZ:499 CA:732 CO:512 CT:36 DE:21 FL:257 GA:234 IA:285 ID:198 IL:270 IN:174 KS:411 KY:185 LA:224 MA:49 MD:63 ME:5 MI:104 MN:1 MO:264 MS:163 NC:264 NE:321 NH:18 NJ:50 NM:476 NV:436 NY:190 OH:185 OK:285 OR:193 PA:176 RI:4 SC:107 SD:84 TN:146 TX:1014 UT:328 VA:157 VT:7 WI:45 WV:68 WY:281
[10250/13462] swept=10250 skipped=0 elapsed=53.2m eta=16.7m | AL:241 AR:237 AZ:499 CA:732 CO:512 CT:36 DE:21 FL:257 GA:234 IA:299 ID:223 IL:270 IN:174 KS:411 KY:185 LA:224 MA:49 MD:63 ME:9 MI:137 MN:27 MO:264 MS:163 NC:264 NE:321 NH:24 NJ:50 NM:476 NV:436 NY:216 OH:185 OK:285 OR:221 PA:176 RI:4 SC:107 SD:115 TN:146 TX:1014 UT:328 VA:157 VT:9 WI:73 WV:68 WY:308
[10500/13462] swept=10500 skipped=0 elapsed=54.4m eta=15.3m | AL:241 AR:237 AZ:499 CA:732 CO:512 CT:36 DE:21 FL:257 GA:234 IA:299 ID:259 IL:270 IN:174 KS:411 KY:185 LA:224 MA:49 MD:63 ME:27 MI:152 MN:48 MO:264 MS:163 NC:264 NE:321 NH:33 NJ:50 NM:476 NV:436 NY:230 OH:185 OK:285 OR:277 PA:176 RI:4 SC:107 SD:146 TN:146 TX:1014 UT:328 VA:157 VT:17 WI:88 WV:68 WY:335
[10750/13462] swept=10750 skipped=0 elapsed=55.5m eta=14.0m | AL:241 AR:237 AZ:499 CA:732 CO:512 CT:36 DE:21 FL:257 GA:234 IA:299 ID:297 IL:270 IN:174 KS:411 KY:185 LA:224 MA:49 MD:63 ME:41 MI:165 MN:67 MO:264 MS:163 MT:1 NC:264 NE:321 NH:37 NJ:50 NM:476 NV:436 NY:241 OH:185 OK:285 OR:305 PA:176 RI:4 SC:107 SD:192 TN:146 TX:1014 UT:328 VA:157 VT:21 WI:106 WV:68 WY:389
[11000/13462] swept=11000 skipped=0 elapsed=56.6m eta=12.7m | AL:241 AR:237 AZ:499 CA:732 CO:512 CT:36 DE:21 FL:257 GA:234 IA:299 ID:315 IL:270 IN:174 KS:411 KY:185 LA:224 MA:49 MD:63 ME:58 MI:178 MN:99 MO:264 MS:163 MT:27 NC:264 NE:321 NH:39 NJ:50 NM:476 NV:436 NY:251 OH:185 OK:285 OR:333 PA:176 RI:4 SC:107 SD:238 TN:146 TX:1014 UT:328 VA:157 VT:27 WI:149 WV:68 WY:398
[11250/13462] swept=11250 skipped=0 elapsed=57.8m eta=11.4m | AL:241 AR:237 AZ:499 CA:732 CO:512 CT:36 DE:21 FL:257 GA:234 IA:299 ID:330 IL:270 IN:174 KS:411 KY:185 LA:224 MA:49 MD:63 ME:92 MI:204 MN:115 MO:264 MS:163 MT:64 NC:264 NE:321 NH:42 NJ:50 NM:476 NV:436 NY:259 OH:185 OK:285 OR:387 PA:176 RI:4 SC:107 SD:268 TN:146 TX:1014 UT:328 VA:157 VT:33 WI:170 WV:68 WY:398
[11500/13462] swept=11500 skipped=0 elapsed=58.8m eta=10.0m | AL:241 AR:237 AZ:499 CA:732 CO:512 CT:36 DE:21 FL:257 GA:234 IA:299 ID:355 IL:270 IN:174 KS:411 KY:185 LA:224 MA:49 MD:63 ME:105 MI:216 MN:133 MO:264 MS:163 MT:141 NC:264 NE:321 NH:42 NJ:50 NM:476 NV:436 NY:259 OH:185 OK:285 OR:419 PA:176 RI:4 SC:107 SD:321 TN:146 TX:1014 UT:328 VA:157 VT:33 WI:190 WV:68 WY:398
[11750/13462] swept=11750 skipped=0 elapsed=59.9m eta=8.7m | AL:241 AR:237 AZ:499 CA:732 CO:512 CT:36 DE:21 FL:257 GA:234 IA:299 ID:366 IL:270 IN:174 KS:411 KY:185 LA:224 MA:49 MD:63 ME:126 MI:251 MN:169 MO:264 MS:163 MT:182 NC:264 ND:29 NE:321 NH:42 NJ:50 NM:476 NV:436 NY:259 OH:185 OK:285 OR:442 PA:176 RI:4 SC:107 SD:324 TN:146 TX:1014 UT:328 VA:157 VT:33 WA:19 WI:222 WV:68 WY:398
[12000/13462] swept=12000 skipped=0 elapsed=60.9m eta=7.4m | AL:241 AR:237 AZ:499 CA:732 CO:512 CT:36 DE:21 FL:257 GA:234 IA:299 ID:389 IL:270 IN:174 KS:411 KY:185 LA:224 MA:49 MD:63 ME:136 MI:274 MN:187 MO:264 MS:163 MT:264 NC:264 ND:71 NE:321 NH:42 NJ:50 NM:476 NV:436 NY:259 OH:185 OK:285 OR:449 PA:176 RI:4 SC:107 SD:324 TN:146 TX:1014 UT:328 VA:157 VT:33 WA:54 WI:232 WV:68 WY:398
[12250/13462] swept=12250 skipped=0 elapsed=62.2m eta=6.2m | AL:241 AR:237 AZ:499 CA:732 CO:512 CT:36 DE:21 FL:257 GA:234 IA:299 ID:401 IL:270 IN:174 KS:411 KY:185 LA:224 MA:49 MD:63 ME:155 MI:321 MN:225 MO:264 MS:163 MT:305 NC:264 ND:115 NE:321 NH:42 NJ:50 NM:476 NV:436 NY:259 OH:185 OK:285 OR:449 PA:176 RI:4 SC:107 SD:324 TN:146 TX:1014 UT:328 VA:157 VT:33 WA:89 WI:246 WV:68 WY:398
[12500/13462] swept=12500 skipped=0 elapsed=63.4m eta=4.9m | AL:241 AR:237 AZ:499 CA:732 CO:512 CT:36 DE:21 FL:257 GA:234 IA:299 ID:420 IL:270 IN:174 KS:411 KY:185 LA:224 MA:49 MD:63 ME:163 MI:333 MN:247 MO:264 MS:163 MT:392 NC:264 ND:163 NE:321 NH:42 NJ:50 NM:476 NV:436 NY:259 OH:185 OK:285 OR:449 PA:176 RI:4 SC:107 SD:324 TN:146 TX:1014 UT:328 VA:157 VT:33 WA:138 WI:251 WV:68 WY:398
[12750/13462] swept=12750 skipped=0 elapsed=64.5m eta=3.6m | AL:241 AR:237 AZ:499 CA:732 CO:512 CT:36 DE:21 FL:257 GA:234 IA:299 ID:435 IL:270 IN:174 KS:411 KY:185 LA:224 MA:49 MD:63 ME:170 MI:343 MN:295 MO:264 MS:163 MT:467 NC:264 ND:199 NE:321 NH:42 NJ:50 NM:476 NV:436 NY:259 OH:185 OK:285 OR:449 PA:176 RI:4 SC:107 SD:324 TN:146 TX:1014 UT:328 VA:157 VT:33 WA:196 WI:252 WV:68 WY:398
[13000/13462] swept=13000 skipped=0 elapsed=65.7m eta=2.3m | AL:241 AR:237 AZ:499 CA:732 CO:512 CT:36 DE:21 FL:257 GA:234 IA:299 ID:445 IL:270 IN:174 KS:411 KY:185 LA:224 MA:49 MD:63 ME:170 MI:347 MN:353 MO:264 MS:163 MT:530 NC:264 ND:254 NE:321 NH:42 NJ:50 NM:476 NV:436 NY:259 OH:185 OK:285 OR:449 PA:176 RI:4 SC:107 SD:324 TN:146 TX:1014 UT:328 VA:157 VT:33 WA:256 WI:252 WV:68 WY:398
[13250/13462] swept=13250 skipped=0 elapsed=66.9m eta=1.1m | AL:241 AR:237 AZ:499 CA:732 CO:512 CT:36 DE:21 FL:257 GA:234 IA:299 ID:451 IL:270 IN:174 KS:411 KY:185 LA:224 MA:49 MD:63 ME:170 MI:350 MN:397 MO:264 MS:163 MT:626 NC:264 ND:308 NE:321 NH:42 NJ:50 NM:476 NV:436 NY:259 OH:185 OK:285 OR:449 PA:176 RI:4 SC:107 SD:324 TN:146 TX:1014 UT:328 VA:157 VT:33 WA:303 WI:252 WV:68 WY:398
[13462/13462] swept=13462 skipped=0 elapsed=67.8m eta=0.0m | AL:241 AR:237 AZ:499 CA:732 CO:512 CT:36 DE:21 FL:257 GA:234 IA:299 ID:461 IL:270 IN:174 KS:411 KY:185 LA:224 MA:49 MD:63 ME:170 MI:350 MN:423 MO:264 MS:163 MT:722 NC:264 ND:362 NE:321 NH:42 NJ:50 NM:476 NV:436 NY:259 OH:185 OK:285 OR:449 PA:176 RI:4 SC:107 SD:324 TN:146 TX:1014 UT:328 VA:157 VT:33 WA:329 WI:252 WV:68 WY:398

done in 67.9 min: 13462 grids, 13462 swept, 0 already done, 0 skipped
per state (grids / swept / skipped):
  AL    241   241     0
  AR    237   237     0
  AZ    499   499     0
  CA    732   732     0
  CO    512   512     0
  CT     36    36     0
  DE     21    21     0
  FL    257   257     0
  GA    234   234     0
  IA    299   299     0
  ID    461   461     0
  IL    270   270     0
  IN    174   174     0
  KS    411   411     0
  KY    185   185     0
  LA    224   224     0
  MA     49    49     0
  MD     63    63     0
  ME    170   170     0
  MI    350   350     0
  MN    423   423     0
  MO    264   264     0
  MS    163   163     0
  MT    722   722     0
  NC    264   264     0
  ND    362   362     0
  NE    321   321     0
  NH     42    42     0
  NJ     50    50     0
  NM    476   476     0
  NV    436   436     0
  NY    259   259     0
  OH    185   185     0
  OK    285   285     0
  OR    449   449     0
  PA    176   176     0
  RI      4     4     0
  SC    107   107     0
  SD    324   324     0
  TN    146   146     0
  TX   1014  1014     0
  UT    328   328     0
  VA    157   157     0
  VT     33    33     0
  WA    329   329     0
  WI    252   252     0
  WV     68    68     0
  WY    398   398     0
2026-08-06 20:12:43 done  Haying-Irrigated @ 0.80 — prf_opt_best now 167801 rows
2026-08-06 20:12:45 sweep Haying-Irrigated @ 0.85  (have 0 of 13462 rated grids)
CONUS Haying-Irrigated: 13462 PRF grids from prf_grid_county
13462 to score, 0 already in prf_opt_best; estimated 157 min at 0.7 s/grid (~26 min with jobs=6)
[250/13462] swept=250 skipped=0 elapsed=1.4m eta=73.5m | FL:127 TX:123
[500/13462] swept=500 skipped=0 elapsed=2.6m eta=66.8m | FL:177 LA:48 TX:275
[750/13462] swept=750 skipped=0 elapsed=3.8m eta=64.2m | AL:5 FL:228 LA:105 MS:6 TX:406
[1000/13462] swept=1000 skipped=0 elapsed=5.0m eta=62.7m | AL:38 AZ:9 FL:257 GA:25 LA:135 MS:20 NM:3 TX:513
[1250/13462] swept=1250 skipped=0 elapsed=6.4m eta=62.9m | AL:66 AZ:36 FL:257 GA:57 LA:156 MS:42 NM:16 TX:620
[1500/13462] swept=1500 skipped=0 elapsed=7.7m eta=61.7m | AL:95 AZ:76 FL:257 GA:90 LA:183 MS:61 NM:54 SC:1 TX:683
[1750/13462] swept=1750 skipped=0 elapsed=8.9m eta=59.3m | AL:125 AZ:108 CA:18 FL:257 GA:105 LA:211 MS:79 NM:88 SC:6 TX:753
[2000/13462] swept=2000 skipped=0 elapsed=10.1m eta=58.0m | AL:139 AR:6 AZ:145 CA:30 FL:257 GA:135 LA:224 MS:89 NM:136 SC:16 TX:823
[2250/13462] swept=2250 skipped=0 elapsed=11.3m eta=56.3m | AL:166 AR:26 AZ:191 CA:59 FL:257 GA:164 LA:224 MS:109 NM:160 SC:36 TX:858
[2500/13462] swept=2500 skipped=0 elapsed=12.5m eta=54.8m | AL:180 AR:55 AZ:214 CA:80 FL:257 GA:178 LA:224 MS:129 NC:1 NM:208 OK:20 SC:48 TX:906
[2750/13462] swept=2750 skipped=0 elapsed=13.6m eta=53.1m | AL:203 AR:70 AZ:256 CA:123 FL:257 GA:202 LA:224 MS:139 NC:10 NM:232 OK:39 SC:74 TX:921
[3000/13462] swept=3000 skipped=0 elapsed=14.8m eta=51.7m | AL:215 AR:103 AZ:281 CA:147 FL:257 GA:213 LA:224 MS:148 NC:18 NM:280 OK:84 SC:86 TX:944
[3250/13462] swept=3250 skipped=0 elapsed=16.1m eta=50.5m | AL:237 AR:121 AZ:304 CA:196 FL:257 GA:233 LA:224 MS:163 NC:42 NM:304 OK:107 SC:107 TX:955
[3500/13462] swept=3500 skipped=0 elapsed=17.3m eta=49.3m | AL:241 AR:139 AZ:350 CA:221 FL:257 GA:234 LA:224 MS:163 NC:83 NM:352 OK:134 SC:107 TN:18 TX:977
[3750/13462] swept=3750 skipped=0 elapsed=18.5m eta=47.9m | AL:241 AR:176 AZ:373 CA:246 FL:257 GA:234 LA:224 MS:163 NC:124 NM:376 NV:2 OK:176 SC:107 TN:63 TX:988
[4000/13462] swept=4000 skipped=0 elapsed=19.7m eta=46.5m | AL:241 AR:197 AZ:405 CA:294 FL:257 GA:234 LA:224 MS:163 NC:185 NM:400 NV:8 OK:198 SC:107 TN:88 TX:999
[4250/13462] swept=4250 skipped=0 elapsed=20.9m eta=45.3m | AL:241 AR:218 AZ:441 CA:318 FL:257 GA:234 LA:224 MS:163 NC:215 NM:448 NV:15 OK:241 SC:107 TN:114 TX:1014
[4500/13462] swept=4500 skipped=0 elapsed=22.1m eta=44.0m | AL:241 AR:237 AZ:462 CA:356 FL:257 GA:234 KY:25 LA:224 MO:21 MS:163 NC:240 NM:472 NV:24 OK:282 SC:107 TN:141 TX:1014
[4750/13462] swept=4750 skipped=0 elapsed=23.3m eta=42.7m | AL:241 AR:237 AZ:495 CA:384 CO:24 FL:257 GA:234 IL:2 KS:27 KY:56 LA:224 MO:41 MS:163 NC:264 NM:476 NV:45 OK:285 SC:107 TN:146 TX:1014 VA:28
[5000/13462] swept=5000 skipped=0 elapsed=24.6m eta=41.6m | AL:241 AR:237 AZ:499 CA:404 CO:82 FL:257 GA:234 IL:7 KS:84 KY:80 LA:224 MO:61 MS:163 NC:264 NM:476 NV:59 OK:285 SC:107 TN:146 TX:1014 UT:23 VA:53
[5250/13462] swept=5250 skipped=0 elapsed=25.6m eta=40.1m | AL:241 AR:237 AZ:499 CA:433 CO:111 FL:257 GA:234 IL:21 KS:117 KY:129 LA:224 MO:99 MS:163 NC:264 NM:476 NV:74 OK:285 SC:107 TN:146 TX:1014 UT:42 VA:77
[5500/13462] swept=5500 skipped=0 elapsed=26.6m eta=38.5m | AL:241 AR:237 AZ:499 CA:460 CO:140 FL:257 GA:234 IL:30 IN:8 KS:147 KY:144 LA:224 MD:2 MO:116 MS:163 NC:264 NM:476 NV:108 OK:285 SC:107 TN:146 TX:1014 UT:72 VA:114 WV:12
[5750/13462] swept=5750 skipped=0 elapsed=27.5m eta=36.8m | AL:241 AR:237 AZ:499 CA:478 CO:198 FL:257 GA:234 IL:41 IN:16 KS:198 KY:157 LA:224 MD:9 MO:132 MS:163 NC:264 NM:476 NV:127 OK:285 SC:107 TN:146 TX:1014 UT:99 VA:126 WV:22
[6000/13462] swept=6000 skipped=0 elapsed=28.3m eta=35.3m | AL:241 AR:237 AZ:499 CA:495 CO:227 DE:3 FL:257 GA:234 IL:66 IN:34 KS:237 KY:177 LA:224 MD:16 MO:164 MS:163 NC:264 NM:476 NV:148 OH:1 OK:285 SC:107 TN:146 TX:1014 UT:118 VA:136 WV:31
[6250/13462] swept=6250 skipped=0 elapsed=29.3m eta=33.8m | AL:241 AR:237 AZ:499 CA:527 CO:256 DE:9 FL:257 GA:234 IL:80 IN:44 KS:267 KY:183 LA:224 MD:30 MO:179 MS:163 NC:264 NJ:1 NM:476 NV:178 OH:10 OK:285 SC:107 TN:146 TX:1014 UT:137 VA:151 WV:51
[6500/13462] swept=6500 skipped=0 elapsed=30.2m eta=32.3m | AL:241 AR:237 AZ:499 CA:543 CO:302 DE:12 FL:257 GA:234 IL:93 IN:55 KS:297 KY:185 LA:224 MD:38 MO:194 MS:163 NC:264 NJ:4 NM:476 NV:218 OH:21 OK:285 SC:107 TN:146 TX:1014 UT:175 VA:155 WV:61
[6750/13462] swept=6750 skipped=0 elapsed=31.1m eta=30.9m | AL:241 AR:237 AZ:499 CA:559 CO:343 DE:15 FL:257 GA:234 IL:108 IN:66 KS:355 KY:185 LA:224 MD:49 MO:218 MS:163 NC:264 NJ:8 NM:476 NV:242 OH:36 OK:285 SC:107 TN:146 TX:1014 UT:194 VA:157 WV:68
[7000/13462] swept=7000 skipped=0 elapsed=32.1m eta=29.6m | AL:241 AR:237 AZ:499 CA:584 CO:372 DE:18 FL:257 GA:234 IL:140 IN:88 KS:384 KY:185 LA:224 MD:63 MO:234 MS:163 NC:264 NJ:13 NM:476 NV:265 OH:64 OK:285 PA:5 SC:107 TN:146 TX:1014 UT:213 VA:157 WV:68
[7250/13462] swept=7250 skipped=0 elapsed=33.1m eta=28.4m | AL:241 AR:237 AZ:499 CA:614 CO:401 DE:21 FL:257 GA:234 IL:157 IN:99 KS:411 KY:185 LA:224 MD:63 MO:248 MS:163 NC:264 NJ:24 NM:476 NV:293 OH:86 OK:285 PA:44 SC:107 TN:146 TX:1014 UT:232 VA:157 WV:68
[7500/13462] swept=7500 skipped=0 elapsed=34.2m eta=27.2m | AL:241 AR:237 AZ:499 CA:633 CO:440 DE:21 FL:257 GA:234 IA:2 IL:172 IN:110 KS:411 KY:185 LA:224 MD:63 MO:264 MS:163 NC:264 NE:25 NJ:30 NM:476 NV:334 OH:103 OK:285 PA:65 SC:107 TN:146 TX:1014 UT:270 VA:157 WV:68
[7750/13462] swept=7750 skipped=0 elapsed=35.3m eta=26.0m | AL:241 AR:237 AZ:499 CA:651 CO:488 DE:21 FL:257 GA:234 IA:24 IL:186 IN:121 KS:411 KY:185 LA:224 MD:63 MO:264 MS:163 NC:264 NE:73 NJ:35 NM:476 NV:357 NY:4 OH:120 OK:285 PA:86 SC:107 TN:146 TX:1014 UT:289 VA:157 WV:68
[8000/13462] swept=8000 skipped=0 elapsed=36.3m eta=24.8m | AL:241 AR:237 AZ:499 CA:669 CO:512 CT:1 DE:21 FL:257 GA:234 IA:64 IL:212 IN:141 KS:411 KY:185 LA:224 MD:63 MO:264 MS:163 NC:264 NE:97 NJ:41 NM:476 NV:380 NY:10 OH:137 OK:285 PA:107 SC:107 TN:146 TX:1014 UT:302 VA:157 WV:68 WY:11
[8250/13462] swept=8250 skipped=0 elapsed=37.4m eta=23.6m | AL:241 AR:237 AZ:499 CA:687 CO:512 CT:5 DE:21 FL:257 GA:234 IA:87 IL:224 IN:154 KS:411 KY:185 LA:224 MD:63 MO:264 MS:163 NC:264 NE:129 NJ:47 NM:476 NV:403 NY:13 OH:171 OK:285 PA:150 SC:107 TN:146 TX:1014 UT:314 VA:157 WV:68 WY:38
[8500/13462] swept=8500 skipped=0 elapsed=38.6m eta=22.5m | AL:241 AR:237 AZ:499 CA:719 CO:512 CT:21 DE:21 FL:257 GA:234 IA:111 IL:235 IN:165 KS:411 KY:185 LA:224 MA:11 MD:63 MI:6 MO:264 MS:163 NC:264 NE:161 NJ:50 NM:476 NV:426 NY:21 OH:181 OK:285 PA:171 RI:3 SC:107 TN:146 TX:1014 UT:326 VA:157 WV:68 WY:65
[8750/13462] swept=8750 skipped=0 elapsed=39.7m eta=21.4m | AL:241 AR:237 AZ:499 CA:732 CO:512 CT:29 DE:21 FL:257 GA:234 IA:136 ID:48 IL:245 IN:174 KS:411 KY:185 LA:224 MA:17 MD:63 MI:13 MO:264 MS:163 NC:264 NE:193 NJ:50 NM:476 NV:436 NY:45 OH:185 OK:285 OR:20 PA:174 RI:4 SC:107 TN:146 TX:1014 UT:328 VA:157 WV:68 WY:93
[9000/13462] swept=9000 skipped=0 elapsed=40.8m eta=20.2m | AL:241 AR:237 AZ:499 CA:732 CO:512 CT:36 DE:21 FL:257 GA:234 IA:162 ID:73 IL:255 IN:174 KS:411 KY:185 LA:224 MA:24 MD:63 MI:27 MO:264 MS:163 NC:264 NE:245 NJ:50 NM:476 NV:436 NY:70 OH:185 OK:285 OR:49 PA:176 RI:4 SC:107 TN:146 TX:1014 UT:328 VA:157 WV:68 WY:146
[9250/13462] swept=9250 skipped=0 elapsed=42.0m eta=19.1m | AL:241 AR:237 AZ:499 CA:732 CO:512 CT:36 DE:21 FL:257 GA:234 IA:212 ID:98 IL:270 IN:174 KS:411 KY:185 LA:224 MA:35 MD:63 MI:48 MO:264 MS:163 NC:264 NE:285 NJ:50 NM:476 NV:436 NY:96 OH:185 OK:285 OR:78 PA:176 RI:4 SC:107 TN:146 TX:1014 UT:328 VA:157 WI:6 WV:68 WY:173
[9500/13462] swept=9500 skipped=0 elapsed=43.2m eta=18.0m | AL:241 AR:237 AZ:499 CA:732 CO:512 CT:36 DE:21 FL:257 GA:234 IA:235 ID:123 IL:270 IN:174 KS:411 KY:185 LA:224 MA:49 MD:63 MI:71 MO:264 MS:163 NC:264 NE:315 NH:6 NJ:50 NM:476 NV:436 NY:143 OH:185 OK:285 OR:118 PA:176 RI:4 SC:107 TN:146 TX:1014 UT:328 VA:157 VT:2 WI:19 WV:68 WY:200
[9750/13462] swept=9750 skipped=0 elapsed=44.4m eta=16.9m | AL:241 AR:237 AZ:499 CA:732 CO:512 CT:36 DE:21 FL:257 GA:234 IA:258 ID:173 IL:270 IN:174 KS:411 KY:185 LA:224 MA:49 MD:63 ME:2 MI:88 MO:264 MS:163 NC:264 NE:321 NH:12 NJ:50 NM:476 NV:436 NY:166 OH:185 OK:285 OR:165 PA:176 RI:4 SC:107 SD:24 TN:146 TX:1014 UT:328 VA:157 VT:5 WI:32 WV:68 WY:236
[10000/13462] swept=10000 skipped=0 elapsed=45.7m eta=15.8m | AL:241 AR:237 AZ:499 CA:732 CO:512 CT:36 DE:21 FL:257 GA:234 IA:285 ID:198 IL:270 IN:174 KS:411 KY:185 LA:224 MA:49 MD:63 ME:5 MI:104 MN:1 MO:264 MS:163 NC:264 NE:321 NH:18 NJ:50 NM:476 NV:436 NY:190 OH:185 OK:285 OR:193 PA:176 RI:4 SC:107 SD:84 TN:146 TX:1014 UT:328 VA:157 VT:7 WI:45 WV:68 WY:281
[10250/13462] swept=10250 skipped=0 elapsed=47.0m eta=14.7m | AL:241 AR:237 AZ:499 CA:732 CO:512 CT:36 DE:21 FL:257 GA:234 IA:299 ID:223 IL:270 IN:174 KS:411 KY:185 LA:224 MA:49 MD:63 ME:9 MI:137 MN:27 MO:264 MS:163 NC:264 NE:321 NH:24 NJ:50 NM:476 NV:436 NY:216 OH:185 OK:285 OR:221 PA:176 RI:4 SC:107 SD:115 TN:146 TX:1014 UT:328 VA:157 VT:9 WI:73 WV:68 WY:308
[10500/13462] swept=10500 skipped=0 elapsed=48.2m eta=13.6m | AL:241 AR:237 AZ:499 CA:732 CO:512 CT:36 DE:21 FL:257 GA:234 IA:299 ID:259 IL:270 IN:174 KS:411 KY:185 LA:224 MA:49 MD:63 ME:27 MI:152 MN:48 MO:264 MS:163 NC:264 NE:321 NH:33 NJ:50 NM:476 NV:436 NY:230 OH:185 OK:285 OR:277 PA:176 RI:4 SC:107 SD:146 TN:146 TX:1014 UT:328 VA:157 VT:17 WI:88 WV:68 WY:335
[10750/13462] swept=10750 skipped=0 elapsed=49.4m eta=12.5m | AL:241 AR:237 AZ:499 CA:732 CO:512 CT:36 DE:21 FL:257 GA:234 IA:299 ID:297 IL:270 IN:174 KS:411 KY:185 LA:224 MA:49 MD:63 ME:41 MI:165 MN:67 MO:264 MS:163 MT:1 NC:264 NE:321 NH:37 NJ:50 NM:476 NV:436 NY:241 OH:185 OK:285 OR:305 PA:176 RI:4 SC:107 SD:192 TN:146 TX:1014 UT:328 VA:157 VT:21 WI:106 WV:68 WY:389
[11000/13462] swept=11000 skipped=0 elapsed=50.6m eta=11.3m | AL:241 AR:237 AZ:499 CA:732 CO:512 CT:36 DE:21 FL:257 GA:234 IA:299 ID:315 IL:270 IN:174 KS:411 KY:185 LA:224 MA:49 MD:63 ME:58 MI:178 MN:99 MO:264 MS:163 MT:27 NC:264 NE:321 NH:39 NJ:50 NM:476 NV:436 NY:251 OH:185 OK:285 OR:333 PA:176 RI:4 SC:107 SD:238 TN:146 TX:1014 UT:328 VA:157 VT:27 WI:149 WV:68 WY:398
[11250/13462] swept=11250 skipped=0 elapsed=51.7m eta=10.2m | AL:241 AR:237 AZ:499 CA:732 CO:512 CT:36 DE:21 FL:257 GA:234 IA:299 ID:330 IL:270 IN:174 KS:411 KY:185 LA:224 MA:49 MD:63 ME:92 MI:204 MN:115 MO:264 MS:163 MT:64 NC:264 NE:321 NH:42 NJ:50 NM:476 NV:436 NY:259 OH:185 OK:285 OR:387 PA:176 RI:4 SC:107 SD:268 TN:146 TX:1014 UT:328 VA:157 VT:33 WI:170 WV:68 WY:398
[11500/13462] swept=11500 skipped=0 elapsed=52.8m eta=9.0m | AL:241 AR:237 AZ:499 CA:732 CO:512 CT:36 DE:21 FL:257 GA:234 IA:299 ID:355 IL:270 IN:174 KS:411 KY:185 LA:224 MA:49 MD:63 ME:105 MI:216 MN:133 MO:264 MS:163 MT:141 NC:264 NE:321 NH:42 NJ:50 NM:476 NV:436 NY:259 OH:185 OK:285 OR:419 PA:176 RI:4 SC:107 SD:321 TN:146 TX:1014 UT:328 VA:157 VT:33 WI:190 WV:68 WY:398
[11750/13462] swept=11750 skipped=0 elapsed=53.9m eta=7.8m | AL:241 AR:237 AZ:499 CA:732 CO:512 CT:36 DE:21 FL:257 GA:234 IA:299 ID:366 IL:270 IN:174 KS:411 KY:185 LA:224 MA:49 MD:63 ME:126 MI:251 MN:169 MO:264 MS:163 MT:182 NC:264 ND:29 NE:321 NH:42 NJ:50 NM:476 NV:436 NY:259 OH:185 OK:285 OR:442 PA:176 RI:4 SC:107 SD:324 TN:146 TX:1014 UT:328 VA:157 VT:33 WA:19 WI:222 WV:68 WY:398
[12000/13462] swept=12000 skipped=0 elapsed=54.9m eta=6.7m | AL:241 AR:237 AZ:499 CA:732 CO:512 CT:36 DE:21 FL:257 GA:234 IA:299 ID:389 IL:270 IN:174 KS:411 KY:185 LA:224 MA:49 MD:63 ME:136 MI:274 MN:187 MO:264 MS:163 MT:264 NC:264 ND:71 NE:321 NH:42 NJ:50 NM:476 NV:436 NY:259 OH:185 OK:285 OR:449 PA:176 RI:4 SC:107 SD:324 TN:146 TX:1014 UT:328 VA:157 VT:33 WA:54 WI:232 WV:68 WY:398
[12250/13462] swept=12250 skipped=0 elapsed=56.1m eta=5.5m | AL:241 AR:237 AZ:499 CA:732 CO:512 CT:36 DE:21 FL:257 GA:234 IA:299 ID:401 IL:270 IN:174 KS:411 KY:185 LA:224 MA:49 MD:63 ME:155 MI:321 MN:225 MO:264 MS:163 MT:305 NC:264 ND:115 NE:321 NH:42 NJ:50 NM:476 NV:436 NY:259 OH:185 OK:285 OR:449 PA:176 RI:4 SC:107 SD:324 TN:146 TX:1014 UT:328 VA:157 VT:33 WA:89 WI:246 WV:68 WY:398
[12500/13462] swept=12500 skipped=0 elapsed=57.3m eta=4.4m | AL:241 AR:237 AZ:499 CA:732 CO:512 CT:36 DE:21 FL:257 GA:234 IA:299 ID:420 IL:270 IN:174 KS:411 KY:185 LA:224 MA:49 MD:63 ME:163 MI:333 MN:247 MO:264 MS:163 MT:392 NC:264 ND:163 NE:321 NH:42 NJ:50 NM:476 NV:436 NY:259 OH:185 OK:285 OR:449 PA:176 RI:4 SC:107 SD:324 TN:146 TX:1014 UT:328 VA:157 VT:33 WA:138 WI:251 WV:68 WY:398
[12750/13462] swept=12750 skipped=0 elapsed=58.4m eta=3.3m | AL:241 AR:237 AZ:499 CA:732 CO:512 CT:36 DE:21 FL:257 GA:234 IA:299 ID:435 IL:270 IN:174 KS:411 KY:185 LA:224 MA:49 MD:63 ME:170 MI:343 MN:295 MO:264 MS:163 MT:467 NC:264 ND:199 NE:321 NH:42 NJ:50 NM:476 NV:436 NY:259 OH:185 OK:285 OR:449 PA:176 RI:4 SC:107 SD:324 TN:146 TX:1014 UT:328 VA:157 VT:33 WA:196 WI:252 WV:68 WY:398
[13000/13462] swept=13000 skipped=0 elapsed=59.6m eta=2.1m | AL:241 AR:237 AZ:499 CA:732 CO:512 CT:36 DE:21 FL:257 GA:234 IA:299 ID:445 IL:270 IN:174 KS:411 KY:185 LA:224 MA:49 MD:63 ME:170 MI:347 MN:353 MO:264 MS:163 MT:530 NC:264 ND:254 NE:321 NH:42 NJ:50 NM:476 NV:436 NY:259 OH:185 OK:285 OR:449 PA:176 RI:4 SC:107 SD:324 TN:146 TX:1014 UT:328 VA:157 VT:33 WA:256 WI:252 WV:68 WY:398
[13250/13462] swept=13250 skipped=0 elapsed=60.8m eta=1.0m | AL:241 AR:237 AZ:499 CA:732 CO:512 CT:36 DE:21 FL:257 GA:234 IA:299 ID:451 IL:270 IN:174 KS:411 KY:185 LA:224 MA:49 MD:63 ME:170 MI:350 MN:397 MO:264 MS:163 MT:626 NC:264 ND:308 NE:321 NH:42 NJ:50 NM:476 NV:436 NY:259 OH:185 OK:285 OR:449 PA:176 RI:4 SC:107 SD:324 TN:146 TX:1014 UT:328 VA:157 VT:33 WA:303 WI:252 WV:68 WY:398
[13462/13462] swept=13462 skipped=0 elapsed=61.7m eta=0.0m | AL:241 AR:237 AZ:499 CA:732 CO:512 CT:36 DE:21 FL:257 GA:234 IA:299 ID:461 IL:270 IN:174 KS:411 KY:185 LA:224 MA:49 MD:63 ME:170 MI:350 MN:423 MO:264 MS:163 MT:722 NC:264 ND:362 NE:321 NH:42 NJ:50 NM:476 NV:436 NY:259 OH:185 OK:285 OR:449 PA:176 RI:4 SC:107 SD:324 TN:146 TX:1014 UT:328 VA:157 VT:33 WA:329 WI:252 WV:68 WY:398

done in 61.8 min: 13462 grids, 13462 swept, 0 already done, 0 skipped
per state (grids / swept / skipped):
  AL    241   241     0
  AR    237   237     0
  AZ    499   499     0
  CA    732   732     0
  CO    512   512     0
  CT     36    36     0
  DE     21    21     0
  FL    257   257     0
  GA    234   234     0
  IA    299   299     0
  ID    461   461     0
  IL    270   270     0
  IN    174   174     0
  KS    411   411     0
  KY    185   185     0
  LA    224   224     0
  MA     49    49     0
  MD     63    63     0
  ME    170   170     0
  MI    350   350     0
  MN    423   423     0
  MO    264   264     0
  MS    163   163     0
  MT    722   722     0
  NC    264   264     0
  ND    362   362     0
  NE    321   321     0
  NH     42    42     0
  NJ     50    50     0
  NM    476   476     0
  NV    436   436     0
  NY    259   259     0
  OH    185   185     0
  OK    285   285     0
  OR    449   449     0
  PA    176   176     0
  RI      4     4     0
  SC    107   107     0
  SD    324   324     0
  TN    146   146     0
  TX   1014  1014     0
  UT    328   328     0
  VA    157   157     0
  VT     33    33     0
  WA    329   329     0
  WI    252   252     0
  WV     68    68     0
  WY    398   398     0
2026-08-06 21:14:36 done  Haying-Irrigated @ 0.85 — prf_opt_best now 181263 rows
2026-08-06 21:14:38 sweep Haying-Irrigated @ 0.90  (have 0 of 13462 rated grids)
CONUS Haying-Irrigated: 13462 PRF grids from prf_grid_county
13462 to score, 0 already in prf_opt_best; estimated 157 min at 0.7 s/grid (~26 min with jobs=6)
[250/13462] swept=250 skipped=0 elapsed=1.4m eta=74.5m | FL:127 TX:123
[500/13462] swept=500 skipped=0 elapsed=2.7m eta=70.4m | FL:174 LA:51 TX:275
[750/13462] swept=750 skipped=0 elapsed=3.8m eta=64.9m | AL:5 FL:228 LA:105 MS:6 TX:406
[1000/13462] swept=1000 skipped=0 elapsed=4.9m eta=60.8m | AL:38 AZ:9 FL:257 GA:25 LA:135 MS:20 NM:3 TX:513
[1250/13462] swept=1250 skipped=0 elapsed=6.1m eta=59.2m | AL:66 AZ:36 FL:257 GA:57 LA:156 MS:42 NM:16 TX:620
[1500/13462] swept=1500 skipped=0 elapsed=7.3m eta=58.4m | AL:95 AZ:76 FL:257 GA:90 LA:183 MS:61 NM:54 SC:1 TX:683
[1750/13462] swept=1750 skipped=0 elapsed=8.4m eta=56.0m | AL:125 AZ:108 CA:18 FL:257 GA:105 LA:211 MS:79 NM:88 SC:6 TX:753
[2000/13462] swept=2000 skipped=0 elapsed=9.5m eta=54.6m | AL:139 AR:6 AZ:145 CA:30 FL:257 GA:135 LA:224 MS:89 NM:136 SC:16 TX:823
[2250/13462] swept=2250 skipped=0 elapsed=10.6m eta=52.6m | AL:166 AR:26 AZ:191 CA:59 FL:257 GA:164 LA:224 MS:109 NM:160 SC:36 TX:858
[2500/13462] swept=2500 skipped=0 elapsed=11.6m eta=50.9m | AL:180 AR:55 AZ:214 CA:80 FL:257 GA:178 LA:224 MS:129 NC:1 NM:208 OK:20 SC:48 TX:906
[2750/13462] swept=2750 skipped=0 elapsed=12.7m eta=49.5m | AL:203 AR:70 AZ:256 CA:123 FL:257 GA:202 LA:224 MS:139 NC:10 NM:232 OK:39 SC:74 TX:921
[3000/13462] swept=3000 skipped=0 elapsed=13.9m eta=48.4m | AL:215 AR:103 AZ:281 CA:147 FL:257 GA:213 LA:224 MS:148 NC:18 NM:280 OK:84 SC:86 TX:944
[3250/13462] swept=3250 skipped=0 elapsed=15.2m eta=47.8m | AL:237 AR:121 AZ:304 CA:196 FL:257 GA:233 LA:224 MS:163 NC:42 NM:304 OK:107 SC:107 TX:955
[3500/13462] swept=3500 skipped=0 elapsed=16.4m eta=46.6m | AL:241 AR:139 AZ:350 CA:221 FL:257 GA:234 LA:224 MS:163 NC:83 NM:352 OK:134 SC:107 TN:18 TX:977
[3750/13462] swept=3750 skipped=0 elapsed=17.4m eta=45.2m | AL:241 AR:176 AZ:373 CA:252 FL:257 GA:234 LA:224 MS:163 NC:119 NM:376 NV:2 OK:176 SC:107 TN:62 TX:988
[4000/13462] swept=4000 skipped=0 elapsed=18.6m eta=44.1m | AL:241 AR:197 AZ:405 CA:294 FL:257 GA:234 LA:224 MS:163 NC:185 NM:400 NV:8 OK:198 SC:107 TN:88 TX:999
[4250/13462] swept=4250 skipped=0 elapsed=19.8m eta=43.0m | AL:241 AR:218 AZ:441 CA:318 FL:257 GA:234 LA:224 MS:163 NC:215 NM:448 NV:15 OK:241 SC:107 TN:114 TX:1014
[4500/13462] swept=4500 skipped=0 elapsed=21.0m eta=41.8m | AL:241 AR:237 AZ:462 CA:356 FL:257 GA:234 KY:25 LA:224 MO:21 MS:163 NC:240 NM:472 NV:24 OK:282 SC:107 TN:141 TX:1014
[4750/13462] swept=4750 skipped=0 elapsed=22.0m eta=40.4m | AL:241 AR:237 AZ:495 CA:384 CO:24 FL:257 GA:234 IL:2 KS:27 KY:56 LA:224 MO:41 MS:163 NC:264 NM:476 NV:45 OK:285 SC:107 TN:146 TX:1014 VA:28
[5000/13462] swept=5000 skipped=0 elapsed=23.2m eta=39.3m | AL:241 AR:237 AZ:499 CA:404 CO:82 FL:257 GA:234 IL:7 KS:84 KY:80 LA:224 MO:61 MS:163 NC:264 NM:476 NV:59 OK:285 SC:107 TN:146 TX:1014 UT:23 VA:53
[5250/13462] swept=5250 skipped=0 elapsed=24.4m eta=38.2m | AL:241 AR:237 AZ:499 CA:433 CO:111 FL:257 GA:234 IL:21 KS:117 KY:129 LA:224 MO:99 MS:163 NC:264 NM:476 NV:74 OK:285 SC:107 TN:146 TX:1014 UT:42 VA:77
[5500/13462] swept=5500 skipped=0 elapsed=25.5m eta=36.9m | AL:241 AR:237 AZ:499 CA:460 CO:140 FL:257 GA:234 IL:30 IN:8 KS:147 KY:144 LA:224 MD:2 MO:116 MS:163 NC:264 NM:476 NV:108 OK:285 SC:107 TN:146 TX:1014 UT:72 VA:114 WV:12
[5750/13462] swept=5750 skipped=0 elapsed=26.5m eta=35.6m | AL:241 AR:237 AZ:499 CA:478 CO:198 FL:257 GA:234 IL:41 IN:16 KS:198 KY:157 LA:224 MD:9 MO:132 MS:163 NC:264 NM:476 NV:127 OK:285 SC:107 TN:146 TX:1014 UT:99 VA:126 WV:22
[6000/13462] swept=6000 skipped=0 elapsed=27.6m eta=34.3m | AL:241 AR:237 AZ:499 CA:495 CO:227 DE:3 FL:257 GA:234 IL:66 IN:34 KS:237 KY:177 LA:224 MD:16 MO:164 MS:163 NC:264 NM:476 NV:148 OH:1 OK:285 SC:107 TN:146 TX:1014 UT:118 VA:136 WV:31
[6250/13462] swept=6250 skipped=0 elapsed=28.7m eta=33.1m | AL:241 AR:237 AZ:499 CA:527 CO:256 DE:9 FL:257 GA:234 IL:80 IN:44 KS:267 KY:183 LA:224 MD:30 MO:179 MS:163 NC:264 NJ:1 NM:476 NV:178 OH:10 OK:285 SC:107 TN:146 TX:1014 UT:137 VA:151 WV:51
[6500/13462] swept=6500 skipped=0 elapsed=29.7m eta=31.8m | AL:241 AR:237 AZ:499 CA:543 CO:302 DE:12 FL:257 GA:234 IL:93 IN:55 KS:297 KY:185 LA:224 MD:38 MO:194 MS:163 NC:264 NJ:4 NM:476 NV:218 OH:21 OK:285 SC:107 TN:146 TX:1014 UT:175 VA:155 WV:61
[6750/13462] swept=6750 skipped=0 elapsed=30.9m eta=30.7m | AL:241 AR:237 AZ:499 CA:559 CO:343 DE:15 FL:257 GA:234 IL:108 IN:66 KS:355 KY:185 LA:224 MD:49 MO:218 MS:163 NC:264 NJ:8 NM:476 NV:242 OH:36 OK:285 SC:107 TN:146 TX:1014 UT:194 VA:157 WV:68
[7000/13462] swept=7000 skipped=0 elapsed=31.9m eta=29.5m | AL:241 AR:237 AZ:499 CA:584 CO:372 DE:18 FL:257 GA:234 IL:140 IN:88 KS:384 KY:185 LA:224 MD:63 MO:234 MS:163 NC:264 NJ:13 NM:476 NV:265 OH:64 OK:285 PA:5 SC:107 TN:146 TX:1014 UT:213 VA:157 WV:68
[7250/13462] swept=7250 skipped=0 elapsed=33.0m eta=28.3m | AL:241 AR:237 AZ:499 CA:614 CO:401 DE:21 FL:257 GA:234 IL:157 IN:99 KS:411 KY:185 LA:224 MD:63 MO:248 MS:163 NC:264 NJ:24 NM:476 NV:293 OH:86 OK:285 PA:44 SC:107 TN:146 TX:1014 UT:232 VA:157 WV:68
[7500/13462] swept=7500 skipped=0 elapsed=34.1m eta=27.1m | AL:241 AR:237 AZ:499 CA:633 CO:440 DE:21 FL:257 GA:234 IA:2 IL:172 IN:110 KS:411 KY:185 LA:224 MD:63 MO:264 MS:163 NC:264 NE:25 NJ:30 NM:476 NV:334 OH:103 OK:285 PA:65 SC:107 TN:146 TX:1014 UT:270 VA:157 WV:68
[7750/13462] swept=7750 skipped=0 elapsed=35.1m eta=25.9m | AL:241 AR:237 AZ:499 CA:651 CO:488 DE:21 FL:257 GA:234 IA:24 IL:186 IN:121 KS:411 KY:185 LA:224 MD:63 MO:264 MS:163 NC:264 NE:73 NJ:35 NM:476 NV:357 NY:4 OH:120 OK:285 PA:86 SC:107 TN:146 TX:1014 UT:289 VA:157 WV:68
[8000/13462] swept=8000 skipped=0 elapsed=36.1m eta=24.7m | AL:241 AR:237 AZ:499 CA:669 CO:512 CT:1 DE:21 FL:257 GA:234 IA:64 IL:212 IN:141 KS:411 KY:185 LA:224 MD:63 MO:264 MS:163 NC:264 NE:97 NJ:41 NM:476 NV:380 NY:10 OH:137 OK:285 PA:107 SC:107 TN:146 TX:1014 UT:302 VA:157 WV:68 WY:11
[8250/13462] swept=8250 skipped=0 elapsed=37.3m eta=23.5m | AL:241 AR:237 AZ:499 CA:687 CO:512 CT:5 DE:21 FL:257 GA:234 IA:87 IL:224 IN:154 KS:411 KY:185 LA:224 MD:63 MO:264 MS:163 NC:264 NE:129 NJ:47 NM:476 NV:403 NY:13 OH:171 OK:285 PA:150 SC:107 TN:146 TX:1014 UT:314 VA:157 WV:68 WY:38
[8500/13462] swept=8500 skipped=0 elapsed=38.5m eta=22.5m | AL:241 AR:237 AZ:499 CA:719 CO:512 CT:21 DE:21 FL:257 GA:234 IA:111 IL:235 IN:165 KS:411 KY:185 LA:224 MA:11 MD:63 MI:6 MO:264 MS:163 NC:264 NE:161 NJ:50 NM:476 NV:426 NY:21 OH:181 OK:285 PA:171 RI:3 SC:107 TN:146 TX:1014 UT:326 VA:157 WV:68 WY:65
[8750/13462] swept=8750 skipped=0 elapsed=39.5m eta=21.3m | AL:241 AR:237 AZ:499 CA:732 CO:512 CT:29 DE:21 FL:257 GA:234 IA:136 ID:48 IL:245 IN:174 KS:411 KY:185 LA:224 MA:17 MD:63 MI:13 MO:264 MS:163 NC:264 NE:193 NJ:50 NM:476 NV:436 NY:45 OH:185 OK:285 OR:20 PA:174 RI:4 SC:107 TN:146 TX:1014 UT:328 VA:157 WV:68 WY:93
[9000/13462] swept=9000 skipped=0 elapsed=40.6m eta=20.1m | AL:241 AR:237 AZ:499 CA:732 CO:512 CT:36 DE:21 FL:257 GA:234 IA:162 ID:73 IL:255 IN:174 KS:411 KY:185 LA:224 MA:24 MD:63 MI:27 MO:264 MS:163 NC:264 NE:245 NJ:50 NM:476 NV:436 NY:70 OH:185 OK:285 OR:49 PA:176 RI:4 SC:107 TN:146 TX:1014 UT:328 VA:157 WV:68 WY:146
[9250/13462] swept=9250 skipped=0 elapsed=41.7m eta=19.0m | AL:241 AR:237 AZ:499 CA:732 CO:512 CT:36 DE:21 FL:257 GA:234 IA:212 ID:98 IL:270 IN:174 KS:411 KY:185 LA:224 MA:35 MD:63 MI:48 MO:264 MS:163 NC:264 NE:285 NJ:50 NM:476 NV:436 NY:96 OH:185 OK:285 OR:78 PA:176 RI:4 SC:107 TN:146 TX:1014 UT:328 VA:157 WI:6 WV:68 WY:173
[9500/13462] swept=9500 skipped=0 elapsed=42.7m eta=17.8m | AL:241 AR:237 AZ:499 CA:732 CO:512 CT:36 DE:21 FL:257 GA:234 IA:235 ID:123 IL:270 IN:174 KS:411 KY:185 LA:224 MA:49 MD:63 MI:71 MO:264 MS:163 NC:264 NE:315 NH:6 NJ:50 NM:476 NV:436 NY:143 OH:185 OK:285 OR:118 PA:176 RI:4 SC:107 TN:146 TX:1014 UT:328 VA:157 VT:2 WI:19 WV:68 WY:200
[9750/13462] swept=9750 skipped=0 elapsed=43.9m eta=16.7m | AL:241 AR:237 AZ:499 CA:732 CO:512 CT:36 DE:21 FL:257 GA:234 IA:258 ID:173 IL:270 IN:174 KS:411 KY:185 LA:224 MA:49 MD:63 ME:2 MI:88 MO:264 MS:163 NC:264 NE:321 NH:12 NJ:50 NM:476 NV:436 NY:166 OH:185 OK:285 OR:165 PA:176 RI:4 SC:107 SD:24 TN:146 TX:1014 UT:328 VA:157 VT:5 WI:32 WV:68 WY:236
[10000/13462] swept=10000 skipped=0 elapsed=45.1m eta=15.6m | AL:241 AR:237 AZ:499 CA:732 CO:512 CT:36 DE:21 FL:257 GA:234 IA:285 ID:198 IL:270 IN:174 KS:411 KY:185 LA:224 MA:49 MD:63 ME:5 MI:104 MN:1 MO:264 MS:163 NC:264 NE:321 NH:18 NJ:50 NM:476 NV:436 NY:190 OH:185 OK:285 OR:193 PA:176 RI:4 SC:107 SD:84 TN:146 TX:1014 UT:328 VA:157 VT:7 WI:45 WV:68 WY:281
[10250/13462] swept=10250 skipped=0 elapsed=46.4m eta=14.5m | AL:241 AR:237 AZ:499 CA:732 CO:512 CT:36 DE:21 FL:257 GA:234 IA:299 ID:223 IL:270 IN:174 KS:411 KY:185 LA:224 MA:49 MD:63 ME:9 MI:137 MN:27 MO:264 MS:163 NC:264 NE:321 NH:24 NJ:50 NM:476 NV:436 NY:216 OH:185 OK:285 OR:221 PA:176 RI:4 SC:107 SD:115 TN:146 TX:1014 UT:328 VA:157 VT:9 WI:73 WV:68 WY:308
[10500/13462] swept=10500 skipped=0 elapsed=47.5m eta=13.4m | AL:241 AR:237 AZ:499 CA:732 CO:512 CT:36 DE:21 FL:257 GA:234 IA:299 ID:259 IL:270 IN:174 KS:411 KY:185 LA:224 MA:49 MD:63 ME:27 MI:152 MN:48 MO:264 MS:163 NC:264 NE:321 NH:33 NJ:50 NM:476 NV:436 NY:230 OH:185 OK:285 OR:277 PA:176 RI:4 SC:107 SD:146 TN:146 TX:1014 UT:328 VA:157 VT:17 WI:88 WV:68 WY:335
[10750/13462] swept=10750 skipped=0 elapsed=48.7m eta=12.3m | AL:241 AR:237 AZ:499 CA:732 CO:512 CT:36 DE:21 FL:257 GA:234 IA:299 ID:297 IL:270 IN:174 KS:411 KY:185 LA:224 MA:49 MD:63 ME:41 MI:165 MN:67 MO:264 MS:163 MT:1 NC:264 NE:321 NH:37 NJ:50 NM:476 NV:436 NY:241 OH:185 OK:285 OR:305 PA:176 RI:4 SC:107 SD:192 TN:146 TX:1014 UT:328 VA:157 VT:21 WI:106 WV:68 WY:389
[11000/13462] swept=11000 skipped=0 elapsed=50.0m eta=11.2m | AL:241 AR:237 AZ:499 CA:732 CO:512 CT:36 DE:21 FL:257 GA:234 IA:299 ID:315 IL:270 IN:174 KS:411 KY:185 LA:224 MA:49 MD:63 ME:58 MI:178 MN:99 MO:264 MS:163 MT:27 NC:264 NE:321 NH:39 NJ:50 NM:476 NV:436 NY:251 OH:185 OK:285 OR:333 PA:176 RI:4 SC:107 SD:238 TN:146 TX:1014 UT:328 VA:157 VT:27 WI:149 WV:68 WY:398
[11250/13462] swept=11250 skipped=0 elapsed=51.2m eta=10.1m | AL:241 AR:237 AZ:499 CA:732 CO:512 CT:36 DE:21 FL:257 GA:234 IA:299 ID:330 IL:270 IN:174 KS:411 KY:185 LA:224 MA:49 MD:63 ME:92 MI:204 MN:115 MO:264 MS:163 MT:64 NC:264 NE:321 NH:42 NJ:50 NM:476 NV:436 NY:259 OH:185 OK:285 OR:387 PA:176 RI:4 SC:107 SD:268 TN:146 TX:1014 UT:328 VA:157 VT:33 WI:170 WV:68 WY:398
[11500/13462] swept=11500 skipped=0 elapsed=52.4m eta=8.9m | AL:241 AR:237 AZ:499 CA:732 CO:512 CT:36 DE:21 FL:257 GA:234 IA:299 ID:355 IL:270 IN:174 KS:411 KY:185 LA:224 MA:49 MD:63 ME:105 MI:216 MN:133 MO:264 MS:163 MT:141 NC:264 NE:321 NH:42 NJ:50 NM:476 NV:436 NY:259 OH:185 OK:285 OR:419 PA:176 RI:4 SC:107 SD:321 TN:146 TX:1014 UT:328 VA:157 VT:33 WI:190 WV:68 WY:398
[11750/13462] swept=11750 skipped=0 elapsed=53.6m eta=7.8m | AL:241 AR:237 AZ:499 CA:732 CO:512 CT:36 DE:21 FL:257 GA:234 IA:299 ID:366 IL:270 IN:174 KS:411 KY:185 LA:224 MA:49 MD:63 ME:126 MI:251 MN:169 MO:264 MS:163 MT:182 NC:264 ND:29 NE:321 NH:42 NJ:50 NM:476 NV:436 NY:259 OH:185 OK:285 OR:442 PA:176 RI:4 SC:107 SD:324 TN:146 TX:1014 UT:328 VA:157 VT:33 WA:19 WI:222 WV:68 WY:398
[12000/13462] swept=12000 skipped=0 elapsed=54.7m eta=6.7m | AL:241 AR:237 AZ:499 CA:732 CO:512 CT:36 DE:21 FL:257 GA:234 IA:299 ID:389 IL:270 IN:174 KS:411 KY:185 LA:224 MA:49 MD:63 ME:136 MI:274 MN:187 MO:264 MS:163 MT:264 NC:264 ND:71 NE:321 NH:42 NJ:50 NM:476 NV:436 NY:259 OH:185 OK:285 OR:449 PA:176 RI:4 SC:107 SD:324 TN:146 TX:1014 UT:328 VA:157 VT:33 WA:54 WI:232 WV:68 WY:398
[12250/13462] swept=12250 skipped=0 elapsed=56.1m eta=5.5m | AL:241 AR:237 AZ:499 CA:732 CO:512 CT:36 DE:21 FL:257 GA:234 IA:299 ID:401 IL:270 IN:174 KS:411 KY:185 LA:224 MA:49 MD:63 ME:155 MI:321 MN:225 MO:264 MS:163 MT:305 NC:264 ND:115 NE:321 NH:42 NJ:50 NM:476 NV:436 NY:259 OH:185 OK:285 OR:449 PA:176 RI:4 SC:107 SD:324 TN:146 TX:1014 UT:328 VA:157 VT:33 WA:89 WI:246 WV:68 WY:398
[12500/13462] swept=12500 skipped=0 elapsed=57.3m eta=4.4m | AL:241 AR:237 AZ:499 CA:732 CO:512 CT:36 DE:21 FL:257 GA:234 IA:299 ID:420 IL:270 IN:174 KS:411 KY:185 LA:224 MA:49 MD:63 ME:163 MI:333 MN:247 MO:264 MS:163 MT:392 NC:264 ND:163 NE:321 NH:42 NJ:50 NM:476 NV:436 NY:259 OH:185 OK:285 OR:449 PA:176 RI:4 SC:107 SD:324 TN:146 TX:1014 UT:328 VA:157 VT:33 WA:138 WI:251 WV:68 WY:398
[12750/13462] swept=12750 skipped=0 elapsed=58.5m eta=3.3m | AL:241 AR:237 AZ:499 CA:732 CO:512 CT:36 DE:21 FL:257 GA:234 IA:299 ID:435 IL:270 IN:174 KS:411 KY:185 LA:224 MA:49 MD:63 ME:170 MI:343 MN:295 MO:264 MS:163 MT:467 NC:264 ND:199 NE:321 NH:42 NJ:50 NM:476 NV:436 NY:259 OH:185 OK:285 OR:449 PA:176 RI:4 SC:107 SD:324 TN:146 TX:1014 UT:328 VA:157 VT:33 WA:196 WI:252 WV:68 WY:398
[13000/13462] swept=13000 skipped=0 elapsed=59.9m eta=2.1m | AL:241 AR:237 AZ:499 CA:732 CO:512 CT:36 DE:21 FL:257 GA:234 IA:299 ID:445 IL:270 IN:174 KS:411 KY:185 LA:224 MA:49 MD:63 ME:170 MI:347 MN:353 MO:264 MS:163 MT:530 NC:264 ND:254 NE:321 NH:42 NJ:50 NM:476 NV:436 NY:259 OH:185 OK:285 OR:449 PA:176 RI:4 SC:107 SD:324 TN:146 TX:1014 UT:328 VA:157 VT:33 WA:256 WI:252 WV:68 WY:398
[13250/13462] swept=13250 skipped=0 elapsed=61.3m eta=1.0m | AL:241 AR:237 AZ:499 CA:732 CO:512 CT:36 DE:21 FL:257 GA:234 IA:299 ID:451 IL:270 IN:174 KS:411 KY:185 LA:224 MA:49 MD:63 ME:170 MI:350 MN:397 MO:264 MS:163 MT:626 NC:264 ND:308 NE:321 NH:42 NJ:50 NM:476 NV:436 NY:259 OH:185 OK:285 OR:449 PA:176 RI:4 SC:107 SD:324 TN:146 TX:1014 UT:328 VA:157 VT:33 WA:303 WI:252 WV:68 WY:398
[13462/13462] swept=13462 skipped=0 elapsed=62.3m eta=0.0m | AL:241 AR:237 AZ:499 CA:732 CO:512 CT:36 DE:21 FL:257 GA:234 IA:299 ID:461 IL:270 IN:174 KS:411 KY:185 LA:224 MA:49 MD:63 ME:170 MI:350 MN:423 MO:264 MS:163 MT:722 NC:264 ND:362 NE:321 NH:42 NJ:50 NM:476 NV:436 NY:259 OH:185 OK:285 OR:449 PA:176 RI:4 SC:107 SD:324 TN:146 TX:1014 UT:328 VA:157 VT:33 WA:329 WI:252 WV:68 WY:398

done in 62.4 min: 13462 grids, 13462 swept, 0 already done, 0 skipped
per state (grids / swept / skipped):
  AL    241   241     0
  AR    237   237     0
  AZ    499   499     0
  CA    732   732     0
  CO    512   512     0
  CT     36    36     0
  DE     21    21     0
  FL    257   257     0
  GA    234   234     0
  IA    299   299     0
  ID    461   461     0
  IL    270   270     0
  IN    174   174     0
  KS    411   411     0
  KY    185   185     0
  LA    224   224     0
  MA     49    49     0
  MD     63    63     0
  ME    170   170     0
  MI    350   350     0
  MN    423   423     0
  MO    264   264     0
  MS    163   163     0
  MT    722   722     0
  NC    264   264     0
  ND    362   362     0
  NE    321   321     0
  NH     42    42     0
  NJ     50    50     0
  NM    476   476     0
  NV    436   436     0
  NY    259   259     0
  OH    185   185     0
  OK    285   285     0
  OR    449   449     0
  PA    176   176     0
  RI      4     4     0
  SC    107   107     0
  SD    324   324     0
  TN    146   146     0
  TX   1014  1014     0
  UT    328   328     0
  VA    157   157     0
  VT     33    33     0
  WA    329   329     0
  WI    252   252     0
  WV     68    68     0
  WY    398   398     0
2026-08-06 22:17:01 done  Haying-Irrigated @ 0.90 — prf_opt_best now 194725 rows
2026-08-06 22:17:01 === full matrix sweep complete: 194725 rows ===
